booking_id,passenger_token,flight_id,booking_ts,status,airline_key,route_key,flight_date_key,booking_date_key,flight_reference_status,passenger_reference_status,booking_exact_duplicate,booking_id_repeated,booking_id_normalization_collision,passenger_id_normalization_collision,flight_id_normalization_collision,status_missing,status_blank,status_unrecognized,booking_date_parse_issue,booking_after_departure,payment_record_count,usable_amount_count,unusable_amount_count,known_payment_amount,amount_coverage
B1000,569a4aa6fa66128cd54877775f82dd9030e6a7cc840232b2c85c2ef016fdd1f7,AI192,2025-06-14T11:37:36.951000,CANCELLED,1,27,20260420,20250614,accepted,existing-unique,0,0,0,0,0,0,0,0,0,0,0,0,0,,no payment record in this extract
B1001,e85d3ac7ebe9f625b0f6dfec97e7d8e55fb6b05adbf9d02edd4b2b18c215f6eb,6F026,2025-11-02T11:37:36.951000,CANCELLED,2,7,20260420,20251102,accepted,existing-unique,0,0,0,0,0,0,0,0,0,0,0,0,0,,no payment record in this extract
B1002,df27058b978438264a4f0a5261dfc2680643d29d8d844826ed57392a0d2f129f,SJ010,2025-08-25T11:37:36.951000,CANCELLED,3,15,20260420,20250825,accepted,existing-unique,0,0,0,0,0,0,0,0,0,0,2,2,0,8593.08,complete amount coverage
B1003,519b34d5c70cec10b6e58bd769e1c07740927e7516417618b8ef4e2f10b39ef2,AI069,2025-12-30T11:37:36.951000,CONFIRMED,0,17,20260420,20251230,accepted,existing-unique,0,0,0,0,0,0,0,0,0,0,0,0,0,,no payment record in this extract
B1004,09f08206ca9bfaf4337b635c1ba42c62c817e1595248c7a2a092362bb1b7b445,UK003,2025-10-02T11:37:36.951000,PENDING,0,24,20260420,20251002,accepted,existing-unique,0,0,0,0,0,0,0,0,0,0,1,1,0,12222.48,complete amount coverage
B1005,ee7f334c16fdde5bb2b98b3ce668cfcf476dd5e8743622704d9679a67aeacfc3,AI048,2025-08-31T11:37:36.951000,CONFIRMED,1,13,20260420,20250831,accepted,existing-unique,0,0,0,0,0,0,0,0,0,0,1,1,0,13378.90,complete amount coverage
B1006,ea586b1b9ba7dfbbdf579d4c31c90e4b01b07bec762ab017ea54be0fb6c0423f,AI140,2025-06-29T11:37:36.951000,CANCELLED,1,8,20260420,20250629,accepted,existing-unique,0,0,0,0,0,0,0,0,0,0,1,1,0,14980.37,complete amount coverage
B1007,7b10f8393cc58aae86dcfa37a3111d55ba34c0453b170e4934c87977cd21f541,UK167,2026-03-12T11:37:36.951000,CONFIRMED,4,20,20260420,20260312,accepted,existing-unique,0,0,0,0,0,0,0,0,0,0,0,0,0,,no payment record in this extract
B1008,5997f99370d6e91f986b24d77a4fcbea3866ec28b8d4a9be0a95b9528a746c84,AI245,2025-09-07T11:37:36.951000,PENDING,1,7,20260420,20250907,accepted,existing-unique,0,0,0,0,0,0,0,0,0,0,0,0,0,,no payment record in this extract
B1009,36101c3d61a55d1b8c1f90a8f818e66d5031097d3dc2c0e338d45b218e2077d9,SJ158,2025-04-28T11:37:36.951000,CANCELLED,3,19,20260420,20250428,accepted,existing-unique,0,0,0,0,0,0,0,0,0,0,0,0,0,,no payment record in this extract
B1010,8786516e278e2e3573635994d31755dc9b77e01aa1fab6342554ae9627cbf96e,AI155,2025-11-24T11:37:36.951000,CONFIRMED,1,7,20260420,20251124,accepted,existing-unique,0,0,0,0,0,0,0,0,0,0,1,0,1,,payment records but no usable amounts
B1011,64458f1a2ea0b368781e6d2a46dbbe9a3b44e86c61c2b1cba5e617e0d3f69c29,AI179,2025-10-25T11:37:36.951000,CONFIRMED,1,22,20260420,20251025,accepted,existing-unique,0,0,0,0,0,0,0,0,0,0,1,1,0,2115.18,complete amount coverage
B1012,743e93fd228f0bc7e75c6bcfbcf28a0c9445b993d7735a5effa5f6648a56484e,AI137,2025-08-15T11:37:36.951000,PENDING,1,8,20260420,20250815,accepted,existing-unique,0,0,0,0,0,0,0,0,0,0,4,3,1,23702.39,partial amount coverage
B1013,e3ba1c425c15aa0dff90e388b7dbf3153acd72b073eb589a1bde11d8aa17824d,SJ001,2025-07-20T11:37:36.951000,CONFIRMED,3,10,20260420,20250720,accepted,existing-unique,0,0,0,0,0,0,0,0,0,0,1,1,0,1176.33,complete amount coverage
B1014,d85f8afcbb70eb7a9f8c3ef3492438758c4ba72ca3a55addb1f6e065e9495d3d,SJ172,2025-09-15T11:37:36.951000,PENDING,3,13,20260420,20250915,accepted,existing-unique,0,0,0,0,0,0,0,0,0,0,0,0,0,,no payment record in this extract
B1015,b0a97c3ecb3440afcd443e3c1136e56d462d9ea95ede05942ad6f16a06aef12a,UK094,2025-10-21T11:37:36.951000,UNKNOWN,4,7,20260420,20251021,accepted,existing-unique,0,0,0,0,0,1,0,0,0,0,2,2,0,19609.66,complete amount coverage
B1016,d5ec00f8b2fde81c83c32fbe6321634e0d02efe0970d08140c88724f7c75fb82,UK027,2026-01-13T11:37:36.951000,CANCELLED,4,7,20260420,20260113,accepted,existing-unique,0,0,0,0,0,0,0,0,0,0,2,2,0,23800.77,complete amount coverage
B1017,42ac98273f57fe34c3c3fea43db1bf7fe7461fddeebdad1be12ea0a123a977b3,UK067,2026-04-04T11:37:36.951000,CONFIRMED,4,7,20260420,20260404,accepted,existing-unique,0,0,0,0,0,0,0,0,0,0,0,0,0,,no payment record in this extract
B1018,bb23dbbb43a27d3b60eed103a2f55cef1b0407939ac6d96057aedd862fd2fd84,6F196,2026-03-25T11:37:36.951000,CANCELLED,2,15,20260420,20260325,accepted,existing-unique,0,0,0,0,0,0,0,0,0,0,1,1,0,2588.63,complete amount coverage
B1019,0760ee1e1d54c8366925036a566dd9658183d6400d17adde3e15e5b7c1cf700b,6F164,2025-07-31T11:37:36.951000,CANCELLED,2,1,20260420,20250731,accepted,existing-unique,0,0,0,0,0,0,0,0,0,0,3,2,1,18621.00,partial amount coverage
B1020,ba2f0ed1e059e6ddbc8b85fd8008ac09ea6d5b467cf1f8cca347e79383c0fe6b,SJ112,2025-12-06T11:37:36.951000,CONFIRMED,3,24,20260420,20251206,accepted,existing-unique,0,0,0,0,0,0,0,0,0,0,1,1,0,8150.35,complete amount coverage
B1021,969c72a8e44594ea59a8e0ea6c3667d6de1f7fa11097aeb16b83cc51bbbfe0a9,6F190,2025-12-07T11:37:36.951000,CANCELLED,2,20,20260420,20251207,accepted,existing-unique,0,0,0,0,0,0,0,0,0,0,1,1,0,6949.93,complete amount coverage
B1022,3488eeb0cd8a0b02a645c31146f25de3a002df387a99021981dca073a01ef759,AI080,2026-03-25T11:37:36.951000,CONFIRMED,1,9,20260420,20260325,accepted,existing-unique,0,0,0,0,0,0,0,0,0,0,0,0,0,,no payment record in this extract
B1023,707db1486c2694b83a1720a6be639153d107ca55ce0902780209c5af710a067c,6F213,2026-02-03T11:37:36.951000,PENDING,2,1,20260420,20260203,accepted,existing-unique,0,0,0,0,0,0,0,0,0,0,1,1,0,13057.27,complete amount coverage
B1024,b5cf38628cdf5875ca897e42e1213dc9b1343926843b68e56c740d21d2c86548,AI115,2025-06-21T11:37:36.951000,PENDING,1,26,20260420,20250621,accepted,existing-unique,0,0,0,0,0,0,0,0,0,0,1,1,0,4857.79,complete amount coverage
B1025,d69286543d4c450cadb2a17d85395568b8e8b9797f11fc667532302009792660,SJ049,2026-03-18T11:37:36.951000,PENDING,3,13,20260420,20260318,accepted,existing-unique,0,0,0,0,0,0,0,0,0,0,3,3,0,36122.96,complete amount coverage
B1026,35c333d600c1e42be265df9ee583a11d0b7c3b00f25e80161667c07c005b702b,AI058,2025-06-27T11:37:36.951000,CONFIRMED,1,7,20260420,20250627,accepted,existing-unique,0,0,0,0,0,0,0,0,0,0,2,2,0,13204.36,complete amount coverage
B1027,f7bae2c3c9e0724332c41041cbc4c160337c147300c7a8a8ad62a83bb52af17f,UK036,2025-07-25T11:37:36.951000,CONFIRMED,4,11,20260420,20250725,accepted,existing-unique,0,0,0,0,0,0,0,0,0,0,1,1,0,7503.17,complete amount coverage
B1028,71780db26ef56f0e456cf7c9ede43cc59493fd928588c23a783479dabfaea510,SJ239,2025-05-25T11:37:36.951000,CANCELLED,3,7,20260420,20250525,accepted,existing-unique,0,0,0,0,0,0,0,0,0,0,0,0,0,,no payment record in this extract
B1029,17943c977830f563601f108f9e46ded58af0c2859cb97f6f427a7c12c6ef6b7f,6F025,2025-06-06T11:37:36.951000,CANCELLED,2,1,20260420,20250606,accepted,existing-unique,0,0,0,0,0,0,0,0,0,0,0,0,0,,no payment record in this extract
B1030,e2c6e2403be96f7e602e72cc59d2e769cd09468756222980842a161b1155198a,6F236,2026-03-18T11:37:36.951000,CANCELLED,2,8,20260420,20260318,accepted,existing-unique,0,0,0,0,0,0,0,0,0,0,0,0,0,,no payment record in this extract
B1031,ae31539f9f87dc5f7b61f34adf56c5d73d6c4a5884f45368941fbbfc22bf5421,AI060,2025-11-16T11:37:36.951000,CANCELLED,1,19,20260420,20251116,accepted,existing-unique,0,0,0,0,0,0,0,0,0,0,1,1,0,7056.42,complete amount coverage
B1032,2b3407912eb0c3f6f899f4963ebea27508a6d0c4ae04eb8a51cd884e6765dfa8,UK021,2025-09-03T11:37:36.951000,CANCELLED,4,25,20260420,20250903,accepted,existing-unique,0,0,0,0,0,0,0,0,0,0,0,0,0,,no payment record in this extract
B1033,ac793a3a7ba1f5ce0b86e3b814d36007ffc23af2e63240974237cdf776105e40,UK026,2025-05-06T11:37:36.951000,UNKNOWN,4,25,20260420,20250506,accepted,existing-unique,0,0,0,0,0,1,0,0,0,0,3,2,1,17076.39,partial amount coverage
B1034,3d87c264cad05574eb9850d44e121b61a8fa369f348aee434af0e251a030a090,SJ179,2025-12-31T11:37:36.951000,CONFIRMED,3,19,20260420,20251231,accepted,existing-unique,0,0,0,0,0,0,0,0,0,0,0,0,0,,no payment record in this extract
B1035,be9e15cc6ed77b88bdc12d4d3bce73400a2ed900270bd0cb63d85d9e157142a8,6F251,2025-08-21T11:37:36.951000,PENDING,0,16,20260420,20250821,accepted,existing-unique,0,0,0,0,0,0,0,0,0,0,0,0,0,,no payment record in this extract
B1036,c5ea3550182a423924072b4f98c7bfd21dc307bc4cdb4bacb6773f3545784b03,SJ149,2025-11-24T11:37:36.951000,PENDING,3,25,20260420,20251124,accepted,existing-unique,0,0,0,0,0,0,0,0,0,0,1,1,0,5144.89,complete amount coverage
B1037,9b2f30e1ec17d4a3c3a305738fcfe98b2a82a6cad65df4da865c6c5b157c0009,AI188,2026-03-20T11:37:36.951000,PENDING,1,14,20260420,20260320,accepted,existing-unique,0,0,0,0,0,0,0,0,0,0,0,0,0,,no payment record in this extract
B1038,082a2c9622e4e852364c76d451574a05189174182263e0d8eb73c172a3444aee,SJ093,2026-01-01T11:37:36.951000,PENDING,3,1,20260420,20260101,accepted,existing-unique,0,0,0,0,0,0,0,0,0,0,0,0,0,,no payment record in this extract
B1039,f5184d85d46aa37165fadd09897276becc67bc3f49e577d7669056799b879308,SJ205,2025-08-21T11:37:36.951000,CONFIRMED,3,23,20260420,20250821,accepted,existing-unique,0,0,0,0,0,0,0,0,0,0,3,3,0,24656.69,complete amount coverage
B1040,b32aae4eb57ae6ce01513e2980aa6dc30dfea8682ad7b144f8b2f2ca556b84c9,6F099,2025-08-08T11:37:36.951000,CONFIRMED,2,29,20260420,20250808,accepted,existing-unique,0,0,0,0,0,0,0,0,0,0,0,0,0,,no payment record in this extract
B1041,8812cb814420cf0694f8321ac050ba99c8d8b8ef34c22103666fcfe1e03bcac6,UK176,2025-05-28T11:37:36.951000,CONFIRMED,4,21,20260420,20250528,accepted,existing-unique,0,0,0,0,0,0,0,0,0,0,2,2,0,23580.18,complete amount coverage
B1042,8fdeebe40880f65e79a9e5a383be22e3719ca7fa0f8354de8e364b252fe7052c,UK200,2025-12-02T11:37:36.951000,CANCELLED,4,13,20260420,20251202,accepted,existing-unique,0,0,0,0,0,0,0,0,0,0,1,1,0,14402.39,complete amount coverage
B1043,da3128b065f0f715198061c911cea0198c92f3496764ba7365ece9cd2aeeab6f,6F195,2025-11-22T11:37:36.951000,CANCELLED,2,13,20260420,20251122,accepted,existing-unique,0,0,0,0,0,0,0,0,0,0,1,1,0,8291.60,complete amount coverage
B1044,956b1f1d71207905834455183d51bde65a6f6429c72c47335d12bee55ae51d32,6F174,2026-04-12T11:37:36.951000,PENDING,2,19,20260420,20260412,accepted,existing-unique,0,0,0,0,0,0,0,0,0,0,1,1,0,1199.88,complete amount coverage
B1045,60115b4e562111a61b33babb3e66e70658b52ea9bc82a9ca2419e0b98568b6f8,SJ214,2026-03-19T11:37:36.951000,UNKNOWN,3,10,20260420,20260319,accepted,existing-unique,0,0,0,0,0,1,0,0,0,0,3,2,1,6732.21,partial amount coverage
B1046,7cf495928162b426ed028c251d0b1dcfd62c2aa81f9ff67ef3c80626524f2c4e,UK059,2025-10-14T11:37:36.951000,CONFIRMED,4,25,20260420,20251014,accepted,existing-unique,0,0,0,0,0,0,0,0,0,0,2,2,0,26282.31,complete amount coverage
B1047,446af26b54dc5cc82501dc7d71e484f847a46bc5f283fd993c9fbd6062cde2a9,6F151,2025-12-29T11:37:36.951000,PENDING,2,14,20260420,20251229,accepted,existing-unique,0,0,0,0,0,0,0,0,0,0,0,0,0,,no payment record in this extract
B1048,81a7a3008de1fa01107e87af433e6959c5d8c67535984469981b7a1dab452caf,SJ236,2025-09-19T11:37:36.951000,PENDING,3,27,20260420,20250919,accepted,existing-unique,0,0,0,0,0,0,0,0,0,0,0,0,0,,no payment record in this extract
B1049,3488eeb0cd8a0b02a645c31146f25de3a002df387a99021981dca073a01ef759,SJ153,2025-07-28T11:37:36.951000,UNKNOWN,3,18,20260420,20250728,accepted,existing-unique,0,0,0,0,0,0,0,1,0,0,0,0,0,,no payment record in this extract
B1050,5ae6021962d9561b92510c69938aa67a89b27882d5bcdac4bccc19c983309f73,AI220,2026-01-15T11:37:36.951000,PENDING,1,8,20260420,20260115,accepted,existing-unique,0,0,0,0,0,0,0,0,0,0,1,1,0,13350.33,complete amount coverage
B1051,ecc6747e1b9e5dded3e6feac7fb3bbba5ec42695e3ad9176353a56b698d78089,6F028,2025-07-05T11:37:36.951000,CANCELLED,2,23,20260420,20250705,accepted,existing-unique,0,0,0,0,0,0,0,0,0,0,1,1,0,10875.08,complete amount coverage
B1052,ebbe10318ec63216fd407ecc68b8e2a181d1b75421d175a34c82254aedf00d32,UK209,2025-12-30T11:37:36.951000,CANCELLED,0,26,20260420,20251230,accepted,existing-unique,0,0,0,0,0,0,0,0,0,0,1,1,0,9827.30,complete amount coverage
B1053,3b6b17aecafb456939933dd5bb0f61bdd7d1ce9df56505419a8303c4b94d606f,UK216,2026-04-01T11:37:36.951000,PENDING,4,30,20260420,20260401,accepted,existing-unique,0,0,0,0,0,0,0,0,0,0,2,2,0,7702.52,complete amount coverage
B1054,4fe9f3b870210c4fdaac380444c2cfa7f0e27381fa2e167a80099fca6fcd5bf9,AI132,2026-04-11T11:37:36.951000,CANCELLED,1,1,20260420,20260411,accepted,existing-unique,0,0,0,0,0,0,0,0,0,0,0,0,0,,no payment record in this extract
B1055,52248f18341272eff8e0a4514d6510316412e418e0aee790f3676de6ac24a39f,6F012,2025-10-14T11:37:36.951000,CANCELLED,2,14,20260420,20251014,accepted,existing-unique,0,0,0,0,0,0,0,0,0,0,0,0,0,,no payment record in this extract
B1056,142476a4fa0dfd6fa44d36f1c79920b72e769b45d837d0d7d7c4be358c687843,UK173,2026-03-24T11:37:36.951000,CANCELLED,4,26,20260420,20260324,accepted,existing-unique,0,0,0,0,0,0,0,0,0,0,2,1,1,3173.87,partial amount coverage
B1057,399a285735971ddf63088943088881e8e22ae869f40c50470889c5a5b6f9f629,SJ047,2025-08-20T11:37:36.951000,CANCELLED,3,22,20260420,20250820,accepted,existing-unique,0,0,0,0,0,0,0,0,0,0,2,2,0,12211.20,complete amount coverage
B1058,b3a39fca8898f4da781cc72fca7a93430a94fef57cc502eb8595fa14338f13c8,SJ043,2025-12-07T11:37:36.951000,PENDING,0,29,20260420,20251207,accepted,existing-unique,0,0,0,0,0,0,0,0,0,0,0,0,0,,no payment record in this extract
B1059,deb61cd2f1ebf917ea05d4b58366bd69e185e8d444c6daa8d37fda9621693bc7,UK140,2026-01-03T11:37:36.951000,CONFIRMED,4,26,20260420,20260103,accepted,existing-unique,0,0,0,0,0,0,0,0,0,0,1,1,0,10839.07,complete amount coverage
B1060,ac2580a3e71f560d99c9bcab47e7ffefbb01defa3fe4c532a566c0fd57085e4c,6F086,2025-12-30T11:37:36.951000,CONFIRMED,2,30,20260420,20251230,accepted,existing-unique,0,0,0,0,0,0,0,0,0,0,1,1,0,11681.98,complete amount coverage
B1061,c3c28ffa18b7131973d46f2bd83292f9860bc143aefb4b7ed7c2728db0e6be02,6F114,2026-04-05T11:37:36.951000,CANCELLED,2,10,20260420,20260405,accepted,existing-unique,0,0,0,0,0,0,0,0,0,0,3,3,0,31579.80,complete amount coverage
B1062,7d84760c36f17d860eef766ce47a3af69b30683471bb6dccf29e2af7e473689e,UK153,2025-06-12T11:37:36.951000,CANCELLED,4,14,20260420,20250612,accepted,existing-unique,0,0,0,0,0,0,0,0,0,0,0,0,0,,no payment record in this extract
B1063,c78c7f627838bf26494b025409281a9948696820f363e2303dd0e55212e81c3b,6F149,2025-05-19T11:37:36.951000,CANCELLED,2,2,20260420,20250519,accepted,existing-unique,0,0,0,0,0,0,0,0,0,0,0,0,0,,no payment record in this extract
B1064,46b6f23b5a321e7394ecb224cb2b25316643961616542116d1a4e5068ac3a44e,UK145,2025-09-14T11:37:36.951000,CONFIRMED,4,9,20260420,20250914,accepted,existing-unique,0,0,0,0,0,0,0,0,0,0,1,1,0,14413.72,complete amount coverage
B1065,c25b62d8d43f38e827e5e9e7e30167075e4d11d5d87c4dd49ff82ee5c368fedf,UK010,2026-03-06T11:37:36.951000,CANCELLED,4,30,20260420,20260306,accepted,existing-unique,0,0,0,0,0,0,0,0,0,0,0,0,0,,no payment record in this extract
B1066,e4b677f7f75b0e312302aa4694a34e6e221308acf4bdf03fb8df328c989900c3,SJ003,2025-11-05T11:37:36.951000,PENDING,3,28,20260420,20251105,accepted,existing-unique,0,0,0,0,0,0,0,0,0,0,0,0,0,,no payment record in this extract
B1067,79a736fbbb5fee742e1623a9a40b6d22a32047c2a98e8756f787c06f452d4050,SJ160,2025-07-23T11:37:36.951000,PENDING,3,26,20260420,20250723,accepted,existing-unique,0,0,0,0,0,0,0,0,0,0,3,3,0,17433.34,complete amount coverage
B1068,c7f2c92b31bfc9c036b9c2edda928f0e86a40059529cd3050505d9bcf46789db,UK224,2025-11-22T11:37:36.951000,PENDING,0,15,20260420,20251122,accepted,existing-unique,0,0,0,0,0,0,0,0,0,0,1,1,0,5274.94,complete amount coverage
B1069,51c5f61eb756bd7e04856012bee3f821c5b20f7c3a7bdde5d452d8d879247f8e,UK152,2025-08-02T11:37:36.951000,CONFIRMED,4,7,20260420,20250802,accepted,existing-unique,0,0,0,0,0,0,0,0,0,0,1,1,0,14992.95,complete amount coverage
B1070,3b6b17aecafb456939933dd5bb0f61bdd7d1ce9df56505419a8303c4b94d606f,SJ034,2025-09-22T11:37:36.951000,CANCELLED,3,27,20260420,20250922,accepted,existing-unique,0,0,0,0,0,0,0,0,0,0,1,1,0,5631.13,complete amount coverage
B1071,fac0118bf7d10227f4e64d2879d811c8b1deb6e1851c9c9c0651fc3e02362170,UK215,2025-12-21T11:37:36.951000,CANCELLED,4,8,20260420,20251221,accepted,existing-unique,0,0,0,0,0,0,0,0,0,0,0,0,0,,no payment record in this extract
B1072,f5ad6078d01a634039797e9813336f45a7a13af2c06b4fad4b9f12d83060d2ae,UK089,2025-08-10T11:37:36.951000,CANCELLED,4,9,20260420,20250810,accepted,existing-unique,0,0,0,0,0,0,0,0,0,0,0,0,0,,no payment record in this extract
B1073,5eb0e9d4d0cc42e565f8d79bba8bfc2e8131180bb05f697908c185e7c0097b32,6F180,2025-12-04T11:37:36.951000,CONFIRMED,2,26,20260420,20251204,accepted,existing-unique,0,0,0,0,0,0,0,0,0,0,0,0,0,,no payment record in this extract
B1074,d386416d66bd5e3398c6e13d77bd0ddad1806650055798019889feb5aa4ce116,6F188,2025-09-25T11:37:36.951000,CONFIRMED,2,19,20260420,20250925,accepted,existing-unique,0,0,0,0,0,0,0,0,0,0,0,0,0,,no payment record in this extract
B1075,800d7f6c5e56261ac74739a13243bf6de4b6e118c9ab8db54aed11b64dba9583,UK131,2026-01-03T11:37:36.951000,CONFIRMED,4,8,20260420,20260103,accepted,existing-unique,0,0,0,0,0,0,0,0,0,0,0,0,0,,no payment record in this extract
B1076,57ca2a10bc16bcefa7f1f6fcad3fc6090d1bcf2f6434f9ca586d128d278e5e58,UK055,2025-05-04T11:37:36.951000,CONFIRMED,4,24,20260420,20250504,accepted,existing-nonunique,0,0,0,0,0,0,0,0,0,0,1,1,0,8247.50,complete amount coverage
B1077,0a1b185f688e77fe0cb642aad0566ee232e6beb1886b06e6672e84a7e2e004b1,UK181,2025-05-03T11:37:36.951000,PENDING,4,29,20260420,20250503,accepted,existing-unique,0,0,0,0,0,0,0,0,0,0,2,2,0,11261.70,complete amount coverage
B1078,15d634d1b27df258fe82e22d913907968b04dddaed08ad2cc6e7bd10e752c967,6F077,2025-09-21T11:37:36.951000,CONFIRMED,2,13,20260420,20250921,accepted,existing-unique,0,0,0,0,0,0,0,0,0,0,0,0,0,,no payment record in this extract
B1079,0e7c7ac8f85b02e337b915c96c444462d018cc392d7aae419dd4c4f7894ee7ea,SJ085,2025-06-03T11:37:36.951000,CONFIRMED,3,5,20260420,20250603,accepted,existing-unique,0,0,0,0,0,0,0,0,0,0,0,0,0,,no payment record in this extract
B1080,74a54d4cf0f7e823a253d77ebc2ffd5a536e5eef42ceacd17a567b02e39bc67a,SJ023,2025-06-05T11:37:36.951000,CONFIRMED,3,25,20260420,20250605,accepted,existing-unique,0,0,0,0,0,0,0,0,0,0,2,2,0,21169.42,complete amount coverage
B1081,8f145f2598571dcdf06ccb6529dfa28fd53c504242e43202c6b7d0cade724d07,SJ202,2025-11-13T11:37:36.951000,CANCELLED,3,14,20260420,20251113,accepted,existing-unique,0,0,0,0,0,0,0,0,0,0,0,0,0,,no payment record in this extract
B1082,83af86d304a8be22a7de5d4a1f0087476c854813188ed1ee213f76556a2f12be,SJ150,2025-09-09T11:37:36.951000,CANCELLED,3,9,20260420,20250909,accepted,existing-unique,0,0,0,0,0,0,0,0,0,0,0,0,0,,no payment record in this extract
B1083,eb4a026e7b9b3f8547907c15c2eac0e9f59969f8bf63dcd40dc38d9b9ca279ff,SJ116,2025-05-12T11:37:36.951000,CANCELLED,3,23,20260420,20250512,accepted,existing-unique,0,0,0,0,0,0,0,0,0,0,1,1,0,6777.38,complete amount coverage
B1084,37b1a1c6f1b52a729a81b98ce07f17daee7a23cde3b2b9ab6860780bfb7fb9c4,6F270,2025-06-14T11:37:36.951000,PENDING,0,25,20260420,20250614,accepted,existing-unique,0,0,0,0,0,0,0,0,0,0,0,0,0,,no payment record in this extract
B1085,de3d45c68ef9b5903169ad73d306113b4d95fd753c35a98e9000b34c0e1e0349,UK150,2026-03-24T11:37:36.951000,PENDING,4,18,20260420,20260324,accepted,existing-unique,0,0,0,0,0,0,0,0,0,0,1,1,0,11410.80,complete amount coverage
B1086,0164aeddc4e75fac4e57c74cd7a41359fdc350e0ade60be7d657ca383683395f,SJ237,2026-02-16T11:37:36.951000,CONFIRMED,3,7,20260420,20260216,accepted,existing-unique,0,0,0,0,0,0,0,0,0,0,2,2,0,4873.96,complete amount coverage
B1087,6e1dee2d34ac774185f5d0f9c0888b41bc1b0a0df8479006de157071bb9e764a,AI221,2025-05-08T11:37:36.951000,CANCELLED,1,30,20260420,20250508,accepted,existing-unique,0,0,0,0,0,0,0,0,0,0,2,2,0,3191.92,complete amount coverage
B1088,093cad3566e3b817f2de2e0daa77db3038c96e3684048d6cc43e5f56c3d51400,SJ081,2026-03-25T11:37:36.951000,PENDING,3,6,20260420,20260325,accepted,existing-unique,0,0,0,0,0,0,0,0,0,0,1,1,0,7375.10,complete amount coverage
B1089,ad6643db0ee366cf43477a3ed5436300c48eeb44afaacb4fe9961c05cde24645,UK189,2025-09-03T11:37:36.951000,CANCELLED,4,5,20260420,20250903,accepted,existing-nonunique,0,0,0,0,0,0,0,0,0,0,0,0,0,,no payment record in this extract
B1090,f2b8a5b467646d94e1c9cc737176e007acc06d59c5a944bac9ec54ffb140922d,SJ068,2025-05-16T11:37:36.951000,PENDING,3,1,20260420,20250516,accepted,existing-unique,0,0,0,0,0,0,0,0,0,0,0,0,0,,no payment record in this extract
B1091,020d5f8d7d5c8127540fe902d398cda61532bd4ba89e18fe1a2e8f58279af2bd,6F043,2025-08-18T11:37:36.951000,PENDING,2,9,20260420,20250818,accepted,existing-unique,0,0,0,0,0,0,0,0,0,0,0,0,0,,no payment record in this extract
B1092,8711a1b2f21db5d34b657ece8da7f938e4f29597cf64d56d79fa1f52b7a74c6b,UK187,2026-03-18T11:37:36.951000,CONFIRMED,4,1,20260420,20260318,accepted,existing-unique,0,0,0,0,0,0,0,0,0,0,3,3,0,15898.93,complete amount coverage
B1093,4b9f32139da950a31436d73fd8b37fdf96a0317f74e96425e35335a555f344c9,UK074,2025-05-11T11:37:36.951000,CONFIRMED,4,8,20260420,20250511,accepted,existing-unique,0,0,0,0,0,0,0,0,0,0,0,0,0,,no payment record in this extract
B1094,d046ed42bcc627ab214c575aea92f9557ad05a71a92400cb1c9b79de8aa12fa5,UK004,2026-01-07T11:37:36.951000,PENDING,4,7,20260420,20260107,accepted,existing-unique,0,0,0,0,0,0,0,0,0,0,2,2,0,17560.29,complete amount coverage
B1095,35c333d600c1e42be265df9ee583a11d0b7c3b00f25e80161667c07c005b702b,6F194,2025-07-30T11:37:36.951000,CONFIRMED,2,7,20260420,20250730,accepted,existing-unique,0,0,0,0,0,0,0,0,0,0,0,0,0,,no payment record in this extract
B1096,da1de794d8b73a3f38aac7762bcc36b24e80db055325474c0c3df92c0ff15b10,UK068,2026-01-03T11:37:36.951000,PENDING,4,5,20260420,20260103,accepted,existing-unique,0,0,0,0,0,0,0,0,0,0,2,2,0,18163.89,complete amount coverage
B1097,4e79de3b0fe235546a87e324e7d63f99a54a970414f49e38c4e5278efeea649b,6F017,2025-08-26T11:37:36.951000,UNKNOWN,2,12,20260420,20250826,accepted,existing-unique,0,0,0,0,0,1,0,0,0,0,0,0,0,,no payment record in this extract
B1098,23440c6ee3913d6263e4bd642eee27a27390dee9ed37d14d1355cb8c90ecad68,6F245,2025-10-15T11:37:36.951000,UNKNOWN,2,12,20260420,20251015,accepted,existing-unique,0,0,0,0,0,1,0,0,0,0,1,1,0,10455.66,complete amount coverage
B1099,6923809f7819d18bb35a927493fa60e1d666475b909c2ad86c70b5b02b9b5436,6F254,2025-12-07T11:37:36.951000,CONFIRMED,0,26,20260420,20251207,accepted,existing-unique,0,0,0,0,0,0,0,0,0,0,0,0,0,,no payment record in this extract
B1100,11d795562e99d7da53391dca25630f82fc934d803ef2e9cecab29866565fdaeb,UK077,2026-03-05T11:37:36.951000,CONFIRMED,0,22,20260420,20260305,accepted,existing-unique,0,0,0,0,0,0,0,0,0,0,0,0,0,,no payment record in this extract
B1101,604523fa427fe2dabbcb6fc8fc0b60d497a76c8a8bc42b6d6251a07b554182a7,AI029,2025-07-19T11:37:36.951000,CONFIRMED,1,29,20260420,20250719,accepted,existing-unique,0,0,0,0,0,0,0,0,0,0,1,1,0,2214.47,complete amount coverage
B1102,baf60546218522727d470c9d755de3f2ae551e21910fa0db95ba1bce3613f055,SJ196,2025-10-06T11:37:36.951000,UNKNOWN,3,19,20260420,20251006,accepted,existing-unique,0,0,0,0,0,0,0,1,0,0,2,2,0,24626.69,complete amount coverage
B1103,0a1b185f688e77fe0cb642aad0566ee232e6beb1886b06e6672e84a7e2e004b1,AI242,2025-08-08T11:37:36.951000,CANCELLED,0,2,20260420,20250808,accepted,existing-unique,0,0,0,0,0,0,0,0,0,0,2,2,0,14062.55,complete amount coverage
B1104,b5cf38628cdf5875ca897e42e1213dc9b1343926843b68e56c740d21d2c86548,AI242,2025-09-12T11:37:36.951000,CANCELLED,0,2,20260420,20250912,accepted,existing-unique,0,0,0,0,0,0,0,0,0,0,0,0,0,,no payment record in this extract
B1105,2d0ae92c45127f4a6e64e3d4bf362c03bde826986acb9ea9db77fb75b14ab159,SJ044,2025-09-11T11:37:36.951000,CONFIRMED,3,18,20260420,20250911,accepted,existing-unique,0,0,0,0,0,0,0,0,0,0,1,1,0,14294.21,complete amount coverage
B1106,86951df3f812d8e91d1262f09ff435694ce36408d54cb09893c07f0d1b12a0bc,UK063,2025-09-01T11:37:36.951000,CONFIRMED,4,17,20260420,20250901,accepted,existing-unique,0,0,0,0,0,0,0,0,0,0,1,0,1,,payment records but no usable amounts
B1107,0a1b185f688e77fe0cb642aad0566ee232e6beb1886b06e6672e84a7e2e004b1,AI056,2025-05-19T11:37:36.951000,CONFIRMED,1,20,20260420,20250519,accepted,existing-unique,0,0,0,0,0,0,0,0,0,0,0,0,0,,no payment record in this extract
B1108,c564fc369093a40d948bed1e69764ce74ed7c5402337fba83216a148e51da7b6,UK207,2025-10-11T11:37:36.951000,CANCELLED,4,28,20260420,20251011,accepted,existing-unique,0,0,0,0,0,0,0,0,0,0,0,0,0,,no payment record in this extract
B1109,2fc09cec9993c0da7def0e5d0eb847eb36b78375205bb923f226b5e7e86933c3,UK166,2025-12-03T11:37:36.951000,CANCELLED,4,25,20260420,20251203,accepted,existing-unique,0,0,0,0,0,0,0,0,0,0,1,1,0,13080.08,complete amount coverage
B1110,6d33d852badedce37ba08c3d82827c88842f8d7e68a9037a6673a7b63f7f906c,6F261,2025-12-17T11:37:36.951000,PENDING,0,13,20260420,20251217,accepted,existing-unique,0,0,0,0,0,0,0,0,0,0,0,0,0,,no payment record in this extract
B1111,496615d29ab9e1fd01538bb6737048363b5648f1005f24dc553f17b12e62705d,UK134,2025-12-25T11:37:36.951000,CANCELLED,4,23,20260420,20251225,accepted,existing-nonunique,0,0,0,0,0,0,0,0,0,0,1,0,1,,payment records but no usable amounts
B1112,832b15e6bec9e9420d204832ef01a23b4fda2125e2d99d3e8aa0dc92574c37eb,6F152,2025-10-02T11:37:36.951000,PENDING,2,13,20260420,20251002,accepted,existing-unique,0,0,0,0,0,0,0,0,0,0,2,2,0,20662.78,complete amount coverage
B1113,f48187d1393fb1f6309f5cd31311fce6eb22a8e1026dd97b9750383b7d59d95d,SJ089,2025-11-23T11:37:36.951000,CONFIRMED,3,23,20260420,20251123,accepted,existing-unique,0,0,0,0,0,0,0,0,0,0,1,1,0,9457.62,complete amount coverage
B1114,619f65e60c3079acf08f51fa794666c04902675a9f30c6300455460770fce019,6F123,2025-09-26T11:37:36.951000,CANCELLED,2,19,20260420,20250926,accepted,existing-unique,0,0,0,0,0,0,0,0,0,0,1,1,0,8187.33,complete amount coverage
B1115,f8004a326991ea84b1864cb96604f173c8b7868f4ce5e1bb3f3f84b71226762b,AI025,2025-08-23T11:37:36.951000,CONFIRMED,1,24,20260420,20250823,accepted,existing-unique,0,0,0,0,0,0,0,0,0,0,1,1,0,8185.02,complete amount coverage
B1116,3f3b5662425e180be969e7fc1f2326df5f743f6e4fbe1344815a2bf14a65b95f,6F030,2025-12-05T11:37:36.951000,CONFIRMED,2,8,20260420,20251205,accepted,existing-unique,0,0,0,0,0,0,0,0,0,0,1,1,0,9883.49,complete amount coverage
B1117,42a6335ba19f6d67b7a433cd2d3ff59c3120f40f658cfb6742236720bb5b3dda,SJ222,2025-09-02T11:37:36.951000,CONFIRMED,3,8,20260420,20250902,accepted,existing-unique,0,0,0,0,0,0,0,0,0,0,2,2,0,24642.71,complete amount coverage
B1118,a3a789b70143cf1a990892685a4d5f80549b068a5eb1c1e326f43dc0bbe2a95b,UK109,2026-04-03T11:37:36.951000,CONFIRMED,4,1,20260420,20260403,accepted,existing-unique,0,0,0,0,0,0,0,0,0,0,1,0,1,,payment records but no usable amounts
B1119,e4e0f111bb15a57e2476464fd7ee2bc1837e734b4ea680e0515cd1fc0fd5fb2f,SJ117,2025-11-25T11:37:36.951000,CANCELLED,3,26,20260420,20251125,accepted,existing-unique,0,0,0,0,0,0,0,0,0,0,2,2,0,22268.71,complete amount coverage
B1120,22a2521358fe1a229171e67458cf375382246df2d2634a9571e0d78b47e662a7,SJ142,2025-08-12T11:37:36.951000,CONFIRMED,3,12,20260420,20250812,accepted,existing-unique,0,0,0,0,0,0,0,0,0,0,3,2,1,2571.48,partial amount coverage
B1121,998146fc60a778af502805a0a033ad307d5e4a6e8b7c86971802efb7a9f04c51,SJ142,2025-06-01T11:37:36.951000,PENDING,3,12,20260420,20250601,accepted,existing-unique,0,0,0,0,0,0,0,0,0,0,0,0,0,,no payment record in this extract
B1122,ca046527b4c6c3ab145268e3e5a9c4648c52e4f6fcc490b63848c0a5c0f175c5,AI030,2025-05-02T11:37:36.951000,CANCELLED,1,14,20260420,20250502,accepted,existing-unique,0,0,0,0,0,0,0,0,0,0,0,0,0,,no payment record in this extract
B1123,6acc8f32a3d5a1e38f36dc398bc7f07e13c511b778d90bc2ba46c23ea59bfe23,6F097,2025-09-23T11:37:36.951000,CONFIRMED,2,1,20260420,20250923,accepted,existing-unique,0,0,0,0,0,0,0,0,0,0,2,2,0,14525.48,complete amount coverage
B1124,6c28f0ce4366c2c813649d332c93d35d1fb0689f9a4c99e26b1a05bda0b6c220,6F129,2025-05-23T11:37:36.951000,CANCELLED,2,18,20260420,20250523,accepted,existing-unique,0,0,0,0,0,0,0,0,0,0,3,2,1,15753.68,partial amount coverage
B1125,06591d75141c0ebb6f1dbfff8323fe24babc3448bd766ea140f39790938804ec,6F181,2026-01-15T11:37:36.951000,PENDING,2,10,20260420,20260115,accepted,existing-unique,0,0,0,0,0,0,0,0,0,0,0,0,0,,no payment record in this extract
B1126,521eb299eb3db39a0ccb41599a5ee6b1def366c3ff57cd6d430c6645386bb697,AI072,2025-10-20T11:37:36.951000,CONFIRMED,1,2,20260420,20251020,accepted,existing-unique,0,0,0,0,0,0,0,0,0,0,0,0,0,,no payment record in this extract
B1127,c6e569a1fbee6f5f025e42cddbc4e5a61eeb93705e0f8a0658531c257c346b87,SJ154,2025-06-29T11:37:36.951000,PENDING,3,4,20260420,20250629,accepted,existing-unique,0,0,0,0,0,0,0,0,0,0,0,0,0,,no payment record in this extract
B1128,3744473551d7b39419d5ca0c4564bc37b93f97510e9ae446fa4653f78a00a33c,AI031,2026-04-08T11:37:36.951000,CONFIRMED,1,20,20260420,20260408,accepted,existing-unique,0,0,0,0,0,0,0,0,0,0,0,0,0,,no payment record in this extract
B1129,30083aea2bf5f3673c082d15f14f9fe317ec43cd68bb58da76747088b023d219,AI031,2025-09-18T11:37:36.951000,PENDING,1,20,20260420,20250918,accepted,existing-unique,0,0,0,0,0,0,0,0,0,0,1,1,0,12008.51,complete amount coverage
B1130,917a21e50c855996868c16813a8f498eadb22918d40c12ce2a5b704fe399a3ef,6F158,2025-12-26T11:37:36.951000,CONFIRMED,2,15,20260420,20251226,accepted,existing-unique,0,0,0,0,0,0,0,0,0,0,0,0,0,,no payment record in this extract
B1131,9d65937a4de9f686ab2a8bc3b62a01d051d08102bd5b864a58a19abc13884da4,6F184,2025-06-16T11:37:36.951000,CANCELLED,2,27,20260420,20250616,accepted,existing-unique,0,0,0,0,0,0,0,0,0,0,1,1,0,3592.91,complete amount coverage
B1132,5788b4af6f503f95e3980ae111793017f4caa8e13c74b46c29850d63903bf6be,UK141,2025-06-20T11:37:36.951000,CONFIRMED,0,25,20260420,20250620,accepted,existing-unique,0,0,0,0,0,0,0,0,0,0,3,2,1,4677.70,partial amount coverage
B1133,b7306a8a97b7f889592b40be5075731bb083286e6b5a4bf00279ea2a50f3c606,6F168,2025-12-29T11:37:36.951000,CANCELLED,2,24,20260420,20251229,accepted,existing-unique,0,0,0,0,0,0,0,0,0,0,2,2,0,14200.43,complete amount coverage
B1134,31eb990140d7bd18224830099b47cafbe64ff39458b3616c6c75a956b4d110d6,6F051,2025-07-28T11:37:36.951000,CONFIRMED,2,1,20260420,20250728,accepted,existing-unique,0,0,0,0,0,0,0,0,0,0,0,0,0,,no payment record in this extract
B1135,e94c363c1787f511ba193cf26735d5bde56689afc5b388a0502bb8a57efef476,6F047,2025-12-02T11:37:36.951000,CONFIRMED,2,29,20260420,20251202,accepted,existing-unique,0,0,0,0,0,0,0,0,0,0,1,1,0,10501.09,complete amount coverage
B1136,57ca2a10bc16bcefa7f1f6fcad3fc6090d1bcf2f6434f9ca586d128d278e5e58,UK156,2025-10-26T11:37:36.951000,PENDING,4,26,20260420,20251026,accepted,existing-nonunique,0,0,0,0,0,0,0,0,0,0,1,1,0,2857.01,complete amount coverage
B1137,7e9bf521225b67e52639d2db184c501f44cddc6b25a8e3028b50d5b79ff964ed,AI094,2025-09-01T11:37:36.951000,PENDING,1,16,20260420,20250901,accepted,existing-unique,0,0,0,0,0,0,0,0,0,0,2,2,0,10092.76,complete amount coverage
B1138,9e09c2f99250549c912f1b334bf9eaf648bb05ab9a553b325ec1c079f98a0ca5,AI038,2025-07-14T11:37:36.951000,PENDING,1,25,20260420,20250714,accepted,existing-unique,0,0,0,0,0,0,0,0,0,0,0,0,0,,no payment record in this extract
B1139,6f32a3caf88f8c2c175609c4316199d2a1c95b3fe830a7d503765fc44a119244,6F255,2026-01-19T11:37:36.951000,CONFIRMED,0,17,20260420,20260119,accepted,existing-unique,0,0,0,0,0,0,0,0,0,0,1,1,0,6016.05,complete amount coverage
B1140,9cff33f9cbb54b0c0e4be562da782825f65136241dd520502ea325e259e7efb6,SJ025,2026-01-23T11:37:36.951000,CONFIRMED,3,7,20260420,20260123,accepted,existing-unique,0,0,0,0,0,0,0,0,0,0,2,1,1,8447.38,partial amount coverage
B1141,1ca39d7a0601da9978989f9fdadb4d7c94ead869b34d9ff027eae1d4a5b69995,SJ185,2025-10-28T11:37:36.951000,CONFIRMED,3,7,20260420,20251028,accepted,existing-unique,0,0,0,0,0,0,0,0,0,0,0,0,0,,no payment record in this extract
B1142,6854eb96024911e8564e06aac486465aaeea5206eb801574198900b4632a4f8c,6F259,2026-01-21T11:37:36.951000,CANCELLED,0,8,20260420,20260121,accepted,existing-unique,0,0,0,0,0,0,0,0,0,0,1,1,0,4506.21,complete amount coverage
B1143,63833b18ca9a75f1b402c5fa3acaa606e15e3ea924773abd95de3a818b660d99,6F073,2026-04-07T11:37:36.951000,CANCELLED,2,18,20260420,20260407,accepted,existing-unique,0,0,0,0,0,0,0,0,0,0,1,1,0,6360.73,complete amount coverage
B1144,00fc716b177e33f53286b7447e6a35b14c08494c4c5ca1b17770d500bf9ec951,AI091,2025-09-26T11:37:36.951000,CONFIRMED,1,15,20260420,20250926,accepted,existing-unique,0,0,0,0,0,0,0,0,0,0,1,0,1,,payment records but no usable amounts
B1145,04881ef91182c1d1ed1f872ad071637f79279b737959d430ef357f54fc10260e,6F191,2025-08-23T11:37:36.951000,PENDING,2,3,20260420,20250823,accepted,existing-unique,0,0,0,0,0,0,0,0,0,0,0,0,0,,no payment record in this extract
B1146,1e7aafb86e5f36ef22db264fde5354f9a088f7ebac7732b619719b29f192546f,UK228,2025-08-30T11:37:36.951000,PENDING,4,20,20260420,20250830,accepted,existing-unique,0,0,0,0,0,0,0,0,0,0,1,0,1,,payment records but no usable amounts
B1147,b0aa6599906c0a1e66638e7c4641068853b5b6e20162367f3df3608860507489,6F146,2026-03-25T11:37:36.951000,PENDING,2,25,20260420,20260325,accepted,existing-unique,0,0,0,0,0,0,0,0,0,0,0,0,0,,no payment record in this extract
B1148,9adf3ee7e0383fdaa31e455a566e4d5ee8999785340c21e7834e7e545d771077,6F068,2025-10-13T11:37:36.951000,CONFIRMED,2,4,20260420,20251013,accepted,existing-unique,0,0,0,0,0,0,0,0,0,0,0,0,0,,no payment record in this extract
B1149,b27a148eff821024c1efb365eb2b854ac234f92ef8142104d2002e8cf24c94de,SJ218,2026-01-08T11:37:36.951000,PENDING,3,19,20260420,20260108,accepted,existing-unique,0,0,0,0,0,0,0,0,0,0,2,2,0,12393.75,complete amount coverage
B1150,cfd7dae1814aed6157ed965759121d6b9b2c0726e82aff86ca2da724ca3a1788,UK083,2025-09-25T11:37:36.951000,CONFIRMED,4,19,20260420,20250925,accepted,existing-unique,0,0,0,0,0,0,0,0,0,0,1,1,0,12535.73,complete amount coverage
B1151,d810db1929b421a78a79251f91d0ad9c2fed52754323d6f90bc07ffc3b7f0f28,SJ007,2026-01-18T11:37:36.951000,CANCELLED,3,7,20260420,20260118,accepted,existing-unique,0,0,0,0,0,0,0,0,0,0,1,0,1,,payment records but no usable amounts
B1152,fac0118bf7d10227f4e64d2879d811c8b1deb6e1851c9c9c0651fc3e02362170,AI077,2025-08-14T11:37:36.951000,PENDING,1,14,20260420,20250814,accepted,existing-unique,0,0,0,0,0,0,0,0,0,0,0,0,0,,no payment record in this extract
B1153,f5865ce6b1b47b67647b983325c40b85e80ac486a206bd291b41dbbb013b5899,UK017,2025-12-20T11:37:36.951000,CANCELLED,4,4,20260420,20251220,accepted,existing-unique,0,0,0,0,0,0,0,0,0,0,1,1,0,5774.24,complete amount coverage
B1154,3c92f263c03317e7c45bd973d850d4430e46f367a4ed845421dbfe59027fe717,6F229,2026-02-17T11:37:36.951000,PENDING,2,29,20260420,20260217,accepted,existing-unique,0,0,0,0,0,0,0,0,0,0,1,1,0,9979.51,complete amount coverage
B1155,dcdd1b404d737da8d42a8c1265baf37a04deed29e4c1377ae471b83409e4b828,6F074,2025-10-08T11:37:36.951000,CONFIRMED,2,22,20260420,20251008,accepted,existing-unique,0,0,0,0,0,0,0,0,0,0,0,0,0,,no payment record in this extract
B1156,df3ee51aa40a9cb963cd042ba2abc4b8df28e277daef28802217373b551a7b99,SJ088,2026-03-25T11:37:36.951000,CONFIRMED,3,15,20260420,20260325,accepted,existing-unique,0,0,0,0,0,0,0,0,0,0,1,1,0,3413.47,complete amount coverage
B1157,2f025f28862718445494c204786f5d88c018f7784032eb5630ac79640e2e80b2,SJ167,2025-06-28T11:37:36.951000,CONFIRMED,3,28,20260420,20250628,accepted,existing-unique,0,0,0,0,0,0,0,0,0,0,1,1,0,7902.25,complete amount coverage
B1158,ee4b1b99eb63145ebb7389362b95191e87fdc1558f7b102a2974e377168c3506,6F234,2025-07-20T11:37:36.951000,CONFIRMED,2,8,20260420,20250720,accepted,existing-unique,0,0,0,0,0,0,0,0,0,0,1,1,0,14265.47,complete amount coverage
B1159,164d6a536548b2625fada69075b36b6a221285b4e3297d93e5074eae0fa16667,UK071,2025-12-10T11:37:36.951000,PENDING,4,19,20260420,20251210,accepted,existing-unique,0,0,0,0,0,0,0,0,0,0,3,2,1,16962.75,partial amount coverage
B1160,8fdeebe40880f65e79a9e5a383be22e3719ca7fa0f8354de8e364b252fe7052c,AI178,2025-11-21T11:37:36.951000,CANCELLED,1,11,20260420,20251121,accepted,existing-unique,0,0,0,0,0,0,0,0,0,0,1,1,0,5267.38,complete amount coverage
B1161,fa5a802c26995316ca82fe3cced99f4cf3f85b608e37e198e133e12506ce87c0,UK104,2025-11-14T11:37:36.951000,CONFIRMED,4,17,20260420,20251114,accepted,existing-unique,0,0,0,0,0,0,0,0,0,0,3,3,0,24640.24,complete amount coverage
B1162,9de842dc53397c5483b4fd46ad4b3871d8a762e506c8431da2141ff17f711165,AI146,2025-04-22T11:37:36.951000,UNKNOWN,1,3,20260420,20250422,accepted,existing-unique,0,0,0,0,0,0,0,1,0,0,0,0,0,,no payment record in this extract
B1163,a4d8f5497ca1e052c2407f0aebb233fd586bd1ee1814230e6c7984917838b890,SJ235,2025-11-10T11:37:36.951000,CANCELLED,3,8,20260420,20251110,accepted,existing-unique,0,0,0,0,0,0,0,0,0,0,0,0,0,,no payment record in this extract
B1164,6ec2a371a217c90a798896c554c81ace5343363ff86eb8848e761e7f2e05fabd,6F209,2025-04-24T11:37:36.951000,CONFIRMED,2,28,20260420,20250424,accepted,existing-unique,0,0,0,0,0,0,0,0,0,0,1,1,0,2684.77,complete amount coverage
B1165,08b12626da2fea85329e915b8ebecf9b3adf27a77af1b6710263dc52a92ad3bc,AI129,2025-08-20T11:37:36.951000,CANCELLED,1,7,20260420,20250820,accepted,existing-unique,0,0,0,0,0,0,0,0,0,0,4,4,0,43097.99,complete amount coverage
B1166,0c66c8ac421f3f5079c2b04998ae221692cf3c17db5960c6eb5413ba0f80156b,SJ141,2026-01-23T11:37:36.951000,CONFIRMED,3,13,20260420,20260123,accepted,existing-unique,0,0,0,0,0,0,0,0,0,0,1,1,0,5530.81,complete amount coverage
B1167,86951df3f812d8e91d1262f09ff435694ce36408d54cb09893c07f0d1b12a0bc,SJ018,2026-02-02T11:37:36.951000,CANCELLED,3,7,20260420,20260202,accepted,existing-unique,0,0,0,0,0,0,0,0,0,0,3,3,0,27299.79,complete amount coverage
B1168,d374513d16d3e2a9008192b04e94e8792360f9a81051802740ae4a03a131dca4,UK120,2025-10-14T11:37:36.951000,CANCELLED,4,24,20260420,20251014,accepted,existing-unique,0,0,0,0,0,0,0,0,0,0,1,1,0,5435.83,complete amount coverage
B1169,a0ab8ee25e17ea0ee0b7babdfa441341671a493bcd65bf81c905a820860be726,AI078,2025-11-15T11:37:36.951000,CONFIRMED,1,17,20260420,20251115,accepted,existing-unique,0,0,0,0,0,0,0,0,0,0,1,1,0,3795.60,complete amount coverage
B1170,acf64599b96293bc2ad07d182121e8eab264be96b1ebeae5e2318162c9998f1a,AI079,2025-09-14T11:37:36.951000,PENDING,1,11,20260420,20250914,accepted,existing-unique,0,0,0,0,0,0,0,0,0,0,0,0,0,,no payment record in this extract
B1171,d4d3b49af4ae87a3ecf8f19cdf47874e5b1bf8d997ff32666cb1f676e658c318,UK087,2025-09-19T11:37:36.951000,CANCELLED,4,25,20260420,20250919,accepted,existing-unique,0,0,0,0,0,0,0,0,0,0,3,3,0,23311.04,complete amount coverage
B1172,65320c5655ae42479fcf87fe621588f3129c50d67f964e72b1f0a5bc9c44190f,UK133,2026-01-17T11:37:36.951000,CONFIRMED,4,8,20260420,20260117,accepted,existing-unique,0,0,0,0,0,0,0,0,0,0,3,3,0,25477.40,complete amount coverage
B1173,386ff74c3dba5b7fbafa3c43c1e5fe44d8cc737e447330717b7fd7ea2e097278,AI222,2025-06-01T11:37:36.951000,CANCELLED,0,8,20260420,20250601,accepted,existing-nonunique,0,0,0,0,0,0,0,0,0,0,1,0,1,,payment records but no usable amounts
B1174,569a4aa6fa66128cd54877775f82dd9030e6a7cc840232b2c85c2ef016fdd1f7,6F049,2026-04-12T11:37:36.951000,CANCELLED,2,24,20260420,20260412,accepted,existing-unique,0,0,0,0,0,0,0,0,0,0,1,0,1,,payment records but no usable amounts
B1175,79a736fbbb5fee742e1623a9a40b6d22a32047c2a98e8756f787c06f452d4050,6F105,2026-01-29T11:37:36.951000,PENDING,2,1,20260420,20260129,accepted,existing-unique,0,0,0,0,0,0,0,0,0,0,1,1,0,10654.90,complete amount coverage
B1176,026c6920eff48cc8f026d7123189c926af8efbeec9865ead8b6df56df1195d0f,SJ226,2025-04-17T11:37:36.951000,CANCELLED,3,22,20260420,20250417,accepted,existing-unique,0,0,0,0,0,0,0,0,0,0,0,0,0,,no payment record in this extract
B1177,74a54d4cf0f7e823a253d77ebc2ffd5a536e5eef42ceacd17a567b02e39bc67a,SJ227,2025-07-29T11:37:36.951000,CANCELLED,3,7,20260420,20250729,accepted,existing-unique,0,0,0,0,0,0,0,0,0,0,1,1,0,12412.89,complete amount coverage
B1178,4b3695cdcff48aead763e94327b072859fbbb167cc5f48a97fba0b7d050ab2b3,6F034,2026-02-05T11:37:36.951000,CONFIRMED,2,8,20260420,20260205,accepted,existing-unique,0,0,0,0,0,0,0,0,0,0,1,0,1,,payment records but no usable amounts
B1179,8846219c6607086903b41d48ef4fc2a65e836606c70c3463cddf3c8ecd5214fa,SJ078,2025-10-03T11:37:36.951000,CONFIRMED,3,19,20260420,20251003,accepted,existing-unique,0,0,0,0,0,0,0,0,0,0,3,3,0,10619.52,complete amount coverage
B1180,3f1e552d418042b19ea13b458766ad9d4510e4e711a9657d9b2171dc34c05d6b,AI240,2026-04-10T11:37:36.951000,PENDING,1,29,20260420,20260410,accepted,existing-unique,0,0,0,0,0,0,0,0,0,0,0,0,0,,no payment record in this extract
B1181,50f49c4fdafd8cfb9e8e00dcd2872ac1df2edd8f7f5ad8150fba1cb576c6ff68,SJ002,2026-03-29T11:37:36.951000,CANCELLED,3,17,20260420,20260329,accepted,existing-unique,0,0,0,0,0,0,0,0,0,0,0,0,0,,no payment record in this extract
B1182,fb8a41baa5668ccb0ef944cda28bbc960d6017e12c17b46d07aa9e6d53860d2a,AI044,2025-08-11T11:37:36.951000,CANCELLED,0,26,20260420,20250811,accepted,existing-nonunique,0,0,0,0,0,0,0,0,0,0,1,1,0,9005.88,complete amount coverage
B1183,b491e89d02aa9d67a05ca54e4fb94d1d7868a6b835ad62ce85e1a7b65ae1c6c3,UK076,2025-06-22T11:37:36.951000,CANCELLED,4,28,20260420,20250622,accepted,existing-unique,0,0,0,0,0,0,0,0,0,0,0,0,0,,no payment record in this extract
B1184,8c1cf4cb98f1d82d453cdfb86f451cec24d2a712c4ba9e773ac8b05b8ef14ad6,6F232,2025-08-01T11:37:36.951000,PENDING,2,26,20260420,20250801,accepted,existing-nonunique,0,0,0,0,0,0,0,0,0,0,0,0,0,,no payment record in this extract
B1185,6e35ef70f3b65070d4c040b8690d5e77aad6f3e419337e8701ba90281aef351d,SJ228,2025-08-16T11:37:36.951000,CANCELLED,3,7,20260420,20250816,accepted,existing-unique,0,0,0,0,0,0,0,0,0,0,1,1,0,13080.31,complete amount coverage
B1186,09277760437a2b232a7e06482d453ebab0cb58c83f2ffa9af5de644e47b4f781,SJ074,2026-04-04T11:37:36.951000,CONFIRMED,3,18,20260420,20260404,accepted,existing-unique,0,0,0,0,0,0,0,0,0,0,0,0,0,,no payment record in this extract
B1187,b0c653f5a0a622756a725ae1781afda2b78583644c7b4429540db01f12cbe169,UK229,2025-08-04T11:37:36.951000,PENDING,0,24,20260420,20250804,accepted,existing-unique,0,0,0,0,0,0,0,0,0,0,1,1,0,6625.76,complete amount coverage
B1188,e740df815fc16ca8254b0c226f6ea68d319d4aaa98a30a58965bc19b9bcb5824,AI208,2026-04-04T11:37:36.951000,CONFIRMED,1,1,20260420,20260404,accepted,existing-unique,0,0,0,0,0,0,0,0,0,0,0,0,0,,no payment record in this extract
B1189,8fdeebe40880f65e79a9e5a383be22e3719ca7fa0f8354de8e364b252fe7052c,AI019,2025-11-23T11:37:36.951000,CONFIRMED,1,7,20260420,20251123,accepted,existing-unique,0,0,0,0,0,0,0,0,0,0,0,0,0,,no payment record in this extract
B1190,1fed3b19add2aebc6082f0617ff3cc8449bf098b117934889179c5ecbaec50cf,6F029,2025-05-23T11:37:36.951000,PENDING,2,6,20260420,20250523,accepted,existing-unique,0,0,0,0,0,0,0,0,0,0,0,0,0,,no payment record in this extract
B1191,fb17bd4557232bd47bf8fda64b0fb4559c0bbe642be04eac59c545d53441ee64,6F018,2025-04-27T11:37:36.951000,CONFIRMED,2,16,20260420,20250427,accepted,existing-unique,0,0,0,0,0,0,0,0,0,0,0,0,0,,no payment record in this extract
B1192,461e1efd5f9cb7477edc4c7dfd31bf560fdb474785da9404fd4d947def96a73c,AI059,2025-06-23T11:37:36.951000,CANCELLED,1,13,20260420,20250623,accepted,existing-unique,0,0,0,0,0,0,0,0,0,0,1,0,1,,payment records but no usable amounts
B1193,b0c653f5a0a622756a725ae1781afda2b78583644c7b4429540db01f12cbe169,AI159,2025-05-22T11:37:36.951000,PENDING,1,21,20260420,20250522,accepted,existing-unique,0,0,0,0,0,0,0,0,0,0,0,0,0,,no payment record in this extract
B1194,6ef271feed623c14a1942bde8671cd2770c9243fdab398309c937d78a6dd1852,6F091,2025-07-11T11:37:36.951000,CONFIRMED,2,2,20260420,20250711,accepted,existing-unique,0,0,0,0,0,0,0,0,0,0,0,0,0,,no payment record in this extract
B1195,f77628554a5688bb5b91c73691d71e92b3d075f4d81735bf8e2b6ae5429cd3de,6F084,2025-07-20T11:37:36.951000,CANCELLED,2,14,20260420,20250720,accepted,existing-unique,0,0,0,0,0,0,0,0,0,0,2,2,0,19224.28,complete amount coverage
B1196,e058e6c3226c6886a022664316a83177b07a2b75ce695fd808ff50456d356ddf,UK170,2026-01-15T11:37:36.951000,CANCELLED,4,6,20260420,20260115,accepted,existing-unique,0,0,0,0,0,0,0,0,0,0,0,0,0,,no payment record in this extract
B1197,beb3639de560935e5ca098c2c2a972d04b0189b58a96754962f686ffce8185c6,UK212,2025-05-19T11:37:36.951000,CONFIRMED,4,25,20260420,20250519,accepted,existing-unique,0,0,0,0,0,0,0,0,0,0,1,1,0,8876.86,complete amount coverage
B1198,17d9b63f96c3f1d2da7ae9b47fa999ea84da91914898e7d46d93fbe07191764d,SJ022,2025-06-16T11:37:36.951000,UNKNOWN,3,16,20260420,20250616,accepted,existing-unique,0,0,0,0,0,0,0,1,0,0,1,1,0,1830.32,complete amount coverage
B1199,50f49c4fdafd8cfb9e8e00dcd2872ac1df2edd8f7f5ad8150fba1cb576c6ff68,SJ075,2025-12-13T11:37:36.951000,PENDING,3,26,20260420,20251213,accepted,existing-unique,0,0,0,0,0,0,0,0,0,0,2,2,0,13499.52,complete amount coverage
B1200,cab26e39e2a067bca2af795c8476b730eacc7e3931bb1d81dc0e5dff41d638ac,UK177,2025-09-17T11:37:36.951000,CONFIRMED,4,19,20260420,20250917,accepted,existing-unique,0,0,0,0,0,0,0,0,0,0,3,3,0,30813.57,complete amount coverage
B1201,282bfad267e237be0a8b35c474d6571d94a058608a95b93c05d612843a6699db,UK206,2026-02-01T11:37:36.951000,CANCELLED,4,26,20260420,20260201,accepted,existing-unique,0,0,0,0,0,0,0,0,0,0,1,1,0,7338.75,complete amount coverage
B1202,2c3f92b053ba6a15ce6f1550c9ff6822eedb3a93b0658e4e1356dd3e859756f9,UK079,2025-04-29T11:37:36.951000,CANCELLED,4,16,20260420,20250429,accepted,existing-unique,0,0,0,0,0,0,0,0,0,0,1,1,0,1973.12,complete amount coverage
B1203,b1f8c001b194791fac58f2c172b200b70bb98c385585afb4667fd59d819dcfb5,UK040,2025-06-21T11:37:36.951000,CONFIRMED,4,23,20260420,20250621,accepted,existing-unique,0,0,0,0,0,0,0,0,0,0,1,1,0,12774.63,complete amount coverage
B1204,7b9e204df09cba68fcb3f4f61b059265bbbcf59ad2ba5927ca9172d60858c541,AI034,2025-07-25T11:37:36.951000,CONFIRMED,1,17,20260420,20250725,accepted,existing-nonunique,0,0,0,0,0,0,0,0,0,0,1,1,0,14106.07,complete amount coverage
B1205,950313c9b4ed89a432af910e76155a1f23508edf4ada055068cdccb0d60c30be,UK034,2025-10-18T11:37:36.951000,CONFIRMED,4,16,20260420,20251018,accepted,existing-unique,0,0,0,0,0,0,0,0,0,0,1,1,0,10452.65,complete amount coverage
B1206,2323a65b28d79dd2a73ff07a3da866e1309781a9bb29f15027418161d3ec4107,AI088,2025-07-02T11:37:36.951000,CONFIRMED,0,29,20260420,20250702,accepted,existing-unique,0,0,0,0,0,0,0,0,0,0,0,0,0,,no payment record in this extract
B1207,6854eb96024911e8564e06aac486465aaeea5206eb801574198900b4632a4f8c,AI128,2025-06-11T11:37:36.951000,PENDING,0,7,20260420,20250611,accepted,existing-unique,0,0,0,0,0,0,0,0,0,0,1,1,0,10823.99,complete amount coverage
B1208,f94e3fdbd1a5e3e5033f747a76d30b066eb8829c32de6321dd0b823b66ae17d6,SJ052,2025-07-22T11:37:36.951000,UNKNOWN,3,26,20260420,20250722,accepted,existing-unique,0,0,0,0,0,0,0,1,0,0,2,2,0,22071.57,complete amount coverage
B1209,a38521909f1bc72bd7f5b84f94c98dd0c37ca331043d54c1cf85f615d0f1c4cc,AI233,2025-12-15T11:37:36.951000,PENDING,1,1,20260420,20251215,accepted,existing-unique,0,0,0,0,0,0,0,0,0,0,1,1,0,10307.20,complete amount coverage
B1210,71780db26ef56f0e456cf7c9ede43cc59493fd928588c23a783479dabfaea510,AI012,2026-01-20T11:37:36.951000,PENDING,1,7,20260420,20260120,accepted,existing-unique,0,0,0,0,0,0,0,0,0,0,0,0,0,,no payment record in this extract
B1211,e55787b44b43ce59588aab02618a61b3bbece9e87d00d92c5841499c942b9c37,AI084,2025-07-07T11:37:36.951000,CONFIRMED,1,9,20260420,20250707,accepted,existing-unique,0,0,0,0,0,0,0,0,0,0,0,0,0,,no payment record in this extract
B1212,06a62d430796adb2f0652df0450589b33764a6fa14971c095082bb981e98b672,6F126,2025-07-08T11:37:36.951000,PENDING,2,15,20260420,20250708,accepted,existing-unique,0,0,0,0,0,0,0,0,0,0,1,1,0,8421.62,complete amount coverage
B1213,cbe046e1c4c2d6ebda4681e4d42622594f09dcbc9128a4622b8e2445f415b3be,SJ061,2025-06-16T11:37:36.951000,CONFIRMED,3,26,20260420,20250616,accepted,existing-unique,0,0,0,0,0,0,0,0,0,0,0,0,0,,no payment record in this extract
B1214,08b12626da2fea85329e915b8ebecf9b3adf27a77af1b6710263dc52a92ad3bc,UK194,2025-08-14T11:37:36.951000,UNKNOWN,4,12,20260420,20250814,accepted,existing-unique,0,0,0,0,0,1,0,0,0,0,0,0,0,,no payment record in this extract
B1215,f1d1b4dc1cc1097e5ea93d849fd8fc284b9dcc30a8ed3ca29043550188bb5f7a,AI135,2025-08-08T11:37:36.951000,CANCELLED,1,1,20260420,20250808,accepted,existing-unique,0,0,0,0,0,0,0,0,0,0,2,2,0,11951.15,complete amount coverage
B1216,f8004a326991ea84b1864cb96604f173c8b7868f4ce5e1bb3f3f84b71226762b,6F238,2025-12-09T11:37:36.951000,CONFIRMED,2,8,20260420,20251209,accepted,existing-unique,0,0,0,0,0,0,0,0,0,0,3,3,0,19165.81,complete amount coverage
B1217,3488eeb0cd8a0b02a645c31146f25de3a002df387a99021981dca073a01ef759,6F092,2026-03-19T11:37:36.951000,CANCELLED,2,26,20260420,20260319,accepted,existing-unique,0,0,0,0,0,0,0,0,0,0,0,0,0,,no payment record in this extract
B1218,c4966f8eb45aaf9810745fe38bd5330d4554ac9d81d2a654917cc00cb5c47867,AI213,2025-11-13T11:37:36.951000,PENDING,1,23,20260420,20251113,accepted,existing-unique,0,0,0,0,0,0,0,0,0,0,0,0,0,,no payment record in this extract
B1219,c26bb3c20ebc27952988ae38edf1dccb2b8a10f4acdd6b6c30e78f29bd5fd5e3,UK193,2026-02-15T11:37:36.951000,CANCELLED,4,24,20260420,20260215,accepted,existing-unique,0,0,0,0,0,0,0,0,0,0,0,0,0,,no payment record in this extract
B1220,9841fda74b6cc882a53bb9f74a65cf62bf36ebba78482420df378a0c2e58ce13,6F178,2026-04-04T11:37:36.951000,PENDING,2,7,20260420,20260404,accepted,existing-unique,0,0,0,0,0,0,0,0,0,0,1,1,0,11075.72,complete amount coverage
B1221,90fa487fa9eddc632a83e03872ff6ae8363bd8e87f9e051477d2e5903329eb24,AI158,2026-03-06T11:37:36.951000,CONFIRMED,1,13,20260420,20260306,accepted,existing-unique,0,0,0,0,0,0,0,0,0,0,2,2,0,18797.11,complete amount coverage
B1222,4afa3379bc1a2c28da550188ace47068294dba88fc39d78272cada9659639a98,UK208,2026-03-30T11:37:36.951000,PENDING,4,18,20260420,20260330,accepted,existing-unique,0,0,0,0,0,0,0,0,0,0,0,0,0,,no payment record in this extract
B1223,79ba960fa8dc9c882cc233a43e13cb637598d1936b8c3506a722d0500c3a37d7,6F056,2026-04-09T11:37:36.951000,UNKNOWN,2,10,20260420,20260409,accepted,existing-unique,0,0,0,0,0,1,0,0,0,0,1,1,0,1794.08,complete amount coverage
B1224,cfd7dae1814aed6157ed965759121d6b9b2c0726e82aff86ca2da724ca3a1788,UK185,2025-10-26T11:37:36.951000,CONFIRMED,4,20,20260420,20251026,accepted,existing-unique,0,0,0,0,0,0,0,0,0,0,0,0,0,,no payment record in this extract
B1225,c35552c281bc2e05a60b2afffd2d13c5463b6cb25a16767e988230b001f5c76b,AI163,2026-01-13T11:37:36.951000,PENDING,1,25,20260420,20260113,accepted,existing-unique,0,0,0,0,0,0,0,0,0,0,2,1,1,3894.65,partial amount coverage
B1226,5e47d3584c51f2959bf596046d8df597e8f6bd815075fe8c0d7ad0b47ced7e7d,AI112,2025-08-23T11:37:36.951000,CONFIRMED,1,16,20260420,20250823,accepted,existing-unique,0,0,0,0,0,0,0,0,0,0,1,1,0,8968.11,complete amount coverage
B1227,640df4e01270413f494021e7c8b0bb4495d9cffb264a27654abbc4942b4ba320,AI227,2025-10-23T11:37:36.951000,CANCELLED,1,5,20260420,20251023,accepted,existing-unique,0,0,0,0,0,0,0,0,0,0,1,0,1,,payment records but no usable amounts
B1228,62d50099d56d8a6024be786aa78b7c826dfc594fb1c875a8524a04acd9b5dd02,SJ083,2026-04-17T11:37:36.951000,CONFIRMED,3,26,20260420,20260417,accepted,existing-unique,0,0,0,0,0,0,0,0,0,0,2,2,0,11716.58,complete amount coverage
B1229,48e3db12a072d29f975bdcf7c74bdce74c0acfb6fa5af267eab258927df1220c,UK073,2026-02-07T11:37:36.951000,CONFIRMED,4,2,20260420,20260207,accepted,existing-unique,0,0,0,0,0,0,0,0,0,0,0,0,0,,no payment record in this extract
B1230,8bf6784c6d3c8c20fc16453a4aa6322793259309e5530a6a53a5e2bee5a9ea3b,6F169,2025-04-29T11:37:36.951000,PENDING,2,8,20260420,20250429,accepted,existing-unique,0,0,0,0,0,0,0,0,0,0,1,1,0,4531.77,complete amount coverage
B1231,24ead0746ab557a25ac2a363150806309cf72327461282eda16271189c285988,UK154,2026-04-06T11:37:36.951000,CANCELLED,4,30,20260420,20260406,accepted,existing-unique,0,0,0,0,0,0,0,0,0,0,2,2,0,11556.42,complete amount coverage
B1232,8bf6784c6d3c8c20fc16453a4aa6322793259309e5530a6a53a5e2bee5a9ea3b,SJ169,2025-10-06T11:37:36.951000,CONFIRMED,3,10,20260420,20251006,accepted,existing-unique,0,0,0,0,0,0,0,0,0,0,0,0,0,,no payment record in this extract
B1233,f2b8a5b467646d94e1c9cc737176e007acc06d59c5a944bac9ec54ffb140922d,6F187,2025-05-13T11:37:36.951000,CANCELLED,2,10,20260420,20250513,accepted,existing-unique,0,0,0,0,0,0,0,0,0,0,1,1,0,1617.29,complete amount coverage
B1234,e2c6e2403be96f7e602e72cc59d2e769cd09468756222980842a161b1155198a,UK210,2025-11-21T11:37:36.951000,CANCELLED,4,18,20260420,20251121,accepted,existing-unique,0,0,0,0,0,0,0,0,0,0,1,1,0,7984.22,complete amount coverage
B1235,52720ce98202e050b342457145c72bf7fa3136658d2309047d06085f378c2b55,6F250,2025-12-23T11:37:36.951000,PENDING,0,0,,20251223,ambiguous,existing-unique,0,0,0,0,0,0,0,0,0,,2,1,1,1236.74,partial amount coverage
B1236,4afa3379bc1a2c28da550188ace47068294dba88fc39d78272cada9659639a98,AI062,2025-07-05T11:37:36.951000,CONFIRMED,1,29,20260420,20250705,accepted,existing-unique,0,0,0,0,0,0,0,0,0,0,0,0,0,,no payment record in this extract
B1237,21cb7c777f4316ca41a10ba7293191145a8dccfbaad305c85559c2e46987e54e,AI047,2025-11-16T11:37:36.951000,UNKNOWN,0,15,20260420,20251116,accepted,existing-unique,0,0,0,0,0,1,0,0,0,0,0,0,0,,no payment record in this extract
B1238,7e9bf521225b67e52639d2db184c501f44cddc6b25a8e3028b50d5b79ff964ed,SJ186,2025-10-20T11:37:36.951000,UNKNOWN,3,13,20260420,20251020,accepted,existing-unique,0,0,0,0,0,1,0,0,0,0,1,1,0,3231.46,complete amount coverage
B1239,abb32a6cd7f6c070b507675e7501fa7b033ac6b08ba5404de26080429ea1db8d,AI217,2025-11-17T11:37:36.951000,CANCELLED,1,11,20260420,20251117,accepted,existing-unique,0,0,0,0,0,0,0,0,0,0,1,1,0,8821.90,complete amount coverage
B1240,de60b16aaa79d1773738bd85209ec7f9f30f4280874ed3ac6994c9a0db171243,UK100,2025-12-31T11:37:36.951000,CONFIRMED,4,11,20260420,20251231,accepted,existing-unique,0,0,0,0,0,0,0,0,0,0,1,1,0,12241.53,complete amount coverage
B1241,198c000a9c2ca70b6cd91be2e85efdb073e01b8e852736c919c82da22b88c59a,UK116,2025-12-16T11:37:36.951000,CONFIRMED,4,12,20260420,20251216,accepted,existing-unique,0,0,0,0,0,0,0,0,0,0,1,0,1,,payment records but no usable amounts
B1242,b9727c79ba7f17252a76d385a251c08e9043ff06f77030509aea9a6e029e138b,6F036,2025-12-01T11:37:36.951000,CANCELLED,2,11,20260420,20251201,accepted,existing-unique,0,0,0,0,0,0,0,0,0,0,0,0,0,,no payment record in this extract
B1243,44ba4ab9e2c3fc28300d631b2ebe993d473962d56cf2393b00138b4f5faf17bc,AI175,2026-01-22T11:37:36.951000,CANCELLED,1,9,20260420,20260122,accepted,existing-unique,0,0,0,0,0,0,0,0,0,0,0,0,0,,no payment record in this extract
B1244,70b8be9e63f7ca4fd4854dfd37d968fac929cf244b6d7ec12de9292797bf9460,UK051,2025-08-18T11:37:36.951000,CONFIRMED,4,24,20260420,20250818,accepted,existing-unique,0,0,0,0,0,0,0,0,0,0,1,1,0,4953.56,complete amount coverage
B1245,f34804cf490fec6b3156c7d70f2e19f9d6cd8b9d1372b3cbec45ef2e222e76bb,6F201,2026-04-17T11:37:36.951000,UNKNOWN,2,12,20260420,20260417,accepted,existing-unique,0,0,0,0,0,1,0,0,0,0,1,1,0,3162.91,complete amount coverage
B1246,17943c977830f563601f108f9e46ded58af0c2859cb97f6f427a7c12c6ef6b7f,6F230,2026-04-09T11:37:36.951000,CONFIRMED,2,11,20260420,20260409,accepted,existing-unique,0,0,0,0,0,0,0,0,0,0,1,1,0,11516.06,complete amount coverage
B1247,b74d3a73874c9f44e19b9b2e0772ecc76950ffb2b759ea217326031106d3c712,SJ138,2025-08-13T11:37:36.951000,CANCELLED,0,1,20260420,20250813,accepted,existing-unique,0,0,0,0,0,0,0,0,0,0,1,1,0,7658.69,complete amount coverage
B1248,b626e673517e0bb77d2b92ee0797cdf58870b263a0773270d69cd654e00382cc,AI246,2026-03-04T11:37:36.951000,PENDING,1,6,20260420,20260304,accepted,existing-unique,0,0,0,0,0,0,0,0,0,0,0,0,0,,no payment record in this extract
B1249,7ae17e21e4eecdfea1c81ec6bd71126bf7ceb0fc6a445d797e16d2dae4c6d10f,6F179,2025-06-06T11:37:36.951000,CANCELLED,2,25,20260420,20250606,accepted,existing-unique,0,0,0,0,0,0,0,0,0,0,2,2,0,5024.44,complete amount coverage
B1250,50f69abe6a2724ea7145658701543ead6b6d3960c3c6f97055bffb59d23de041,6F031,2026-01-28T11:37:36.951000,CANCELLED,2,6,20260420,20260128,accepted,existing-unique,0,0,0,0,0,0,0,0,0,0,1,1,0,6497.92,complete amount coverage
B1251,7ed3861a70bf00a59263b29ce87ba6f5e17da4ab1efea072b489658999ad9392,UK015,2025-08-30T11:37:36.951000,PENDING,4,1,20260420,20250830,accepted,existing-unique,0,0,0,0,0,0,0,0,0,0,1,1,0,6952.65,complete amount coverage
B1252,082a2c9622e4e852364c76d451574a05189174182263e0d8eb73c172a3444aee,UK001,2025-04-21T11:37:36.951000,CANCELLED,4,13,20260420,20250421,accepted,existing-unique,0,0,0,0,0,0,0,0,0,0,1,1,0,1480.08,complete amount coverage
B1253,fbb826232b71f639167f41a1803bc2b410afe8ac781180bf66eb5c2858486183,6F133,2026-02-27T11:37:36.951000,CANCELLED,2,26,20260420,20260227,accepted,existing-unique,0,0,0,0,0,0,0,0,0,0,2,2,0,16182.17,complete amount coverage
B1254,c7f2c92b31bfc9c036b9c2edda928f0e86a40059529cd3050505d9bcf46789db,6F143,2025-07-22T11:37:36.951000,CANCELLED,2,13,20260420,20250722,accepted,existing-unique,0,0,0,0,0,0,0,0,0,0,1,0,1,,payment records but no usable amounts
B1255,4ef7d1db1266365aee82e6f6b2c0575e41c1100e43d9fa08ed7be42ac84f3ebc,UK165,2025-09-22T11:37:36.951000,CANCELLED,4,16,20260420,20250922,accepted,existing-unique,0,0,0,0,0,0,0,0,0,0,1,1,0,1412.67,complete amount coverage
B1256,768effd592fb380fe2988e0c2ab4ca93402b9c90396cbf0c27383c6832c79cae,6F083,2025-08-10T11:37:36.951000,CANCELLED,2,3,20260420,20250810,accepted,existing-unique,0,0,0,0,0,0,0,0,0,0,1,1,0,2040.64,complete amount coverage
B1257,d123934b2d28acfdbeab3b9a72222eb8b08c8d977e79930dfe9592f6753c36cf,AI082,2025-08-19T11:37:36.951000,CANCELLED,1,18,20260420,20250819,accepted,existing-unique,0,0,0,0,0,0,0,0,0,0,1,1,0,13028.65,complete amount coverage
B1258,1f4f6c06e46598a7aaf8adf8695a116ba6ea2dcecc3060c22da4b2611008c085,AI164,2025-10-28T11:37:36.951000,CANCELLED,1,16,20260420,20251028,accepted,existing-unique,0,0,0,0,0,0,0,0,0,0,0,0,0,,no payment record in this extract
B1259,747c76ac29bbc24702aa6654ac7594d6b31dddf81f3ab7692f56fe7695afa8a9,SJ155,2026-01-19T11:37:36.951000,CANCELLED,3,18,20260420,20260119,accepted,existing-unique,0,0,0,0,0,0,0,0,0,0,1,1,0,12805.67,complete amount coverage
B1260,2e257359bf187237d74272e993c7eab9e580aed3b0cd81aee80f5c5b9a87d303,AI189,2026-01-04T11:37:36.951000,CANCELLED,1,13,20260420,20260104,accepted,existing-unique,0,0,0,0,0,0,0,0,0,0,3,3,0,16293.86,complete amount coverage
B1261,6923809f7819d18bb35a927493fa60e1d666475b909c2ad86c70b5b02b9b5436,SJ057,2025-12-21T11:37:36.951000,CONFIRMED,3,7,20260420,20251221,accepted,existing-unique,0,0,0,0,0,0,0,0,0,0,0,0,0,,no payment record in this extract
B1262,bc5555124a5daef5cb204f49962d217f9ef2a5663a2bc5a652004a2b3a92db24,SJ198,2025-05-07T11:37:36.951000,CONFIRMED,3,12,20260420,20250507,accepted,existing-unique,0,0,0,0,0,0,0,0,0,0,2,2,0,10619.20,complete amount coverage
B1263,aa10ed16e9240f0235b782f282de6978aa2ac1e868f8892d73e9294ad96502dc,6F122,2026-01-03T11:37:36.951000,CANCELLED,2,16,20260420,20260103,accepted,existing-unique,0,0,0,0,0,0,0,0,0,0,2,2,0,12480.90,complete amount coverage
B1264,2c79f2af09e16fb5d73ce5c68751f2e55a5e0b73f174c61e7ec1647a8d0f82f8,SJ097,2026-04-15T11:37:36.951000,CONFIRMED,3,7,20260420,20260415,accepted,existing-unique,0,0,0,0,0,0,0,0,0,0,2,2,0,8599.61,complete amount coverage
B1265,e6eae56dc519b27d041689b689457a18be25f3797971925841e9b2999ef167bd,UK203,2025-08-06T11:37:36.951000,PENDING,4,4,20260420,20250806,accepted,existing-unique,0,0,0,0,0,0,0,0,0,0,0,0,0,,no payment record in this extract
B1266,96621534665bd6173fe8a2bdc759551cc00891ab50b153b3fe4907bdeedb6eb5,UK093,2026-01-16T11:37:36.951000,CONFIRMED,4,23,20260420,20260116,accepted,existing-unique,0,0,0,0,0,0,0,0,0,0,1,1,0,14431.32,complete amount coverage
B1267,7eb04a8e4ef6456fed100b648da6aba120fbafc7e866dd3509629c4d80755d0c,AI205,2025-05-21T11:37:36.951000,CANCELLED,1,1,20260420,20250521,accepted,existing-unique,0,0,0,0,0,0,0,0,0,0,2,2,0,16308.98,complete amount coverage
B1268,37532c707af43fa39cbda23b110a4df35a966c0872ee59639f2b4a5eabfa062f,AI102,2026-01-16T11:37:36.951000,UNKNOWN,1,11,20260420,20260116,accepted,existing-unique,0,0,0,0,0,0,0,1,0,0,1,1,0,13289.27,complete amount coverage
B1269,cdb47505d03a7d59f4b11c8153bbb3d9e2d442dda0e2a9a94f98c150988ac1d0,6F046,2025-09-06T11:37:36.951000,CONFIRMED,2,16,20260420,20250906,accepted,existing-unique,0,0,0,0,0,0,0,0,0,0,2,2,0,21299.70,complete amount coverage
B1270,a74f119ed56930519b0a0de97dc2280f6c5c582c92c07052daf2c31178068bce,SJ017,2025-06-02T11:37:36.951000,UNKNOWN,3,20,20260420,20250602,accepted,existing-unique,0,0,0,0,0,1,0,0,0,0,0,0,0,,no payment record in this extract
B1271,e1d5eab591ced9fccbf6c5c007f694d44211e146fe24bf491075d22f50fd4f16,6F156,2025-10-20T11:37:36.951000,PENDING,2,27,20260420,20251020,accepted,existing-unique,0,0,0,0,0,0,0,0,0,0,1,1,0,12211.33,complete amount coverage
B1272,938183f4fbed699b3ec357083a8e918a37416f5df9a4141d255fee945c108218,AI068,2025-07-18T11:37:36.951000,PENDING,1,6,20260420,20250718,accepted,existing-unique,0,0,0,0,0,0,0,0,0,0,4,3,1,30432.86,partial amount coverage
B1273,2323e9ea2f0ace8b9677d61bff71decd566489c577e31ed7a69d28717d6d342b,AI150,2025-06-05T11:37:36.951000,UNKNOWN,1,8,20260420,20250605,accepted,existing-unique,0,0,0,0,0,1,0,0,0,0,2,2,0,9142.12,complete amount coverage
B1274,a5d6deebadf0084064ae91898f66ddd60e726854cafd6359502ce292ba892065,UK008,2025-10-15T11:37:36.951000,PENDING,4,11,20260420,20251015,accepted,existing-unique,0,0,0,0,0,0,0,0,0,0,1,1,0,8582.34,complete amount coverage
B1275,733b8f7bf55e3199fbfc1ed87c625b419680d57d79a1e2fdb7b67aec7b893f8b,6F166,2025-07-11T11:37:36.951000,PENDING,2,7,20260420,20250711,accepted,existing-unique,0,0,0,0,0,0,0,0,0,0,0,0,0,,no payment record in this extract
B1276,b8853db02f03e32c59a925439741fc58c25269db0eb277fda62876c458e1f5fd,6F177,2025-07-15T11:37:36.951000,CONFIRMED,2,25,20260420,20250715,accepted,existing-unique,0,0,0,0,0,0,0,0,0,0,1,1,0,9396.07,complete amount coverage
B1277,0e6871d4747e333a038d368e25d3366406ef7970821e9733a01c4db69f56844b,AI196,2026-01-19T11:37:36.951000,PENDING,1,30,20260420,20260119,accepted,existing-unique,0,0,0,0,0,0,0,0,0,0,0,0,0,,no payment record in this extract
B1278,a4ac05271f7858c2a0da31f63a71a2a23d382ca0a425ee93efe2ec3d59b9eb11,SJ191,2025-08-09T11:37:36.951000,CONFIRMED,3,1,20260420,20250809,accepted,existing-unique,0,0,0,0,0,0,0,0,0,0,0,0,0,,no payment record in this extract
B1279,e31ac3701c2586322ad629d03ecdf4a211253c419fcdf123de3bd28b16356a61,6F019,2025-05-10T11:37:36.951000,UNKNOWN,2,1,20260420,20250510,accepted,existing-unique,0,0,0,0,0,1,0,0,0,0,1,1,0,5467.05,complete amount coverage
B1280,253e2761bb2081344f3750e4b1f8650c844c81063aa9b8525e98d7d546ab7808,AI226,2026-04-12T11:37:36.951000,CONFIRMED,0,4,20260420,20260412,accepted,existing-unique,0,0,0,0,0,0,0,0,0,0,0,0,0,,no payment record in this extract
B1281,ae617b040e956c3bd378c02ed5a1abf33b05b7444267ac9d7cc9959a1d84b5ad,SJ207,2026-01-21T11:37:36.951000,CANCELLED,3,18,20260420,20260121,accepted,existing-unique,0,0,0,0,0,0,0,0,0,0,1,1,0,4413.80,complete amount coverage
B1282,3b7d88f41079b5212e64ebe2dd8ea7b0bcd0d79653962afe16072fe668f202ec,AI009,2025-12-30T11:37:36.951000,CANCELLED,0,18,20260420,20251230,accepted,existing-unique,0,0,0,0,0,0,0,0,0,0,0,0,0,,no payment record in this extract
B1283,db9232bcbdc143e1f41448d0aaaed732935a407f43bec0c8a24a3816521e5ffb,AI103,2025-05-08T11:37:36.951000,UNKNOWN,1,1,20260420,20250508,accepted,existing-unique,0,0,0,0,0,0,0,1,0,0,2,2,0,8606.06,complete amount coverage
B1284,79998b8ba2b71401a0946793385f60da0ea395020f68a230926d6a94d756a52c,SJ127,2026-02-22T11:37:36.951000,CANCELLED,3,8,20260420,20260222,accepted,existing-unique,0,0,0,0,0,0,0,0,0,0,2,2,0,12706.73,complete amount coverage
B1285,51c5f61eb756bd7e04856012bee3f821c5b20f7c3a7bdde5d452d8d879247f8e,UK188,2026-03-26T11:37:36.951000,CANCELLED,4,26,20260420,20260326,accepted,existing-unique,0,0,0,0,0,0,0,0,0,0,1,1,0,1207.32,complete amount coverage
B1286,6ba3c012a0d1d2e2e5f6347bda165d581100ca5db7abf4c8ccea5613894e7d7e,6F010,2025-09-25T11:37:36.951000,UNKNOWN,2,16,20260419,20250925,accepted,existing-unique,0,0,0,0,0,0,0,1,0,0,0,0,0,,no payment record in this extract
B1287,da9e355c785c02e29729b2588fb08a2cf57ea1959436b8d38504d692b7cf2d7f,SJ098,2025-12-13T11:37:36.951000,CANCELLED,3,25,20260420,20251213,accepted,existing-unique,0,0,0,0,0,0,0,0,0,0,2,2,0,22303.69,complete amount coverage
B1288,172e90301d5eb71c033db714f04f6c0a918d908bc7af235f668b1a84b9c4a053,6F058,2025-12-11T11:37:36.951000,PENDING,2,7,20260420,20251211,accepted,existing-nonunique,0,0,0,0,0,0,0,0,0,0,2,2,0,9254.89,complete amount coverage
B1289,7723b0180859a81ccc4513ca61895da1b53f08f605445a64ab1ed52b4bbc593d,SJ030,2026-03-23T11:37:36.951000,PENDING,3,19,20260420,20260323,accepted,existing-unique,0,0,0,0,0,0,0,0,0,0,2,1,1,12016.99,partial amount coverage
B1290,0c960b35215ea435096e8bd1b62e31b418e9662298acd34c3f350f75038374e8,UK175,2025-07-26T11:37:36.951000,CANCELLED,4,1,20260419,20250726,accepted,existing-unique,0,0,0,0,0,0,0,0,0,0,1,1,0,13471.57,complete amount coverage
B1291,4a4e5985c9976c2da6bdd36b09d668fbbbceddd46a54dd66a34ef2f3b1dcc697,SJ108,2026-04-01T11:37:36.951000,PENDING,3,4,20260420,20260401,accepted,existing-unique,0,0,0,0,0,0,0,0,0,0,1,1,0,4129.39,complete amount coverage
B1292,b7306a8a97b7f889592b40be5075731bb083286e6b5a4bf00279ea2a50f3c606,6F075,2025-08-03T11:37:36.951000,CONFIRMED,2,7,20260419,20250803,accepted,existing-unique,0,0,0,0,0,0,0,0,0,0,2,2,0,22109.52,complete amount coverage
B1293,b626e673517e0bb77d2b92ee0797cdf58870b263a0773270d69cd654e00382cc,UK222,2025-08-31T11:37:36.951000,CONFIRMED,4,7,20260420,20250831,accepted,existing-unique,0,0,0,0,0,0,0,0,0,0,1,1,0,6227.30,complete amount coverage
B1294,3b1dcd30beb1f934b4d16101983efa66b6c5dcb54e3cd2aae36303f8c1806ed4,6F250,2025-07-13T11:37:36.951000,CANCELLED,0,0,,20250713,ambiguous,existing-unique,0,0,0,0,0,0,0,0,0,,0,0,0,,no payment record in this extract
B1295,b1be64e8eaccee44f075c6114edf0d974c593f2cea8b18647a536292ea206406,AI096,2025-12-29T11:37:36.951000,CANCELLED,1,13,20260419,20251229,accepted,existing-unique,0,0,0,0,0,0,0,0,0,0,0,0,0,,no payment record in this extract
B1296,c2627280b171bb788521bc2363631bf5b37a9ccbfd844fdd8b35b384d87dc1b4,AI216,2025-12-23T11:37:36.951000,CANCELLED,1,7,20260420,20251223,accepted,existing-unique,0,0,0,0,0,0,0,0,0,0,0,0,0,,no payment record in this extract
B1297,3ad160e0333f5d67ff441e10b2fe80f89dc6536472326ed733d53d28802cca25,6F193,2026-01-23T11:37:36.951000,PENDING,2,10,20260420,20260123,accepted,existing-unique,0,0,0,0,0,0,0,0,0,0,0,0,0,,no payment record in this extract
B1298,9403fdcdf1d8fc1b1b686e7027e0fcba8d6ac11b4dbabcf9ea47820ce4c8ac3f,SJ194,2026-01-02T11:37:36.951000,PENDING,3,13,20260419,20260102,accepted,existing-unique,0,0,0,0,0,0,0,0,0,0,0,0,0,,no payment record in this extract
B1299,eea2e25f9241c3a0fdce117d83cbf3e647dce62ecb3960bad1af640f7d59e226,SJ020,2025-09-11T11:37:36.951000,CONFIRMED,3,1,20260419,20250911,accepted,existing-unique,0,0,0,0,0,0,0,0,0,0,1,1,0,8842.93,complete amount coverage
B1300,0ca07aefd2939afd362a63d698ad9ea806b07e39c48a384acf8ac6120f00b5bf,6F070,2025-06-14T11:37:36.951000,PENDING,2,24,20260419,20250614,accepted,existing-unique,0,0,0,0,0,0,0,0,0,0,0,0,0,,no payment record in this extract
B1301,3ad160e0333f5d67ff441e10b2fe80f89dc6536472326ed733d53d28802cca25,AI051,2025-09-03T11:37:36.951000,CONFIRMED,1,26,20260420,20250903,accepted,existing-unique,0,0,0,0,0,0,0,0,0,0,1,1,0,14671.03,complete amount coverage
B1302,10f6b34b53d61ab256d41a5107490482d7af1e6671ac131f36c382497df40176,UK219,2025-12-27T11:37:36.951000,PENDING,4,9,20260419,20251227,accepted,existing-unique,0,0,0,0,0,0,0,0,0,0,3,3,0,24221.91,complete amount coverage
B1303,8bf6784c6d3c8c20fc16453a4aa6322793259309e5530a6a53a5e2bee5a9ea3b,AI235,2025-12-13T11:37:36.951000,CONFIRMED,1,4,20260419,20251213,accepted,existing-unique,0,0,0,0,0,0,0,0,0,0,2,2,0,19672.95,complete amount coverage
B1304,445da7ce295e7edefb71116c2a9cbcf176a1d2492b50dbd66fcd3710e849d705,6F022,2025-12-13T11:37:36.951000,UNKNOWN,2,26,20260419,20251213,accepted,existing-unique,0,0,0,0,0,0,0,1,0,0,0,0,0,,no payment record in this extract
B1305,260702e5895ffd5cc8f3b35d71a1c9c3da4d2aa4ee322d0052bd51fcd1857e91,SJ114,2025-09-28T11:37:36.951000,PENDING,3,24,20260419,20250928,accepted,existing-unique,0,0,0,0,0,0,0,0,0,0,1,1,0,13844.39,complete amount coverage
B1306,ae356009052290ac5792e2c643cddee971d8ca42b4231abf1005ae2b1c28849b,SJ076,2025-12-01T11:37:36.951000,CONFIRMED,3,20,20260419,20251201,accepted,existing-unique,0,0,0,0,0,0,0,0,0,0,1,1,0,9753.04,complete amount coverage
B1307,d374513d16d3e2a9008192b04e94e8792360f9a81051802740ae4a03a131dca4,UK227,2026-01-26T11:37:36.951000,PENDING,4,9,20260419,20260126,accepted,existing-unique,0,0,0,0,0,0,0,0,0,0,2,2,0,26271.33,complete amount coverage
B1308,f6854fea1d3dd7765c1903a7f3a6d714930df4111967016b39a27567d6b03c7b,UK135,2025-07-22T11:37:36.951000,CANCELLED,4,24,20260419,20250722,accepted,existing-unique,0,0,0,0,0,0,0,0,0,0,2,2,0,21710.67,complete amount coverage
B1309,16e4261875a43ad3d6977a8bbe238313f91d21163105974ae24248f7fa6a4a99,AI234,2025-05-06T11:37:36.951000,CONFIRMED,1,10,20260419,20250506,accepted,existing-unique,0,0,0,0,0,0,0,0,0,0,0,0,0,,no payment record in this extract
B1310,0f4ff91d6abf18e97c33f8bee2c84dc76750264833fa9a912d12709f8b522426,6F113,2025-08-20T11:37:36.951000,PENDING,2,7,20260419,20250820,accepted,existing-unique,0,0,0,0,0,0,0,0,0,0,1,1,0,7370.22,complete amount coverage
B1311,f4e8227f01dde0d40f5ddf8fa4f8faf660ae8e68bdc99c960c2dc0539dc62312,SJ206,2025-11-16T11:37:36.951000,PENDING,3,18,20260419,20251116,accepted,existing-unique,0,0,0,0,0,0,0,0,0,0,0,0,0,,no payment record in this extract
B1312,c3394aee98b27b08799488419e687802a7bbbc92ae4e226f901b352c7500eece,AI015,2026-03-29T11:37:36.951000,UNKNOWN,1,2,20260419,20260329,accepted,existing-unique,0,0,0,0,0,1,0,0,0,0,0,0,0,,no payment record in this extract
B1313,1aa80dd86470b1d6a748802a3ca2fd723a06ebe4a2239a56fd0e2c68d9c99c0c,6F260,2025-05-16T11:37:36.951000,CANCELLED,0,13,20260419,20250516,accepted,existing-unique,0,0,0,0,0,0,0,0,0,0,0,0,0,,no payment record in this extract
B1314,733b8f7bf55e3199fbfc1ed87c625b419680d57d79a1e2fdb7b67aec7b893f8b,AI061,2025-04-28T11:37:36.951000,CONFIRMED,1,7,20260419,20250428,accepted,existing-unique,0,0,0,0,0,0,0,0,0,0,2,1,1,7529.51,partial amount coverage
B1315,62d50099d56d8a6024be786aa78b7c826dfc594fb1c875a8524a04acd9b5dd02,6F237,2026-03-26T11:37:36.951000,PENDING,2,25,20260419,20260326,accepted,existing-unique,0,0,0,0,0,0,0,0,0,0,0,0,0,,no payment record in this extract
B1316,f72a707a9d2cb559466ee7f6e0709417273086f2c696acadff8fcb1f908cc6a5,SJ099,2026-01-06T11:37:36.951000,PENDING,0,26,20260419,20260106,accepted,existing-unique,0,0,0,0,0,0,0,0,0,0,1,1,0,11302.63,complete amount coverage
B1317,fb435b4c398cfeb24b81c006c0b030b68135da0ff02455e522e7d3e3811deac8,SJ146,2026-02-24T11:37:36.951000,CANCELLED,3,21,20260419,20260224,accepted,existing-unique,0,0,0,0,0,0,0,0,0,0,3,3,0,33282.71,complete amount coverage
B1318,d386416d66bd5e3398c6e13d77bd0ddad1806650055798019889feb5aa4ce116,SJ146,2025-05-23T11:37:36.951000,CANCELLED,3,21,20260419,20250523,accepted,existing-unique,0,0,0,0,0,0,0,0,0,0,1,1,0,4594.77,complete amount coverage
B1319,0cce8d7c6924f30a13faef286d3567f41053cb0f3d8c065908b2029bb901cbd6,6F071,2025-05-04T11:37:36.951000,CONFIRMED,2,18,20260419,20250504,accepted,existing-unique,0,0,0,0,0,0,0,0,0,0,1,1,0,5359.26,complete amount coverage
B1320,7b9e204df09cba68fcb3f4f61b059265bbbcf59ad2ba5927ca9172d60858c541,6F272,2025-08-13T11:37:36.951000,PENDING,0,25,20260419,20250813,accepted,existing-nonunique,0,0,0,0,0,0,0,0,0,0,2,2,0,22159.09,complete amount coverage
B1321,01c1cecdec1ba14eac9183a08203e36396ebe03422bb80b150b3aed4598fd252,SJ029,2026-02-12T11:37:36.951000,PENDING,0,24,20260419,20260212,accepted,existing-unique,0,0,0,0,0,0,0,0,0,0,0,0,0,,no payment record in this extract
B1322,8caa0f51c5b37b8149ea4480f3713b6793de40a2cb1bd39e475b6dce01714105,UK084,2025-07-27T11:37:36.951000,CONFIRMED,4,29,20260419,20250727,accepted,existing-unique,0,0,0,0,0,0,0,0,0,0,0,0,0,,no payment record in this extract
B1323,5d8e48a56981b91526d0897e8d7723372759957d24510326b7ad6adc41b4dffd,SJ048,2026-02-06T11:37:36.951000,CONFIRMED,3,26,20260419,20260206,accepted,existing-unique,0,0,0,0,0,0,0,0,0,0,0,0,0,,no payment record in this extract
B1324,111f757dfa2a70afbbe9d2a65ec23a048eb17db096d60c43c482d2ef7cc2b1a8,AI108,2026-02-04T11:37:36.951000,CANCELLED,1,2,20260419,20260204,accepted,existing-unique,0,0,0,0,0,0,0,0,0,0,2,1,1,7543.00,partial amount coverage
B1325,5ef9a0198320bdee87018de82d3abdc184ff176f354b33deb2f80dc7ceee138d,SJ134,2025-08-11T11:37:36.951000,CANCELLED,3,7,20260419,20250811,accepted,existing-unique,0,0,0,0,0,0,0,0,0,0,1,1,0,4503.45,complete amount coverage
B1326,15a031954e731c754255cd08f9b1a47e68ca3ce68a932f68bbad272138272bc2,UK146,2025-10-31T11:37:36.951000,CONFIRMED,4,10,20260419,20251031,accepted,existing-unique,0,0,0,0,0,0,0,0,0,0,0,0,0,,no payment record in this extract
B1327,6bc1565d76c1aa4f39bbce21d68c16f3b3e1dc9ce625a1d66a27f1ba771621ac,SJ036,2025-09-24T11:37:36.951000,CONFIRMED,3,19,20260419,20250924,accepted,existing-unique,0,0,0,0,0,0,0,0,0,0,1,1,0,13822.99,complete amount coverage
B1328,aa10ed16e9240f0235b782f282de6978aa2ac1e868f8892d73e9294ad96502dc,6F202,2025-11-01T11:37:36.951000,PENDING,2,21,20260419,20251101,accepted,existing-unique,0,0,0,0,0,0,0,0,0,0,0,0,0,,no payment record in this extract
B1329,898c4fa1ea41bb5c2d9fc4cbfe41dfd7e2492b3c503742b4e6e4a36d9722cd5a,UK041,2026-02-13T11:37:36.951000,CONFIRMED,4,25,20260419,20260213,accepted,existing-unique,0,0,0,0,0,0,0,0,0,0,1,1,0,6401.38,complete amount coverage
B1330,768effd592fb380fe2988e0c2ab4ca93402b9c90396cbf0c27383c6832c79cae,6F078,2025-12-06T11:37:36.951000,CONFIRMED,2,7,20260419,20251206,accepted,existing-unique,0,0,0,0,0,0,0,0,0,0,0,0,0,,no payment record in this extract
B1331,b61d9ad0870149bec38d8c8a2c2d85d4bc448cdbbf8cccfe0abaec92b33e3374,AI097,2025-07-03T11:37:36.951000,PENDING,1,25,20260419,20250703,accepted,existing-unique,0,0,0,0,0,0,0,0,0,0,1,1,0,7131.50,complete amount coverage
B1332,8b25ebf2ed0ea6ce2f1c3d1a2dcf9276385ad82ce5dadcd268991a9026132ba6,UK159,2026-01-15T11:37:36.951000,CONFIRMED,4,11,20260419,20260115,accepted,existing-unique,0,0,0,0,0,0,0,0,0,0,1,1,0,4183.32,complete amount coverage
B1333,91fb431dfb27c3c24dd288f21aadca0cb907765fca011dc904db4f933478f9b3,UK044,2025-09-06T11:37:36.951000,CANCELLED,4,1,20260419,20250906,accepted,existing-unique,0,0,0,0,0,0,0,0,0,0,2,2,0,4610.90,complete amount coverage
B1334,e1430ff6f3cac803663b0fab8a51f61a25628c8cce1a292a875a6551e8c83440,6F176,2025-09-27T11:37:36.951000,CANCELLED,2,13,20260419,20250927,accepted,existing-unique,0,0,0,0,0,0,0,0,0,0,0,0,0,,no payment record in this extract
B1335,a5d6deebadf0084064ae91898f66ddd60e726854cafd6359502ce292ba892065,SJ221,2026-02-11T11:37:36.951000,PENDING,3,30,20260419,20260211,accepted,existing-unique,0,0,0,0,0,0,0,0,0,0,0,0,0,,no payment record in this extract
B1336,f5ad6078d01a634039797e9813336f45a7a13af2c06b4fad4b9f12d83060d2ae,6F112,2025-07-03T11:37:36.951000,CONFIRMED,2,24,20260419,20250703,accepted,existing-unique,0,0,0,0,0,0,0,0,0,0,0,0,0,,no payment record in this extract
B1337,938183f4fbed699b3ec357083a8e918a37416f5df9a4141d255fee945c108218,6F246,2025-10-20T11:37:36.951000,UNKNOWN,2,24,20260419,20251020,accepted,existing-unique,0,0,0,0,0,0,0,1,0,0,0,0,0,,no payment record in this extract
B1338,2509d6fbce9ca7eb501d0f3f38b3091106bb8b6bf73cc6c94bb67a09387ad40e,6F014,2026-02-21T11:37:36.951000,CANCELLED,2,20,20260419,20260221,accepted,existing-unique,0,0,0,0,0,0,0,0,0,0,0,0,0,,no payment record in this extract
B1339,e994eeba46f7a6259d100d92957c1571660cfb9e63994e4965ffe5021dfc43ba,AI237,2025-09-17T11:37:36.951000,CANCELLED,1,7,20260419,20250917,accepted,existing-unique,0,0,0,0,0,0,0,0,0,0,0,0,0,,no payment record in this extract
B1340,e1d5eab591ced9fccbf6c5c007f694d44211e146fe24bf491075d22f50fd4f16,6F003,2025-12-14T11:37:36.951000,CANCELLED,2,22,20260419,20251214,accepted,existing-unique,0,0,0,0,0,0,0,0,0,0,0,0,0,,no payment record in this extract
B1341,9c2135a5565760935c9ea3275535a071c0b29d9b1401db1e40e0c970300c3f6a,6F249,2025-07-04T11:37:36.951000,CONFIRMED,2,22,20260419,20250704,accepted,existing-nonunique,0,0,0,0,0,0,0,0,0,0,2,1,1,9263.24,partial amount coverage
B1342,a0ab8ee25e17ea0ee0b7babdfa441341671a493bcd65bf81c905a820860be726,UK149,2025-04-29T11:37:36.951000,CONFIRMED,4,29,20260419,20250429,accepted,existing-unique,0,0,0,0,0,0,0,0,0,0,3,2,1,19003.28,partial amount coverage
B1343,ea108e51be334382c40ec4fdc55b6735b378f7d6f55359f4775d3bbf30985279,SJ163,2026-03-08T11:37:36.951000,CONFIRMED,3,19,20260419,20260308,accepted,existing-unique,0,0,0,0,0,0,0,0,0,0,0,0,0,,no payment record in this extract
B1344,11d795562e99d7da53391dca25630f82fc934d803ef2e9cecab29866565fdaeb,SJ243,2026-03-28T11:37:36.951000,CONFIRMED,3,3,20260419,20260328,accepted,existing-unique,0,0,0,0,0,0,0,0,0,0,0,0,0,,no payment record in this extract
B1345,ceda62cd817919d08cc40d58db2cdfc166f1bc6531789c4ab382ebad4d70428d,UK113,2025-06-06T11:37:36.951000,CANCELLED,4,13,20260419,20250606,accepted,existing-unique,0,0,0,0,0,0,0,0,0,0,0,0,0,,no payment record in this extract
B1346,c2627280b171bb788521bc2363631bf5b37a9ccbfd844fdd8b35b384d87dc1b4,AI071,2025-06-07T11:37:36.951000,PENDING,1,10,20260419,20250607,accepted,existing-unique,0,0,0,0,0,0,0,0,0,0,0,0,0,,no payment record in this extract
B1347,b71a1b18cb9c29bf7f3d615dabff99bc470a172456f5d4dbd586d84e5b7c7f41,6F271,2026-02-07T11:37:36.951000,PENDING,0,25,20260419,20260207,accepted,existing-unique,0,0,0,0,0,0,0,0,0,0,1,1,0,12000.54,complete amount coverage
B1348,efee70e64aee0d5244b3310b6abd6b13e7ae8f3b754c378de032451309e1ccc6,SJ015,2025-06-05T11:37:36.951000,CANCELLED,3,7,20260419,20250605,accepted,existing-unique,0,0,0,0,0,0,0,0,0,0,0,0,0,,no payment record in this extract
B1349,c6e569a1fbee6f5f025e42cddbc4e5a61eeb93705e0f8a0658531c257c346b87,UK047,2025-11-19T11:37:36.951000,CANCELLED,4,4,20260419,20251119,accepted,existing-unique,0,0,0,0,0,0,0,0,0,0,1,1,0,11101.75,complete amount coverage
B1350,81a7a3008de1fa01107e87af433e6959c5d8c67535984469981b7a1dab452caf,UK020,2026-02-04T11:37:36.951000,PENDING,4,26,20260419,20260204,accepted,existing-unique,0,0,0,0,0,0,0,0,0,0,3,3,0,30051.37,complete amount coverage
B1351,f523fe4546f061dcdcb88e6152054e3ab201831afc55788f94ed89f6f73652cd,AI122,2025-09-03T11:37:36.951000,PENDING,1,7,20260419,20250903,accepted,existing-unique,0,0,0,0,0,0,0,0,0,0,1,1,0,14687.44,complete amount coverage
B1352,c88fcebce831912be218724a0128448ca012d069a88f197247f1887d4b0d90e5,UK223,2025-10-20T11:37:36.951000,CANCELLED,4,13,20260419,20251020,accepted,existing-nonunique,0,0,0,0,0,0,0,0,0,0,2,2,0,12219.85,complete amount coverage
B1353,c37fe6b197a92924a4eec1e9478f40c8cbc5adccf2c7bc70203077a32b96f489,6F148,2025-09-19T11:37:36.951000,CANCELLED,2,12,20260419,20250919,accepted,existing-unique,0,0,0,0,0,0,0,0,0,0,0,0,0,,no payment record in this extract
B1354,ae2129ac520738458c6f36570b83c5905f574b7b1326af93da599987cdfbcf3b,SJ162,2025-12-14T11:37:36.951000,CONFIRMED,3,19,20260419,20251214,accepted,existing-unique,0,0,0,0,0,0,0,0,0,0,1,1,0,10023.88,complete amount coverage
B1355,e12b0116c2cbba9aacc730e6544420ff56ca8b7039af5e312d83d27bff4317f7,6F127,2026-03-30T11:37:36.951000,CONFIRMED,2,22,20260419,20260330,accepted,existing-unique,0,0,0,0,0,0,0,0,0,0,2,2,0,14298.51,complete amount coverage
B1356,50066e779d3f0f9efd36184580c6cbab0d91028e9d6bae72a51f88a21a4c284c,AI173,2025-11-10T11:37:36.951000,PENDING,1,24,20260419,20251110,accepted,existing-unique,0,0,0,0,0,0,0,0,0,0,0,0,0,,no payment record in this extract
B1357,a480905ce92787fb47a1778313371cadbf478ae72dc94ad2bac08d224dbe32ba,6F065,2026-02-05T11:37:36.951000,UNKNOWN,2,26,20260419,20260205,accepted,existing-unique,0,0,0,0,0,1,0,0,0,0,1,1,0,6983.72,complete amount coverage
B1358,215474a27523bac03e98d120394be34a7e89061a528bd7dd0df5051acfbed3d3,AI053,2025-06-22T11:37:36.951000,PENDING,1,13,20260419,20250622,accepted,existing-unique,0,0,0,0,0,0,0,0,0,0,0,0,0,,no payment record in this extract
B1359,d9609ab62667a870f3a914967ca34a26c10d5d0f774aac92b335f32d33a63474,AI241,2025-10-22T11:37:36.951000,CONFIRMED,1,21,20260419,20251022,accepted,existing-unique,0,0,0,0,0,0,0,0,0,0,4,3,1,21566.81,partial amount coverage
B1360,758bc536e3a0c288478f15a119c037419e90e8024740d862be7e8302de0604ba,AI105,2025-06-15T11:37:36.951000,UNKNOWN,1,13,20260419,20250615,accepted,existing-unique,0,0,0,0,0,1,0,0,0,0,0,0,0,,no payment record in this extract
B1361,4e15620e25c00e973405c5372fa7369395daabaa289398a0214a7f647103b281,AI110,2025-08-24T11:37:36.951000,PENDING,1,7,20260419,20250824,accepted,existing-unique,0,0,0,0,0,0,0,0,0,0,1,1,0,5339.72,complete amount coverage
B1362,96e53824dc63f32a7257ea85ddbe442d4840caab4465e72328797804ad748624,AI252,2025-10-22T11:37:36.951000,CONFIRMED,0,24,20260419,20251022,accepted,existing-unique,0,0,0,0,0,0,0,0,0,0,0,0,0,,no payment record in this extract
B1363,7723b0180859a81ccc4513ca61895da1b53f08f605445a64ab1ed52b4bbc593d,AI149,2025-12-14T11:37:36.951000,CANCELLED,1,9,20260419,20251214,accepted,existing-unique,0,0,0,0,0,0,0,0,0,0,1,1,0,8554.62,complete amount coverage
B1364,32146ccc825a36360f91115c365eedc33b5139700e5f9bb2f48d3d70c3d973f5,AI224,2025-09-09T11:37:36.951000,PENDING,1,19,20260419,20250909,accepted,existing-unique,0,0,0,0,0,0,0,0,0,0,3,3,0,14123.66,complete amount coverage
B1365,78c46e275429b3e2a7da65cfd6c3e157abc452991d7f52354fb389fbad7334aa,UK158,2025-07-03T11:37:36.951000,CANCELLED,4,10,20260419,20250703,accepted,existing-unique,0,0,0,0,0,0,0,0,0,0,0,0,0,,no payment record in this extract
B1366,614f5306da9cec49dceb6a726fb9dbe99f0a7ebd1c51e5d3d90153416ed92416,6F125,2025-05-05T11:37:36.951000,CANCELLED,2,7,20260419,20250505,accepted,existing-unique,0,0,0,0,0,0,0,0,0,0,0,0,0,,no payment record in this extract
B1367,3b5a947dc58a16b4619936fe50ea90e8c5314a3c4b25691a8e22e4b1fec42623,UK164,2025-12-14T11:37:36.951000,CONFIRMED,4,9,20260419,20251214,accepted,existing-unique,0,0,0,0,0,0,0,0,0,0,2,1,1,2379.52,partial amount coverage
B1368,66f28e7fd272240ae5039f3528025f5884335a47ba70cd37ebb814c7bd111107,UK007,2025-12-26T11:37:36.951000,CANCELLED,4,19,20260419,20251226,accepted,existing-unique,0,0,0,0,0,0,0,0,0,0,3,3,0,21921.94,complete amount coverage
B1369,31eb990140d7bd18224830099b47cafbe64ff39458b3616c6c75a956b4d110d6,6F118,2026-03-18T11:37:36.951000,PENDING,2,14,20260419,20260318,accepted,existing-unique,0,0,0,0,0,0,0,0,0,0,3,2,1,18103.68,partial amount coverage
B1370,604523fa427fe2dabbcb6fc8fc0b60d497a76c8a8bc42b6d6251a07b554182a7,SJ004,2026-01-01T11:37:36.951000,CANCELLED,3,29,20260419,20260101,accepted,existing-unique,0,0,0,0,0,0,0,0,0,0,2,2,0,16512.64,complete amount coverage
B1371,784553831dbbe958bce08b4041e90b57fe501189d1966230ca55e618b25b7776,6F206,2025-09-25T11:37:36.951000,CANCELLED,2,17,20260419,20250925,accepted,existing-unique,0,0,0,0,0,0,0,0,0,0,0,0,0,,no payment record in this extract
B1372,5ef9a0198320bdee87018de82d3abdc184ff176f354b33deb2f80dc7ceee138d,SJ130,2025-05-11T11:37:36.951000,CANCELLED,3,8,20260419,20250511,accepted,existing-unique,0,0,0,0,0,0,0,0,0,0,2,2,0,10597.22,complete amount coverage
B1373,60115b4e562111a61b33babb3e66e70658b52ea9bc82a9ca2419e0b98568b6f8,SJ070,2026-02-14T11:37:36.951000,CANCELLED,3,28,20260419,20260214,accepted,existing-unique,0,0,0,0,0,0,0,0,0,0,1,1,0,6540.32,complete amount coverage
B1374,4ef7d1db1266365aee82e6f6b2c0575e41c1100e43d9fa08ed7be42ac84f3ebc,AI085,2025-04-24T11:37:36.951000,CANCELLED,1,19,20260419,20250424,accepted,existing-unique,0,0,0,0,0,0,0,0,0,0,0,0,0,,no payment record in this extract
B1375,7b9e204df09cba68fcb3f4f61b059265bbbcf59ad2ba5927ca9172d60858c541,SJ109,2025-09-02T11:37:36.951000,CONFIRMED,3,8,20260419,20250902,accepted,existing-nonunique,0,0,0,0,0,0,0,0,0,0,2,2,0,19214.79,complete amount coverage
B1376,ad7d8796ed5b5569ef2b2ee0369270d90ff55e98c33a016a485d7e3c7e5d7614,AI168,2025-08-24T11:37:36.951000,PENDING,0,18,20260419,20250824,accepted,existing-unique,0,0,0,0,0,0,0,0,0,0,3,2,1,19918.21,partial amount coverage
B1377,b8b4dd7b7d8837413d6b7f245ba3dd68fb5dac9773bc4352e7387b17f332dea7,UK123,2025-10-24T11:37:36.951000,CONFIRMED,4,8,20260419,20251024,accepted,existing-unique,0,0,0,0,0,0,0,0,0,0,0,0,0,,no payment record in this extract
B1378,3884bf2591dc4824f14dfdc8ef82d9fe8e0fb886bccada24eec8964edd9e7191,UK110,2026-01-16T11:37:36.951000,PENDING,4,24,20260419,20260116,accepted,existing-unique,0,0,0,0,0,0,0,0,0,0,2,2,0,14416.01,complete amount coverage
B1379,3e6ffdd533bfc1a0f12ab4604a283bf76f062b354953c3f5b9aecbe4709ff09a,AI206,2025-11-02T11:37:36.951000,PENDING,1,15,20260419,20251102,accepted,existing-unique,0,0,0,0,0,0,0,0,0,0,0,0,0,,no payment record in this extract
B1380,6e80012b6a0eb1bfd67a697e9d3c51ce9310b6c04784d0237ff406dc58feb691,6F007,2026-04-16T11:37:36.951000,PENDING,2,25,20260419,20260416,accepted,existing-unique,0,0,0,0,0,0,0,0,0,0,1,1,0,14705.02,complete amount coverage
B1381,f6854fea1d3dd7765c1903a7f3a6d714930df4111967016b39a27567d6b03c7b,SJ013,2025-11-11T11:37:36.951000,PENDING,3,20,20260419,20251111,accepted,existing-unique,0,0,0,0,0,0,0,0,0,0,1,1,0,7452.89,complete amount coverage
B1382,66de5d50c67b95f919bfe238e1de0f754ede9e9def09d701dff91f09b3f33269,UK061,2025-09-19T11:37:36.951000,PENDING,4,1,20260419,20250919,accepted,existing-unique,0,0,0,0,0,0,0,0,0,0,1,1,0,14862.46,complete amount coverage
B1383,3af11a6f1d131050bec55076eae94a11c43716b368c656ac57dd3927589d7d1f,AI010,2025-09-24T11:37:36.951000,CANCELLED,1,9,20260419,20250924,accepted,existing-unique,0,0,0,0,0,0,0,0,0,0,0,0,0,,no payment record in this extract
B1384,b31f01b345b195677d33f1c2ee75c39523cf11af0141f8013f4b8cf0e6846e4c,AI024,2025-05-16T11:37:36.951000,CONFIRMED,1,27,20260419,20250516,accepted,existing-unique,0,0,0,0,0,0,0,0,0,0,1,1,0,5107.55,complete amount coverage
B1385,9682ff18662ef97901ae23c4264db69456b5dba6fb907569ebbdd118e184b6db,UK130,2025-06-08T11:37:36.951000,CONFIRMED,4,26,20260419,20250608,accepted,existing-unique,0,0,0,0,0,0,0,0,0,0,0,0,0,,no payment record in this extract
B1386,918ea0db9982059aeb09d59d80c33026248b54eca8358cd804e3affadcbf28bb,AI161,2026-03-12T11:37:36.951000,CANCELLED,1,12,20260419,20260312,accepted,existing-unique,0,0,0,0,0,0,0,0,0,0,0,0,0,,no payment record in this extract
B1387,3d4392624ce74977c28b5f3d19735c7538dfc2e9fe4d687265eb5595f1629068,SJ208,2025-07-23T11:37:36.951000,PENDING,3,19,20260419,20250723,accepted,existing-unique,0,0,0,0,0,0,0,0,0,0,0,0,0,,no payment record in this extract
B1388,09f08206ca9bfaf4337b635c1ba42c62c817e1595248c7a2a092362bb1b7b445,6F038,2025-09-23T11:37:36.951000,UNKNOWN,2,25,20260419,20250923,accepted,existing-unique,0,0,0,0,0,0,0,1,0,0,2,2,0,22550.01,complete amount coverage
B1389,24ce45fa8ca1cd994412151e4b05fcb60d79e6da0914580365fed4fbf0b528d4,6F085,2026-02-22T11:37:36.951000,UNKNOWN,2,25,20260419,20260222,accepted,existing-unique,0,0,0,0,0,1,0,0,0,0,1,0,1,,payment records but no usable amounts
B1390,069c4fa40f0c2ab1529a26aa5d1158416d521449aa2b132286547ebefce73c31,SJ028,2026-03-09T11:37:36.951000,CANCELLED,3,12,20260419,20260309,accepted,existing-unique,0,0,0,0,0,0,0,0,0,0,0,0,0,,no payment record in this extract
B1391,9d65937a4de9f686ab2a8bc3b62a01d051d08102bd5b864a58a19abc13884da4,SJ084,2025-11-26T11:37:36.951000,CONFIRMED,3,25,20260419,20251126,accepted,existing-unique,0,0,0,0,0,0,0,0,0,0,3,3,0,35468.95,complete amount coverage
B1392,b71a1b18cb9c29bf7f3d615dabff99bc470a172456f5d4dbd586d84e5b7c7f41,AI139,2026-03-27T11:37:36.951000,CONFIRMED,1,25,20260419,20260327,accepted,existing-unique,0,0,0,0,0,0,0,0,0,0,0,0,0,,no payment record in this extract
B1393,3ef740c96304f3564e20b3d728b1d1494b0475e04a4dc879fdef6932e1c929b1,UK179,2026-04-06T11:37:36.951000,PENDING,4,19,20260419,20260406,accepted,existing-unique,0,0,0,0,0,0,0,0,0,0,1,1,0,5252.26,complete amount coverage
B1394,16e4261875a43ad3d6977a8bbe238313f91d21163105974ae24248f7fa6a4a99,6F256,2025-07-23T11:37:36.951000,PENDING,0,7,20260419,20250723,accepted,existing-unique,0,0,0,0,0,0,0,0,0,0,0,0,0,,no payment record in this extract
B1395,7571c2f2220956bc7598c70449f37b694b5975cc4cdf4240f6526440f60a34e1,UK023,2026-02-10T11:37:36.951000,UNKNOWN,4,20,20260419,20260210,accepted,existing-unique,0,0,0,0,0,0,0,1,0,0,1,1,0,10317.13,complete amount coverage
B1396,4b782d059e93d4cf59aaeac3eeb892b3b84736e61eff360b56cf8d32d3193d0f,AI039,2025-08-03T11:37:36.951000,UNKNOWN,1,26,20260419,20250803,accepted,existing-unique,0,0,0,0,0,1,0,0,0,0,2,2,0,16199.13,complete amount coverage
B1397,c25b62d8d43f38e827e5e9e7e30167075e4d11d5d87c4dd49ff82ee5c368fedf,UK190,2026-02-05T11:37:36.951000,CANCELLED,4,16,20260419,20260205,accepted,existing-unique,0,0,0,0,0,0,0,0,0,0,1,1,0,3065.33,complete amount coverage
B1398,ae29a87e6b4f68cbfe07b6c401f585b5a0a1fc15417b8460b94b0efc8f79943c,6F224,2026-02-04T11:37:36.951000,PENDING,2,20,20260419,20260204,accepted,existing-unique,0,0,0,0,0,0,0,0,0,0,1,1,0,7148.95,complete amount coverage
B1399,cff7f95ab489dc0af142fd6b254c073051272d6584dfb04637d4284048becbc1,UK221,2025-05-31T11:37:36.951000,PENDING,4,13,20260419,20250531,accepted,existing-unique,0,0,0,0,0,0,0,0,0,0,0,0,0,,no payment record in this extract
B1400,08b12626da2fea85329e915b8ebecf9b3adf27a77af1b6710263dc52a92ad3bc,SJ107,2026-04-02T11:37:36.951000,CANCELLED,3,10,20260419,20260402,accepted,existing-unique,0,0,0,0,0,0,0,0,0,0,1,1,0,3063.78,complete amount coverage
B1401,0873b9d1fb8fd26760271c26c8f697e811fb8295b251b3be4fb9a66654d23b5f,UK155,2025-04-20T11:37:36.951000,UNKNOWN,4,30,20260419,20250420,accepted,existing-unique,0,0,0,0,0,1,0,0,0,0,3,3,0,20849.53,complete amount coverage
B1402,ae31539f9f87dc5f7b61f34adf56c5d73d6c4a5884f45368941fbbfc22bf5421,UK183,2026-03-21T11:37:36.951000,CANCELLED,4,2,20260419,20260321,accepted,existing-unique,0,0,0,0,0,0,0,0,0,0,2,2,0,16058.67,complete amount coverage
B1403,c8682b72989217f8f02ba3900a7b4c65415b11a02c882d41c43cd003525fbd9f,SJ203,2025-05-08T11:37:36.951000,PENDING,0,19,20260419,20250508,accepted,existing-unique,0,0,0,0,0,0,0,0,0,0,0,0,0,,no payment record in this extract
B1404,00fc716b177e33f53286b7447e6a35b14c08494c4c5ca1b17770d500bf9ec951,6F253,2026-03-07T11:37:36.951000,UNKNOWN,0,26,20260419,20260307,accepted,existing-unique,0,0,0,0,0,0,0,1,0,0,1,1,0,7473.06,complete amount coverage
B1405,2fc09cec9993c0da7def0e5d0eb847eb36b78375205bb923f226b5e7e86933c3,AI100,2025-08-26T11:37:36.951000,PENDING,0,12,20260419,20250826,accepted,existing-unique,0,0,0,0,0,0,0,0,0,0,0,0,0,,no payment record in this extract
B1406,fa287f7a5ff0bba216ce2d597d0f6bf094b29e974f87a8f65302e09a4f81e971,6F140,2025-06-24T11:37:36.951000,CONFIRMED,2,14,20260419,20250624,accepted,existing-unique,0,0,0,0,0,0,0,0,0,0,2,2,0,21722.62,complete amount coverage
B1407,07cf7ce1503e5e60fa2eca3df11159a37529272e85341a38f65baefe4653d0f4,UK048,2025-08-26T11:37:36.951000,CONFIRMED,4,29,20260419,20250826,accepted,existing-unique,0,0,0,0,0,0,0,0,0,0,0,0,0,,no payment record in this extract
B1408,24ead0746ab557a25ac2a363150806309cf72327461282eda16271189c285988,SJ204,2025-07-29T11:37:36.951000,CONFIRMED,3,13,20260419,20250729,accepted,existing-unique,0,0,0,0,0,0,0,0,0,0,2,2,0,7805.42,complete amount coverage
B1409,58966e277a18d64c1e8da50994c3bc71bedda886601e1c8fd30513a49aa6d3e9,UK105,2026-03-24T11:37:36.951000,CONFIRMED,4,14,20260419,20260324,accepted,existing-unique,0,0,0,0,0,0,0,0,0,0,1,1,0,1095.00,complete amount coverage
B1410,ccb187bc0345dfb9b35119d9b275889dfbdb9033a258a149ade6da9e92a1f05d,AI098,2026-04-13T11:37:36.951000,CONFIRMED,1,25,20260419,20260413,accepted,existing-nonunique,0,0,0,0,0,0,0,0,0,0,0,0,0,,no payment record in this extract
B1411,37532c707af43fa39cbda23b110a4df35a966c0872ee59639f2b4a5eabfa062f,6F013,2025-10-12T11:37:36.951000,CANCELLED,2,7,20260419,20251012,accepted,existing-unique,0,0,0,0,0,0,0,0,0,0,2,2,0,13409.03,complete amount coverage
B1412,e55787b44b43ce59588aab02618a61b3bbece9e87d00d92c5841499c942b9c37,6F128,2025-11-18T11:37:36.951000,CANCELLED,2,24,20260419,20251118,accepted,existing-unique,0,0,0,0,0,0,0,0,0,0,1,1,0,10616.41,complete amount coverage
B1413,7eb04a8e4ef6456fed100b648da6aba120fbafc7e866dd3509629c4d80755d0c,SJ038,2025-10-05T11:37:36.951000,UNKNOWN,3,3,20260419,20251005,accepted,existing-unique,0,0,0,0,0,1,0,0,0,0,0,0,0,,no payment record in this extract
B1414,4870ee3240837b27324c816bcf4ca84de097b3095f5af0db78bd6b21d5351bd4,SJ182,2026-01-07T11:37:36.951000,CONFIRMED,3,12,20260419,20260107,accepted,existing-nonunique,0,0,0,0,0,0,0,0,0,0,1,1,0,6182.07,complete amount coverage
B1415,142476a4fa0dfd6fa44d36f1c79920b72e769b45d837d0d7d7c4be358c687843,6F199,2026-03-22T11:37:36.951000,PENDING,2,20,20260419,20260322,accepted,existing-unique,0,0,0,0,0,0,0,0,0,0,0,0,0,,no payment record in this extract
B1416,62b4c191e0a9d5fe681f015c7c711a9767169a83a7268be78e3c6e033a636029,SJ187,2025-08-17T11:37:36.951000,CANCELLED,3,26,20260419,20250817,accepted,existing-unique,0,0,0,0,0,0,0,0,0,0,0,0,0,,no payment record in this extract
B1417,6f6c9433289d30561b5c2cf4ddb81ea7ca32a2ff26a273a548218cd1d9ab204d,AI182,2025-08-18T11:37:36.951000,PENDING,1,24,20260419,20250818,accepted,existing-unique,0,0,0,0,0,0,0,0,0,0,2,2,0,7252.05,complete amount coverage
B1418,9d9164dc737811531319182ac56d1d0b3da00b44e4255857928a39d3c0a84faf,SJ027,2025-05-04T11:37:36.951000,PENDING,0,10,20260419,20250504,accepted,existing-unique,0,0,0,0,0,0,0,0,0,0,1,1,0,12326.46,complete amount coverage
B1419,199b0d6d1a74ba2ef8f290c60ccb260e4cc2e88f36976ab537468480f66c7aba,SJ062,2026-01-20T11:37:36.951000,CONFIRMED,3,4,20260419,20260120,accepted,existing-unique,0,0,0,0,0,0,0,0,0,0,2,2,0,4937.75,complete amount coverage
B1420,67c457232a0c62d12b86e1b78778d80511d95f278130a64a79e412417224327d,SJ161,2026-02-24T11:37:36.951000,CONFIRMED,3,26,20260419,20260224,accepted,existing-unique,0,0,0,0,0,0,0,0,0,0,1,1,0,7161.79,complete amount coverage
B1421,b24c796b9005d210a9743bf62d498e93c06a82b4736b107fb305e87053d4d4ca,UK058,2025-10-03T11:37:36.951000,UNKNOWN,4,27,20260419,20251003,accepted,existing-unique,0,0,0,0,0,1,0,0,0,0,0,0,0,,no payment record in this extract
B1422,b1be64e8eaccee44f075c6114edf0d974c593f2cea8b18647a536292ea206406,AI181,2026-01-04T11:37:36.951000,CANCELLED,1,30,20260419,20260104,accepted,existing-unique,0,0,0,0,0,0,0,0,0,0,1,1,0,4826.60,complete amount coverage
B1423,37fff243c50724e1a20e3e8f7635cd89c4906e42a5faf3a21ec3af181f93c17e,AI003,2025-06-12T11:37:36.951000,CONFIRMED,1,4,20260419,20250612,accepted,existing-unique,0,0,0,0,0,0,0,0,0,0,0,0,0,,no payment record in this extract
B1424,445da7ce295e7edefb71116c2a9cbcf176a1d2492b50dbd66fcd3710e849d705,6F150,2025-11-05T11:37:36.951000,CANCELLED,2,25,20260419,20251105,accepted,existing-unique,0,0,0,0,0,0,0,0,0,0,0,0,0,,no payment record in this extract
B1425,b069919afea285f92ea3e524b39251129c108bcd18a7b89ffb0dc634f93fc29c,SJ175,2025-06-28T11:37:36.951000,CANCELLED,3,26,20260419,20250628,accepted,existing-unique,0,0,0,0,0,0,0,0,0,0,0,0,0,,no payment record in this extract
B1426,5f535f5138be76cd393dd467601ccae1d3fa1a2584c009ad0761a40ba71891a3,6F041,2025-12-15T11:37:36.951000,CANCELLED,2,27,20260419,20251215,accepted,existing-unique,0,0,0,0,0,0,0,0,0,0,1,0,1,,payment records but no usable amounts
B1427,e1430ff6f3cac803663b0fab8a51f61a25628c8cce1a292a875a6551e8c83440,SJ040,2026-04-15T11:37:36.951000,CANCELLED,3,7,20260419,20260415,accepted,existing-unique,0,0,0,0,0,0,0,0,0,0,0,0,0,,no payment record in this extract
B1428,eb939d8b48d678e822bbf6cd2e7e149766f2e4282030f6308ba2fd81eeb246cf,6F020,2025-06-17T11:37:36.951000,CONFIRMED,2,9,20260419,20250617,accepted,existing-unique,0,0,0,0,0,0,0,0,0,0,0,0,0,,no payment record in this extract
B1429,562073d9d3f6211c5f29349f1699241aad4640487d3efa6d0de6725f37136642,AI248,2025-05-08T11:37:36.951000,CANCELLED,1,13,20260419,20250508,accepted,existing-unique,0,0,0,0,0,0,0,0,0,0,2,2,0,16937.88,complete amount coverage
B1430,d332db4f026e60591207c87ad5328ec681883370dfdbfd8f704935004d21dd2c,SJ016,2026-02-08T11:37:36.951000,CONFIRMED,3,23,20260419,20260208,accepted,existing-unique,0,0,0,0,0,0,0,0,0,0,0,0,0,,no payment record in this extract
B1431,b069b01fc07ffd092af4cddbd12d170c123f21ef78c45cc25a7d0f036801eb02,UK204,2025-11-21T11:37:36.951000,CONFIRMED,4,3,20260419,20251121,accepted,existing-unique,0,0,0,0,0,0,0,0,0,0,2,2,0,22261.95,complete amount coverage
B1432,e980638c7cacd0eabf13209e25bd064848a673cdfe7302568fbbb12b209f1f70,6F211,2025-09-02T11:37:36.951000,CANCELLED,2,26,20260419,20250902,accepted,existing-unique,0,0,0,0,0,0,0,0,0,0,0,0,0,,no payment record in this extract
B1433,521eb299eb3db39a0ccb41599a5ee6b1def366c3ff57cd6d430c6645386bb697,SJ166,2025-05-07T11:37:36.951000,CONFIRMED,3,14,20260419,20250507,accepted,existing-unique,0,0,0,0,0,0,0,0,0,0,2,2,0,15968.93,complete amount coverage
B1434,2f025f28862718445494c204786f5d88c018f7784032eb5630ac79640e2e80b2,AI036,2025-10-19T11:37:36.951000,PENDING,1,7,20260419,20251019,accepted,existing-unique,0,0,0,0,0,0,0,0,0,0,2,2,0,5989.29,complete amount coverage
B1435,14b344d31f5e5eea64136aa723948825e9627dfd42987089bdaca931fb0ca168,SJ215,2025-09-18T11:37:36.951000,CONFIRMED,3,13,20260419,20250918,accepted,existing-unique,0,0,0,0,0,0,0,0,0,0,1,1,0,8589.93,complete amount coverage
B1436,685525ec985b6e3887fee7c0271467ba6e6e3740c4d7a258e0b1625166133d6e,AI076,2026-01-05T11:37:36.951000,CONFIRMED,1,1,20260419,20260105,accepted,existing-unique,0,0,0,0,0,0,0,0,0,0,0,0,0,,no payment record in this extract
B1437,96e0307c3e996cdaa1defbfe87f2fa75f3d7659c3dc93035df39147bf25769a9,SJ012,2025-11-28T11:37:36.951000,CANCELLED,3,21,20260419,20251128,accepted,existing-unique,0,0,0,0,0,0,0,0,0,0,0,0,0,,no payment record in this extract
B1438,41b8d903223612cc423b063490c3d50336afaa67f5e41f7da46110635b951e51,AI073,2026-04-01T11:37:36.951000,UNKNOWN,1,6,20260419,20260401,accepted,existing-unique,0,0,0,0,0,1,0,0,0,0,1,1,0,7670.85,complete amount coverage
B1439,170dd50d3d66b9713c18b40296957b065504b5461bdb2e72bcf27f3dde4e3a58,SJ173,2025-11-09T11:37:36.951000,CONFIRMED,3,14,20260419,20251109,accepted,existing-unique,0,0,0,0,0,0,0,0,0,0,1,1,0,7292.76,complete amount coverage
B1440,1ec19f728b5e85c727ba1f3e212ad39bd0f73cb261347f38e50dc14831b869c4,AI193,2026-03-09T11:37:36.951000,CANCELLED,1,30,20260419,20260309,accepted,existing-unique,0,0,0,0,0,0,0,0,0,0,0,0,0,,no payment record in this extract
B1441,7b1d29fac6c9df82e720499ca1e8129ea365a413782fae2b77af4ba557b56a57,SJ131,2025-09-22T11:37:36.951000,UNKNOWN,3,30,20260419,20250922,accepted,existing-unique,0,0,0,0,0,0,0,1,0,0,0,0,0,,no payment record in this extract
B1442,1ecc01696c80e82cf73ac4d92da0c2b7a003c42147d1a2e718e14b84a54bc613,AI225,2025-06-02T11:37:36.951000,PENDING,1,6,20260419,20250602,accepted,existing-unique,0,0,0,0,0,0,0,0,0,0,1,1,0,11779.89,complete amount coverage
B1443,abb32a6cd7f6c070b507675e7501fa7b033ac6b08ba5404de26080429ea1db8d,AI190,2025-10-09T11:37:36.951000,CANCELLED,1,7,20260419,20251009,accepted,existing-unique,0,0,0,0,0,0,0,0,0,0,1,0,1,,payment records but no usable amounts
B1444,c5ea3550182a423924072b4f98c7bfd21dc307bc4cdb4bacb6773f3545784b03,SJ238,2025-12-25T11:37:36.951000,CONFIRMED,3,26,20260419,20251225,accepted,existing-unique,0,0,0,0,0,0,0,0,0,0,0,0,0,,no payment record in this extract
B1445,ecc6747e1b9e5dded3e6feac7fb3bbba5ec42695e3ad9176353a56b698d78089,6F005,2025-12-21T11:37:36.951000,PENDING,2,10,20260419,20251221,accepted,existing-unique,0,0,0,0,0,0,0,0,0,0,1,1,0,9862.40,complete amount coverage
B1446,81d49f5052fdb349e2b0187cba7ca1225b4653dadd8b27c36635e95fb496032e,UK136,2025-09-25T11:37:36.951000,PENDING,4,23,20260419,20250925,accepted,existing-unique,0,0,0,0,0,0,0,0,0,0,3,2,1,7709.96,partial amount coverage
B1447,7f6fea21a98db3acf7402db784abad9a9e824d55bbfb66764a0e79ed73d31db7,SJ063,2025-05-21T11:37:36.951000,CONFIRMED,3,27,20260419,20250521,accepted,existing-nonunique,0,0,0,0,0,0,0,0,0,0,2,2,0,18438.66,complete amount coverage
B1448,3ef740c96304f3564e20b3d728b1d1494b0475e04a4dc879fdef6932e1c929b1,6F175,2025-11-21T11:37:36.951000,CANCELLED,2,28,20260419,20251121,accepted,existing-unique,0,0,0,0,0,0,0,0,0,0,0,0,0,,no payment record in this extract
B1449,d9b56e3a337dc20859cbd8967f517b1e2303006cef42c55050c35cc1b6495c17,AI037,2025-05-23T11:37:36.951000,PENDING,0,6,20260419,20250523,accepted,existing-unique,0,0,0,0,0,0,0,0,0,0,0,0,0,,no payment record in this extract
B1450,ca7a45f33340461558b25355e87d14ab894c61bb9b34255a1e746bbc2a5b0f11,UK225,2025-11-11T11:37:36.951000,CONFIRMED,4,26,20260419,20251111,accepted,existing-unique,0,0,0,0,0,0,0,0,0,0,0,0,0,,no payment record in this extract
B1451,56991bdd7b6e17c9e9ade4845ffb72d2c3b78addacd09f4238c78bd06cfc72d5,AI141,2025-05-20T11:37:36.951000,CONFIRMED,1,3,20260419,20250520,accepted,existing-unique,0,0,0,0,0,0,0,0,0,0,1,1,0,10311.86,complete amount coverage
B1452,7b1d29fac6c9df82e720499ca1e8129ea365a413782fae2b77af4ba557b56a57,6F172,2026-01-26T11:37:36.951000,PENDING,2,6,20260419,20260126,accepted,existing-unique,0,0,0,0,0,0,0,0,0,0,0,0,0,,no payment record in this extract
B1453,633c5767249b89ff30151d9730c3a237dd434e6f82a4229ed6595424d772740f,6F219,2026-02-07T11:37:36.951000,CANCELLED,2,29,20260419,20260207,accepted,existing-unique,0,0,0,0,0,0,0,0,0,0,2,2,0,5268.18,complete amount coverage
B1454,253e2761bb2081344f3750e4b1f8650c844c81063aa9b8525e98d7d546ab7808,AI045,2025-08-16T11:37:36.951000,PENDING,1,25,20260419,20250816,accepted,existing-unique,0,0,0,0,0,0,0,0,0,0,0,0,0,,no payment record in this extract
B1455,6c7a43fe28c26560090e28317c849b871e6f6c46f6468144444c6c5b8e93e735,AI198,2026-04-12T11:37:36.951000,CONFIRMED,1,15,20260419,20260412,accepted,existing-unique,0,0,0,0,0,0,0,0,0,0,2,2,0,27634.50,complete amount coverage
B1456,de0efce29d7303a122ff78e8c62a172defcbd726b4a522434bea0eeecad3e4bf,AI120,2025-04-24T11:37:36.951000,PENDING,1,28,20260419,20250424,accepted,existing-unique,0,0,0,0,0,0,0,0,0,0,0,0,0,,no payment record in this extract
B1457,8a9058cb2012c57ec334ff2986871ac3ab6a88e8af0b0f2eb713d82413e7e14b,6F134,2025-06-11T11:37:36.951000,CANCELLED,2,5,20260419,20250611,accepted,existing-unique,0,0,0,0,0,0,0,0,0,0,1,1,0,5769.17,complete amount coverage
B1458,8737ebcb20db1c2a2194a1d2a1feb988d274e3788c51a3a4ed55c4a5161d78f8,UK102,2025-11-19T11:37:36.951000,CONFIRMED,4,23,20260419,20251119,accepted,existing-unique,0,0,0,0,0,0,0,0,0,0,1,1,0,8073.17,complete amount coverage
B1459,cc6ab5c5957ff1b6fa2dcfc46da9d8e4d3365344b6754ffd3128d560c007c9c9,SJ199,2025-06-10T11:37:36.951000,CANCELLED,3,22,20260419,20250610,accepted,existing-unique,0,0,0,0,0,0,0,0,0,0,3,3,0,19085.70,complete amount coverage
B1460,03d339d80b80775541d663a0ed9249753f0e243f583232a25865c231e4790033,6F235,2025-10-01T11:37:36.951000,PENDING,2,25,20260419,20251001,accepted,existing-unique,0,0,0,0,0,0,0,0,0,0,0,0,0,,no payment record in this extract
B1461,198c000a9c2ca70b6cd91be2e85efdb073e01b8e852736c919c82da22b88c59a,UK065,2025-10-14T11:37:36.951000,PENDING,4,7,20260419,20251014,accepted,existing-unique,0,0,0,0,0,0,0,0,0,0,3,3,0,30261.46,complete amount coverage
B1462,03d339d80b80775541d663a0ed9249753f0e243f583232a25865c231e4790033,6F135,2025-12-03T11:37:36.951000,CANCELLED,2,30,20260419,20251203,accepted,existing-unique,0,0,0,0,0,0,0,0,0,0,1,1,0,6497.79,complete amount coverage
B1463,be5a5d903d6289546b75eaaff1eb32adbbac3105e54d19164c29df3cc1b59922,SJ148,2026-02-10T11:37:36.951000,PENDING,3,16,20260419,20260210,accepted,existing-unique,0,0,0,0,0,0,0,0,0,0,2,2,0,6844.58,complete amount coverage
B1464,2458cc0d35db1b8c113e3b92911498f104d242d2654fc7a75dc5d1611e537d23,AI083,2026-03-07T11:37:36.951000,CANCELLED,1,17,20260419,20260307,accepted,existing-unique,0,0,0,0,0,0,0,0,0,0,1,1,0,4535.96,complete amount coverage
B1465,3f0ce81c79bf2d66d72576eea5e3c828032615701a7cf87f110f0413c07921ad,UK024,2025-07-02T11:37:36.951000,PENDING,4,26,20260419,20250702,accepted,existing-unique,0,0,0,0,0,0,0,0,0,0,0,0,0,,no payment record in this extract
B1466,f024c26572aef05685787c6ad1a46715a230babb9489ab33b41524b9f0dfde69,UK220,2025-04-27T11:37:36.951000,CANCELLED,4,1,20260419,20250427,accepted,existing-unique,0,0,0,0,0,0,0,0,0,0,0,0,0,,no payment record in this extract
B1467,b32aae4eb57ae6ce01513e2980aa6dc30dfea8682ad7b144f8b2f2ca556b84c9,UK115,2025-04-30T11:37:36.951000,CANCELLED,4,1,20260419,20250430,accepted,existing-unique,0,0,0,0,0,0,0,0,0,0,1,1,0,13307.54,complete amount coverage
B1468,b0aa6599906c0a1e66638e7c4641068853b5b6e20162367f3df3608860507489,AI255,2025-07-16T11:37:36.951000,CONFIRMED,1,28,20260419,20250716,accepted,existing-unique,0,0,0,0,0,0,0,0,0,0,2,2,0,25336.54,complete amount coverage
B1469,641cd647fdff47fe18634b63095734633cf65cee7d6c16885870fc7e5ff8a8c9,6F001,2025-12-25T11:37:36.951000,CONFIRMED,2,22,20260419,20251225,accepted,existing-unique,0,0,0,0,0,0,0,0,0,0,0,0,0,,no payment record in this extract
B1470,bc478364fad82d420b7c769b64baf931d40394ba4e507f24f7337d662fb9c27d,6F132,2025-05-27T11:37:36.951000,CANCELLED,2,27,20260419,20250527,accepted,existing-unique,0,0,0,0,0,0,0,0,0,0,0,0,0,,no payment record in this extract
B1471,5d16b1f572adda7d3efbb00ddccd6293df67c6fee3e4b0cc6baf150442ae4caa,UK184,2026-03-28T11:37:36.951000,PENDING,4,30,20260419,20260328,accepted,existing-unique,0,0,0,0,0,0,0,0,0,0,0,0,0,,no payment record in this extract
B1472,f4b8e5d326e60c092c8e128822ec7cb1211642d4c7a145ea76a9550c8fe4af14,6F098,2025-06-06T11:37:36.951000,PENDING,2,5,20260419,20250606,accepted,existing-unique,0,0,0,0,0,0,0,0,0,0,0,0,0,,no payment record in this extract
B1473,4ef7d1db1266365aee82e6f6b2c0575e41c1100e43d9fa08ed7be42ac84f3ebc,SJ168,2025-07-19T11:37:36.951000,PENDING,3,12,20260419,20250719,accepted,existing-unique,0,0,0,0,0,0,0,0,0,0,0,0,0,,no payment record in this extract
B1474,c1cfa678ee4e001f2fa68e6ea7b119f02f619d65379b55bc4b6b3fd4fb73f47a,SJ178,2025-07-28T11:37:36.951000,CANCELLED,3,9,20260419,20250728,accepted,existing-unique,0,0,0,0,0,0,0,0,0,0,3,3,0,32760.32,complete amount coverage
B1475,5ae6021962d9561b92510c69938aa67a89b27882d5bcdac4bccc19c983309f73,UK111,2026-03-07T11:37:36.951000,CANCELLED,4,26,20260419,20260307,accepted,existing-unique,0,0,0,0,0,0,0,0,0,0,3,3,0,21399.98,complete amount coverage
B1476,4c2a6d36b0f9b6841df01cee0271f49043e11f8581e9cf7088e4be0f4b78b964,SJ051,2026-02-27T11:37:36.951000,CANCELLED,0,6,20260419,20260227,accepted,existing-unique,0,0,0,0,0,0,0,0,0,0,0,0,0,,no payment record in this extract
B1477,71b88196691d7c8b88bcb212928c7ac15dc710e6e93406fe80f8c0afb5d7a558,SJ193,2025-07-06T11:37:36.951000,CANCELLED,3,13,20260419,20250706,accepted,existing-unique,0,0,0,0,0,0,0,0,0,0,3,3,0,17403.75,complete amount coverage
B1478,9b427e42e6d55d3b93b4d1d2c49cbf640bb2b02b301766ab49ea647d4247b755,SJ039,2026-02-24T11:37:36.951000,CONFIRMED,3,27,20260419,20260224,accepted,existing-unique,0,0,0,0,0,0,0,0,0,0,1,1,0,2928.68,complete amount coverage
B1479,15c21d10ec6ddcc17a884747fcfb216067fb607f6b4e8d258f99f39788836273,UK066,2025-12-17T11:37:36.951000,CANCELLED,4,7,20260419,20251217,accepted,existing-unique,0,0,0,0,0,0,0,0,0,0,2,2,0,16478.50,complete amount coverage
B1480,50f49c4fdafd8cfb9e8e00dcd2872ac1df2edd8f7f5ad8150fba1cb576c6ff68,SJ050,2026-03-14T11:37:36.951000,PENDING,3,23,20260419,20260314,accepted,existing-unique,0,0,0,0,0,0,0,0,0,0,1,1,0,3112.82,complete amount coverage
B1481,e30ee7734dba405d1d06c09e4c86f973bead405ac4b8e3f20448a30a7471cd80,6F052,2025-06-11T11:37:36.951000,CONFIRMED,2,7,20260419,20250611,accepted,existing-unique,0,0,0,0,0,0,0,0,0,0,0,0,0,,no payment record in this extract
B1482,fd6ece4efe7b32cd393208d3f8547584d9e9dbe325bf7289c3ff917dcc19ff04,SJ170,2025-08-29T11:37:36.951000,PENDING,3,1,20260419,20250829,accepted,existing-unique,0,0,0,0,0,0,0,0,0,0,2,2,0,17749.28,complete amount coverage
B1483,d85f8afcbb70eb7a9f8c3ef3492438758c4ba72ca3a55addb1f6e065e9495d3d,SJ119,2025-06-09T11:37:36.951000,UNKNOWN,3,7,20260419,20250609,accepted,existing-unique,0,0,0,0,0,1,0,0,0,0,1,1,0,10562.26,complete amount coverage
B1484,af2ed36f8eb37ce9ffa1ac250181af51a681b280c6a14bc20b226f250267b09a,AI219,2025-05-07T11:37:36.951000,CONFIRMED,0,3,20260419,20250507,accepted,existing-unique,0,0,0,0,0,0,0,0,0,0,0,0,0,,no payment record in this extract
B1485,b491e89d02aa9d67a05ca54e4fb94d1d7868a6b835ad62ce85e1a7b65ae1c6c3,6F220,2025-07-05T11:37:36.951000,CANCELLED,2,22,20260419,20250705,accepted,existing-unique,0,0,0,0,0,0,0,0,0,0,0,0,0,,no payment record in this extract
B1486,f024c26572aef05685787c6ad1a46715a230babb9489ab33b41524b9f0dfde69,AI207,2025-05-04T11:37:36.951000,CONFIRMED,1,10,20260419,20250504,accepted,existing-unique,0,0,0,0,0,0,0,0,0,0,3,3,0,20297.60,complete amount coverage
B1487,62d50099d56d8a6024be786aa78b7c826dfc594fb1c875a8524a04acd9b5dd02,6F024,2026-01-26T11:37:36.951000,PENDING,2,8,20260419,20260126,accepted,existing-unique,0,0,0,0,0,0,0,0,0,0,0,0,0,,no payment record in this extract
B1488,555fd81e0dd2fe6413511fb00248d0b17ab4f3b874e3ae2dbbad3e4365848530,SJ073,2025-05-04T11:37:36.951000,CANCELLED,3,11,20260419,20250504,accepted,existing-unique,0,0,0,0,0,0,0,0,0,0,2,2,0,22623.03,complete amount coverage
B1489,95ab7f49c6c95d9a91283d62f68df1668795a610e7f3b0f7efd2a4311bcf2bee,SJ201,2025-07-08T11:37:36.951000,CANCELLED,3,3,20260419,20250708,accepted,existing-unique,0,0,0,0,0,0,0,0,0,0,0,0,0,,no payment record in this extract
B1490,6ba3c012a0d1d2e2e5f6347bda165d581100ca5db7abf4c8ccea5613894e7d7e,AI180,2026-03-10T11:37:36.951000,CONFIRMED,1,7,20260419,20260310,accepted,existing-unique,0,0,0,0,0,0,0,0,0,0,2,1,1,1217.88,partial amount coverage
B1491,de3d45c68ef9b5903169ad73d306113b4d95fd753c35a98e9000b34c0e1e0349,UK022,2025-07-16T11:37:36.951000,CONFIRMED,4,19,20260419,20250716,accepted,existing-unique,0,0,0,0,0,0,0,0,0,0,1,1,0,6534.99,complete amount coverage
B1492,a0ab8ee25e17ea0ee0b7babdfa441341671a493bcd65bf81c905a820860be726,AI202,2026-03-27T11:37:36.951000,CANCELLED,1,21,20260419,20260327,accepted,existing-unique,0,0,0,0,0,0,0,0,0,0,0,0,0,,no payment record in this extract
B1493,2f94ff80457ec134b1cdc43557115bb02f60649ecdbbca85700970211dfcef56,6F212,2025-06-01T11:37:36.952000,CONFIRMED,2,2,20260419,20250601,accepted,existing-unique,0,0,0,0,0,0,0,0,0,0,0,0,0,,no payment record in this extract
B1494,2159b676c2284ffe549a4f2c0d641ee0ba76a964f219773edff47aeeb906e6e5,6F163,2025-06-09T11:37:36.952000,CANCELLED,2,27,20260419,20250609,accepted,existing-unique,0,0,0,0,0,0,0,0,0,0,0,0,0,,no payment record in this extract
B1495,537803837697d6ca798b9f1ca1a4a76f1b2b1aac905d5e659b5d438aad465fb2,UK028,2025-10-15T11:37:36.952000,CONFIRMED,4,25,20260419,20251015,accepted,existing-unique,0,0,0,0,0,0,0,0,0,0,2,2,0,17491.12,complete amount coverage
B1496,a67f14e76f93fa481ef68309e82afbbe100640914bfe1e65e9c10139337d8b6c,6F243,2026-03-21T11:37:36.952000,PENDING,2,9,20260419,20260321,accepted,existing-unique,0,0,0,0,0,0,0,0,0,0,1,1,0,2901.65,complete amount coverage
B1497,e6eae56dc519b27d041689b689457a18be25f3797971925841e9b2999ef167bd,AI165,2025-09-02T11:37:36.952000,CONFIRMED,1,18,20260419,20250902,accepted,existing-unique,0,0,0,0,0,0,0,0,0,0,0,0,0,,no payment record in this extract
B1498,83e00ea1ffb906e3b608a7f563eaf29c5572921fb0705db4cfa1321386cd5c5d,UK099,2025-07-18T11:37:36.952000,PENDING,4,10,20260419,20250718,accepted,existing-unique,0,0,0,0,0,0,0,0,0,0,0,0,0,,no payment record in this extract
B1499,89cc19c806c5a6eb762dc61d40787f0e55ffec91cc9ca77b7c48eb4ce9fae9ec,AI033,2025-06-17T11:37:36.952000,UNKNOWN,1,28,20260419,20250617,accepted,existing-unique,0,0,0,0,0,0,0,1,0,0,0,0,0,,no payment record in this extract
B1500,8f145f2598571dcdf06ccb6529dfa28fd53c504242e43202c6b7d0cade724d07,UK056,2025-04-30T11:37:36.952000,CONFIRMED,4,25,20260419,20250430,accepted,existing-unique,0,0,0,0,0,0,0,0,0,0,1,1,0,1303.07,complete amount coverage
B1501,28b8959a9c61fd66f4849f9522d12b55b8375aa9da11303e8ed6c2083dbe4e79,SJ122,2025-09-04T11:37:36.952000,CANCELLED,3,12,20260419,20250904,accepted,existing-unique,0,0,0,0,0,0,0,0,0,0,3,2,1,27890.44,partial amount coverage
B1502,5ca7a4719d3384af2d38cbf6d0d6fa2a98b1df499e9fc24b60cee81ae0bc9c42,AI086,2025-10-15T11:37:36.952000,CONFIRMED,1,14,20260419,20251015,accepted,existing-unique,0,0,0,0,0,0,0,0,0,0,2,2,0,17966.76,complete amount coverage
B1503,c08b3f5854ff8205006d10d2c449bccd6217768dcaffa7a4edb98cc1671e5e2f,SJ011,2025-10-17T11:37:36.952000,CONFIRMED,3,10,20260419,20251017,accepted,existing-unique,0,0,0,0,0,0,0,0,0,0,0,0,0,,no payment record in this extract
B1504,fbc7928aa5a8b9fb31c1bf69bf9e2a93c7245334777e0a8884ed68378fb266ed,SJ021,2025-04-21T11:37:36.952000,PENDING,3,21,20260419,20250421,accepted,existing-unique,0,0,0,0,0,0,0,0,0,0,3,3,0,32259.76,complete amount coverage
B1505,5e434988e1606f070ecda4ee6485f7c05f3d22d5b81e0e292376461d7802f42d,SJ106,2025-11-29T11:37:36.952000,CONFIRMED,3,13,20260419,20251129,accepted,existing-unique,0,0,0,0,0,0,0,0,0,0,1,1,0,7472.98,complete amount coverage
B1506,62b4c191e0a9d5fe681f015c7c711a9767169a83a7268be78e3c6e033a636029,SJ026,2026-01-29T11:37:36.952000,CANCELLED,3,15,20260419,20260129,accepted,existing-unique,0,0,0,0,0,0,0,0,0,0,0,0,0,,no payment record in this extract
B1507,85389853cd9d499b3cc495efb9506ed94a0c575e1660e6edd33ed1056646122d,SJ245,2025-11-27T11:37:36.952000,PENDING,3,8,20260419,20251127,accepted,existing-unique,0,0,0,0,0,0,0,0,0,0,1,1,0,4865.21,complete amount coverage
B1508,d5ec00f8b2fde81c83c32fbe6321634e0d02efe0970d08140c88724f7c75fb82,AI023,2025-07-31T11:37:36.952000,UNKNOWN,1,21,20260419,20250731,accepted,existing-unique,0,0,0,0,0,1,0,0,0,0,3,3,0,14679.26,complete amount coverage
B1509,4ef7d1db1266365aee82e6f6b2c0575e41c1100e43d9fa08ed7be42ac84f3ebc,AI032,2025-09-25T11:37:36.952000,CANCELLED,1,26,20260419,20250925,accepted,existing-unique,0,0,0,0,0,0,0,0,0,0,0,0,0,,no payment record in this extract
B1510,35c333d600c1e42be265df9ee583a11d0b7c3b00f25e80161667c07c005b702b,AI236,2025-05-11T11:37:36.952000,CANCELLED,1,17,20260419,20250511,accepted,existing-unique,0,0,0,0,0,0,0,0,0,0,1,1,0,3179.45,complete amount coverage
B1511,37532c707af43fa39cbda23b110a4df35a966c0872ee59639f2b4a5eabfa062f,6F094,2025-12-24T11:37:36.952000,CANCELLED,2,1,20260419,20251224,accepted,existing-unique,0,0,0,0,0,0,0,0,0,0,1,1,0,12346.57,complete amount coverage
B1512,ecc6747e1b9e5dded3e6feac7fb3bbba5ec42695e3ad9176353a56b698d78089,UK163,2025-12-21T11:37:36.952000,PENDING,4,19,20260419,20251221,accepted,existing-unique,0,0,0,0,0,0,0,0,0,0,1,1,0,5747.83,complete amount coverage
B1513,36101c3d61a55d1b8c1f90a8f818e66d5031097d3dc2c0e338d45b218e2077d9,UK163,2025-06-30T11:37:36.952000,CONFIRMED,4,19,20260419,20250630,accepted,existing-unique,0,0,0,0,0,0,0,0,0,0,2,2,0,22716.67,complete amount coverage
B1514,5d16b1f572adda7d3efbb00ddccd6293df67c6fee3e4b0cc6baf150442ae4caa,SJ045,2025-05-07T11:37:36.952000,CANCELLED,3,20,20260419,20250507,accepted,existing-unique,0,0,0,0,0,0,0,0,0,0,1,0,1,,payment records but no usable amounts
B1515,ac793a3a7ba1f5ce0b86e3b814d36007ffc23af2e63240974237cdf776105e40,SJ006,2025-07-06T11:37:36.952000,PENDING,3,21,20260419,20250706,accepted,existing-unique,0,0,0,0,0,0,0,0,0,0,0,0,0,,no payment record in this extract
B1516,4fe9f3b870210c4fdaac380444c2cfa7f0e27381fa2e167a80099fca6fcd5bf9,SJ103,2025-08-05T11:37:36.952000,CANCELLED,3,26,20260419,20250805,accepted,existing-unique,0,0,0,0,0,0,0,0,0,0,1,1,0,3242.75,complete amount coverage
B1517,06a62d430796adb2f0652df0450589b33764a6fa14971c095082bb981e98b672,6F221,2026-01-16T11:37:36.952000,UNKNOWN,2,29,20260419,20260116,accepted,existing-unique,0,0,0,0,0,0,0,1,0,0,1,0,1,,payment records but no usable amounts
B1518,7ae17e21e4eecdfea1c81ec6bd71126bf7ceb0fc6a445d797e16d2dae4c6d10f,SJ147,2026-03-20T11:37:36.952000,UNKNOWN,3,2,20260419,20260320,accepted,existing-unique,0,0,0,0,0,0,0,1,0,0,0,0,0,,no payment record in this extract
B1519,f7f2cc8c36f0baec0802ad1c1ce12cbdec080c2b611d00bce7eec4f6ff7adc47,SJ064,2026-03-25T11:37:36.952000,PENDING,3,13,20260419,20260325,accepted,existing-unique,0,0,0,0,0,0,0,0,0,0,2,2,0,14857.83,complete amount coverage
B1520,e92ceac2b5a252f9555d0b2bd93ba26d192f417f0ded498b686c22d0887ea0a3,AI028,2026-04-02T11:37:36.952000,CONFIRMED,1,22,20260419,20260402,accepted,existing-unique,0,0,0,0,0,0,0,0,0,0,1,1,0,14340.74,complete amount coverage
B1521,5557c3c6b97233608f1d90d1a10478aa8e7af7fc7700a47e59d90ce389b29fd6,AI148,2025-11-08T11:37:36.952000,PENDING,1,25,20260419,20251108,accepted,existing-unique,0,0,0,0,0,0,0,0,0,0,3,2,1,10629.67,partial amount coverage
B1522,0e126d907ea1a895b47126d8fd05a654ac9d39a68917b8683e95edb991bfd352,6F263,2025-08-31T11:37:36.952000,CONFIRMED,0,19,20260419,20250831,accepted,existing-unique,0,0,0,0,0,0,0,0,0,0,0,0,0,,no payment record in this extract
B1523,c26bb3c20ebc27952988ae38edf1dccb2b8a10f4acdd6b6c30e78f29bd5fd5e3,SJ067,2025-05-19T11:37:36.952000,PENDING,3,26,20260419,20250519,accepted,existing-unique,0,0,0,0,0,0,0,0,0,0,2,1,1,10733.84,partial amount coverage
B1524,9ddc24280241da11f7e9dcda573bdeaf26e2c5b5dca89f1250d048f68ec0c942,6F061,2025-06-17T11:37:36.952000,PENDING,2,27,20260419,20250617,accepted,existing-unique,0,0,0,0,0,0,0,0,0,0,2,2,0,9831.83,complete amount coverage
B1525,a8c0de30e5feabf6c235d4436772c288707a61775114b3d5268a6469ed0da74f,AI254,2025-05-29T11:37:36.952000,UNKNOWN,1,14,20260419,20250529,accepted,existing-unique,0,0,0,0,0,1,0,0,0,0,1,1,0,7869.06,complete amount coverage
B1526,bcb0bf9faa0386e300de767f444af6e3e050a9250a765af397af4521b5753fd7,SJ136,2025-11-15T11:37:36.952000,CONFIRMED,3,21,20260419,20251115,accepted,existing-unique,0,0,0,0,0,0,0,0,0,0,2,2,0,12889.82,complete amount coverage
B1527,b0aa6599906c0a1e66638e7c4641068853b5b6e20162367f3df3608860507489,AI046,2025-07-09T11:37:36.952000,PENDING,0,17,20260419,20250709,accepted,existing-unique,0,0,0,0,0,0,0,0,0,0,1,1,0,11891.78,complete amount coverage
B1528,8aaec980e6815d1afc14a2a4636402f959116670fc05ce22c9fc5f333a6e3669,UK174,2026-03-28T11:37:36.952000,PENDING,4,13,20260419,20260328,accepted,existing-unique,0,0,0,0,0,0,0,0,0,0,0,0,0,,no payment record in this extract
B1529,3603ddda027c244454eb982506e4e2b9cef458337f46d1c87fe7bb946bbd9e50,6F066,2025-04-30T11:37:36.952000,UNKNOWN,2,4,20260419,20250430,accepted,existing-unique,0,0,0,0,0,1,0,0,0,0,0,0,0,,no payment record in this extract
B1530,48e3db12a072d29f975bdcf7c74bdce74c0acfb6fa5af267eab258927df1220c,UK095,2025-12-08T11:37:36.952000,UNKNOWN,4,10,20260419,20251208,accepted,existing-unique,0,0,0,0,0,0,0,1,0,0,3,3,0,29065.67,complete amount coverage
B1531,5e47d3584c51f2959bf596046d8df597e8f6bd815075fe8c0d7ad0b47ced7e7d,6F063,2026-04-01T11:37:36.952000,PENDING,2,19,20260419,20260401,accepted,existing-unique,0,0,0,0,0,0,0,0,0,0,3,2,1,23911.21,partial amount coverage
B1532,9d9164dc737811531319182ac56d1d0b3da00b44e4255857928a39d3c0a84faf,UK118,2025-04-22T11:37:36.952000,PENDING,4,21,20260419,20250422,accepted,existing-unique,0,0,0,0,0,0,0,0,0,0,3,2,1,24295.60,partial amount coverage
B1533,416bb03fb1a06fb2f3fb7a7da1606e342b47ce84ac58f0dcab4f346a7d6ee406,UK218,2025-09-15T11:37:36.952000,PENDING,4,26,20260419,20250915,accepted,existing-unique,0,0,0,0,0,0,0,0,0,0,0,0,0,,no payment record in this extract
B1534,8152d895b97169a93c0cb3d264ad9cd92f262ae7abc735d42fe30faee1998d84,UK031,2025-09-11T11:37:36.952000,CONFIRMED,4,13,20260419,20250911,accepted,existing-unique,0,0,0,0,0,0,0,0,0,0,1,1,0,12347.23,complete amount coverage
B1535,9d484c258601f2ad8d312aa4908f1faa943c82b7494e5f3d694e578093a7de9e,UK142,2026-04-02T11:37:36.952000,PENDING,4,3,20260419,20260402,accepted,existing-unique,0,0,0,0,0,0,0,0,0,0,2,2,0,19520.85,complete amount coverage
B1536,3c92f263c03317e7c45bd973d850d4430e46f367a4ed845421dbfe59027fe717,AI002,2025-06-01T11:37:36.952000,UNKNOWN,1,21,20260419,20250601,accepted,existing-unique,0,0,0,0,0,1,0,0,0,0,1,1,0,6548.99,complete amount coverage
B1537,ed60ab79e8570482c44a771380a6e21c7f27cad585b129f17344d3180315d0ea,UK070,2025-10-08T11:37:36.952000,CONFIRMED,4,8,20260419,20251008,accepted,existing-unique,0,0,0,0,0,0,0,0,0,0,1,1,0,9202.57,complete amount coverage
B1538,633c5767249b89ff30151d9730c3a237dd434e6f82a4229ed6595424d772740f,SJ121,2026-03-17T11:37:36.952000,PENDING,3,13,20260419,20260317,accepted,existing-unique,0,0,0,0,0,0,0,0,0,0,0,0,0,,no payment record in this extract
B1539,b2ce686ceb2287b998eb324d64b3244383b5cc75f92de1c70143d13dfe351686,UK201,2025-06-11T11:37:36.952000,CONFIRMED,4,22,20260419,20250611,accepted,existing-unique,0,0,0,0,0,0,0,0,0,0,2,2,0,17509.78,complete amount coverage
B1540,c978d7c9b669403fd0c219d0b94e96b83fc0f348722b769c409c1fd15f8f2d1a,AI138,2026-01-15T11:37:36.952000,CANCELLED,1,18,20260419,20260115,accepted,existing-unique,0,0,0,0,0,0,0,0,0,0,1,1,0,3640.69,complete amount coverage
B1541,820bee56a12e2e334bf589f0677cd9d55b4bf8d65c7a4935db07afcfc3a33898,SJ014,2025-12-16T11:37:36.952000,CONFIRMED,3,9,20260419,20251216,accepted,existing-unique,0,0,0,0,0,0,0,0,0,0,1,1,0,12031.17,complete amount coverage
B1542,18652dc61c69d1eba4684e4bf0721b28630ca554d985ec98084bee0a6d0a9995,SJ053,2025-12-13T11:37:36.952000,PENDING,3,13,20260419,20251213,accepted,existing-unique,0,0,0,0,0,0,0,0,0,0,0,0,0,,no payment record in this extract
B1543,5788b4af6f503f95e3980ae111793017f4caa8e13c74b46c29850d63903bf6be,SJ241,2025-06-16T11:37:36.952000,CANCELLED,3,19,20260419,20250616,accepted,existing-unique,0,0,0,0,0,0,0,0,0,0,1,1,0,3207.85,complete amount coverage
B1544,e556f7707aebc250094916c194633669a3421d53e85a0179683d204a1c932ad8,AI249,2025-09-01T11:37:36.952000,CANCELLED,1,4,20260419,20250901,accepted,existing-unique,0,0,0,0,0,0,0,0,0,0,2,2,0,12003.06,complete amount coverage
B1545,b8e90e9fcb13a7f13dd391126a65c06ed98e8896c815f4efcd78307a847fb575,AI176,2026-03-08T11:37:36.952000,PENDING,1,3,20260419,20260308,accepted,existing-unique,0,0,0,0,0,0,0,0,0,0,2,2,0,17736.33,complete amount coverage
B1546,894d3a63e881aa38f385a450e1b9b55976d577c358e530248ed51beff722811a,SJ234,2026-04-02T11:37:36.952000,PENDING,3,2,20260419,20260402,accepted,existing-unique,0,0,0,0,0,0,0,0,0,0,0,0,0,,no payment record in this extract
B1547,c8977db7639c009891d3e7681a22881305c6d34577652028e3b6ee59a9f7629f,6F115,2025-04-18T11:37:36.952000,PENDING,2,26,20260419,20250418,accepted,existing-unique,0,0,0,0,0,0,0,0,0,0,0,0,0,,no payment record in this extract
B1548,ee9f24fd683a64d58667b8a82a1ff7f03e1797b9111e7cdc3f62172533ac906a,AI020,2025-10-04T11:37:36.952000,CONFIRMED,0,6,20260419,20251004,accepted,existing-unique,0,0,0,0,0,0,0,0,0,0,0,0,0,,no payment record in this extract
B1549,fb435b4c398cfeb24b81c006c0b030b68135da0ff02455e522e7d3e3811deac8,AI020,2025-12-16T11:37:36.952000,CONFIRMED,0,6,20260419,20251216,accepted,existing-unique,0,0,0,0,0,0,0,0,0,0,0,0,0,,no payment record in this extract
B1550,c08b3f5854ff8205006d10d2c449bccd6217768dcaffa7a4edb98cc1671e5e2f,6F079,2025-12-06T11:37:36.952000,CONFIRMED,2,30,20260419,20251206,accepted,existing-unique,0,0,0,0,0,0,0,0,0,0,0,0,0,,no payment record in this extract
B1551,b8853db02f03e32c59a925439741fc58c25269db0eb277fda62876c458e1f5fd,6F104,2025-11-14T11:37:36.952000,UNKNOWN,2,12,20260419,20251114,accepted,existing-unique,0,0,0,0,0,0,0,1,0,0,0,0,0,,no payment record in this extract
B1552,930f2a61e37a37fe9dc071e6794e8009a5283e921b5bf5a68d33e9bd049b6050,UK046,2026-02-06T11:37:36.952000,PENDING,4,13,20260419,20260206,accepted,existing-unique,0,0,0,0,0,0,0,0,0,0,1,1,0,12589.60,complete amount coverage
B1553,6ad4631ec45555317fea37108fbf0cd8bde45a23d4698caa0d91aac9cd91b0c7,SJ217,2025-11-15T11:37:36.952000,CONFIRMED,3,7,20260419,20251115,accepted,existing-unique,0,0,0,0,0,0,0,0,0,0,1,1,0,1883.33,complete amount coverage
B1554,da6d20babea1475458b732593cb82ceb18fdef6d189ce651e6c070fb152f7a09,6F142,2025-08-26T11:37:36.952000,CANCELLED,2,15,20260419,20250826,accepted,existing-unique,0,0,0,0,0,0,0,0,0,0,0,0,0,,no payment record in this extract
B1555,5557c3c6b97233608f1d90d1a10478aa8e7af7fc7700a47e59d90ce389b29fd6,SJ139,2026-04-04T11:37:36.952000,CONFIRMED,3,16,20260419,20260404,accepted,existing-unique,0,0,0,0,0,0,0,0,0,0,1,1,0,13344.12,complete amount coverage
B1556,8c99c05f67c2b9aa8596c94d85ac2cd342ea46e0f51c8ce5603675a0d241996e,6F059,2026-01-18T11:37:36.952000,CANCELLED,2,8,20260419,20260118,accepted,existing-unique,0,0,0,0,0,0,0,0,0,0,0,0,0,,no payment record in this extract
B1557,056b6be05fa27425e29cdbadf337d195deac661a93e2d720e34e09f9fb9dc6a0,6F067,2025-08-10T11:37:36.952000,PENDING,2,26,20260419,20250810,accepted,existing-unique,0,0,0,0,0,0,0,0,0,0,2,2,0,17708.74,complete amount coverage
B1558,aed1eb52100ca7979ab6ec845952b2e68882d538f644b2c73f00707532affc3a,AI007,2025-08-07T11:37:36.952000,PENDING,1,29,20260419,20250807,accepted,existing-unique,0,0,0,0,0,0,0,0,0,0,2,2,0,15597.73,complete amount coverage
B1559,243662423851756f5a71455454570d8c2b24a8ee21bfa31361a5bcec52298493,UK202,2026-01-20T11:37:36.952000,CONFIRMED,4,19,20260419,20260120,accepted,existing-unique,0,0,0,0,0,0,0,0,0,0,1,1,0,3622.91,complete amount coverage
B1560,e31ac3701c2586322ad629d03ecdf4a211253c419fcdf123de3bd28b16356a61,AI200,2026-03-07T11:37:36.952000,CONFIRMED,1,25,20260419,20260307,accepted,existing-unique,0,0,0,0,0,0,0,0,0,0,0,0,0,,no payment record in this extract
B1561,9081a1f070814c51bd672232e1db88b8d286924bc46902c7e3afce95fc6a3f52,UK172,2026-01-27T11:37:36.952000,PENDING,4,17,20260419,20260127,accepted,existing-unique,0,0,0,0,0,0,0,0,0,0,2,2,0,11507.31,complete amount coverage
B1562,c53a3b6639d7082d2282d417dab1fad723ebbd8761388a733dc95ed3ca5fbe72,6F214,2025-05-01T11:37:36.952000,CONFIRMED,2,7,20260419,20250501,accepted,existing-unique,0,0,0,0,0,0,0,0,0,0,1,1,0,6572.09,complete amount coverage
B1563,7ae17e21e4eecdfea1c81ec6bd71126bf7ceb0fc6a445d797e16d2dae4c6d10f,UK037,2025-09-11T11:37:36.952000,PENDING,4,1,20260419,20250911,accepted,existing-unique,0,0,0,0,0,0,0,0,0,0,0,0,0,,no payment record in this extract
B1564,b0a97c3ecb3440afcd443e3c1136e56d462d9ea95ede05942ad6f16a06aef12a,AI022,2025-08-14T11:37:36.952000,PENDING,1,10,20260419,20250814,accepted,existing-unique,0,0,0,0,0,0,0,0,0,0,1,1,0,3514.52,complete amount coverage
B1565,c3961661d0257c947e70ff56927a7581603f8df049572248e6a9db03b7b08f7e,AI243,2026-02-06T11:37:36.952000,CANCELLED,0,1,20260419,20260206,accepted,existing-unique,0,0,0,0,0,0,0,0,0,0,2,2,0,7243.49,complete amount coverage
B1566,da0e3d6192247b220186b89141607018c3558e1d25032e14cb5bc5b06028e591,SJ174,2025-10-08T11:37:36.952000,CONFIRMED,3,13,20260419,20251008,accepted,existing-unique,0,0,0,0,0,0,0,0,0,0,2,2,0,26394.47,complete amount coverage
B1567,ed4707f20757c4ea594baef476fa0a2b4ac0467fc1cafd3f9abc967d39554fd3,SJ079,2025-11-13T11:37:36.952000,PENDING,3,24,20260419,20251113,accepted,existing-unique,0,0,0,0,0,0,0,0,0,0,1,1,0,10982.24,complete amount coverage
B1568,9d5ef91b572219250eda341d108ed10b43befb84b60ff641a2c270fa55f8cdde,UK097,2025-12-21T11:37:36.952000,CONFIRMED,4,22,20260419,20251221,accepted,existing-unique,0,0,0,0,0,0,0,0,0,0,1,0,1,,payment records but no usable amounts
B1569,6ef5d8984250af530afceff00b684bdff51b7341154c3f3bb43c69f046303228,AI013,2025-12-26T11:37:36.952000,CANCELLED,1,21,20260419,20251226,accepted,existing-unique,0,0,0,0,0,0,0,0,0,0,0,0,0,,no payment record in this extract
B1570,950313c9b4ed89a432af910e76155a1f23508edf4ada055068cdccb0d60c30be,UK196,2025-11-21T11:37:36.952000,CANCELLED,4,9,20260419,20251121,accepted,existing-unique,0,0,0,0,0,0,0,0,0,0,2,2,0,15054.77,complete amount coverage
B1571,e980638c7cacd0eabf13209e25bd064848a673cdfe7302568fbbb12b209f1f70,SJ213,2025-11-06T11:37:36.952000,CONFIRMED,3,7,20260419,20251106,accepted,existing-unique,0,0,0,0,0,0,0,0,0,0,0,0,0,,no payment record in this extract
B1572,6e35ef70f3b65070d4c040b8690d5e77aad6f3e419337e8701ba90281aef351d,UK119,2025-05-26T11:37:36.952000,CONFIRMED,4,7,20260419,20250526,accepted,existing-unique,0,0,0,0,0,0,0,0,0,0,2,1,1,13849.86,partial amount coverage
B1573,fbb5ef6e88dc30454cd976c496e62c8a08efee4e5e3db5f2889b15e1be86cb67,AI043,2026-03-18T11:37:36.952000,PENDING,1,13,20260419,20260318,accepted,existing-unique,0,0,0,0,0,0,0,0,0,0,1,1,0,7629.97,complete amount coverage
B1574,15c21d10ec6ddcc17a884747fcfb216067fb607f6b4e8d258f99f39788836273,AI043,2025-04-29T11:37:36.952000,CANCELLED,1,13,20260419,20250429,accepted,existing-unique,0,0,0,0,0,0,0,0,0,0,1,1,0,13905.05,complete amount coverage
B1575,069c4fa40f0c2ab1529a26aa5d1158416d521449aa2b132286547ebefce73c31,AI143,2025-06-16T11:37:36.952000,CANCELLED,1,13,20260419,20250616,accepted,existing-unique,0,0,0,0,0,0,0,0,0,0,1,1,0,12516.91,complete amount coverage
B1576,ccd5a65548c4cf2491078f591b9ac97d277df6fc9307a42c64d0ba027310cbfd,SJ032,2025-10-20T11:37:36.952000,UNKNOWN,3,27,20260419,20251020,accepted,existing-unique,0,0,0,0,0,1,0,0,0,0,1,0,1,,payment records but no usable amounts
B1577,eacba1c0e4a3a98f8d3a50f3776854ca5a68620bf847c01a9dfeafa98d43e333,6F050,2026-01-24T11:37:36.952000,CONFIRMED,2,17,20260419,20260124,accepted,existing-unique,0,0,0,0,0,0,0,0,0,0,0,0,0,,no payment record in this extract
B1578,2e5d0f04fd4817510bfff7fa9edb19a06ec540cb2f3439fc6a93a9a569a11c63,AI134,2025-12-25T11:37:36.952000,PENDING,1,22,20260419,20251225,accepted,existing-unique,0,0,0,0,0,0,0,0,0,0,3,2,1,4097.69,partial amount coverage
B1579,8426694d0e3969b9b6cea5e43964ad0f0813dd29f9821d84f594fa75e29fc220,6F182,2025-04-24T11:37:36.952000,CONFIRMED,2,7,20260419,20250424,accepted,existing-unique,0,0,0,0,0,0,0,0,0,0,2,2,0,9444.10,complete amount coverage
B1580,4c2a6d36b0f9b6841df01cee0271f49043e11f8581e9cf7088e4be0f4b78b964,SJ086,2025-10-08T11:37:36.952000,CONFIRMED,3,13,20260419,20251008,accepted,existing-unique,0,0,0,0,0,0,0,0,0,0,3,3,0,26625.06,complete amount coverage
B1581,ebbe10318ec63216fd407ecc68b8e2a181d1b75421d175a34c82254aedf00d32,6F170,2025-08-06T11:37:36.952000,CONFIRMED,2,24,20260419,20250806,accepted,existing-unique,0,0,0,0,0,0,0,0,0,0,2,1,1,9514.99,partial amount coverage
B1582,b142fb13d1c37ade64824c6cce170e00961d5c6f5f86b1fd8ea9062a034e751a,UK168,2025-04-24T11:37:36.952000,PENDING,4,2,20260419,20250424,accepted,existing-unique,0,0,0,0,0,0,0,0,0,0,1,1,0,13552.00,complete amount coverage
B1583,6b625b6d527aa946bb7442f9e8b705d6247717fcfa2a814cac79a6a6b7ae543c,SJ072,2026-02-22T11:37:36.952000,UNKNOWN,3,19,20260419,20260222,accepted,existing-unique,0,0,0,0,0,1,0,0,0,0,0,0,0,,no payment record in this extract
B1584,c346aaa4ced706f9b0dc15b220d645ae3e160971c0205a4b6673d98865332e94,UK075,2025-04-28T11:37:36.952000,CANCELLED,4,28,20260418,20250428,accepted,existing-unique,0,0,0,0,0,0,0,0,0,0,2,2,0,26466.88,complete amount coverage
B1585,938183f4fbed699b3ec357083a8e918a37416f5df9a4141d255fee945c108218,6F233,2026-01-08T11:37:36.952000,CANCELLED,2,1,20260418,20260108,accepted,existing-unique,0,0,0,0,0,0,0,0,0,0,3,2,1,23517.70,partial amount coverage
B1586,10f6b34b53d61ab256d41a5107490482d7af1e6671ac131f36c382497df40176,SJ143,2025-11-13T11:37:36.952000,CANCELLED,3,17,20260419,20251113,accepted,existing-unique,0,0,0,0,0,0,0,0,0,0,0,0,0,,no payment record in this extract
B1587,bc478364fad82d420b7c769b64baf931d40394ba4e507f24f7337d662fb9c27d,SJ246,2025-06-28T11:37:36.952000,PENDING,3,8,20260419,20250628,accepted,existing-unique,0,0,0,0,0,0,0,0,0,0,1,1,0,11740.35,complete amount coverage
B1588,a4d8f5497ca1e052c2407f0aebb233fd586bd1ee1814230e6c7984917838b890,SJ247,2025-11-04T11:37:36.952000,CONFIRMED,3,17,20260418,20251104,accepted,existing-unique,0,0,0,0,0,0,0,0,0,0,1,1,0,12810.22,complete amount coverage
B1589,7e9bf521225b67e52639d2db184c501f44cddc6b25a8e3028b50d5b79ff964ed,UK157,2025-08-31T11:37:36.952000,PENDING,4,12,20260419,20250831,accepted,existing-unique,0,0,0,0,0,0,0,0,0,0,3,3,0,29432.76,complete amount coverage
B1590,3b5a947dc58a16b4619936fe50ea90e8c5314a3c4b25691a8e22e4b1fec42623,UK069,2026-04-01T11:37:36.952000,CONFIRMED,4,13,20260419,20260401,accepted,existing-unique,0,0,0,0,0,0,0,0,0,0,1,1,0,1015.84,complete amount coverage
B1591,f23bdb47423b6b941fdc8c2297f32fb87941aa1e6da3dd97e3c10fc495ace834,AI106,2025-11-20T11:37:36.952000,CANCELLED,1,21,20260419,20251120,accepted,existing-unique,0,0,0,0,0,0,0,0,0,0,2,2,0,16833.80,complete amount coverage
B1592,bb0d74f9220f976db14f33ca3033b66919c630dfc1018aabca17de82ee85f8be,UK085,2025-11-17T11:37:36.952000,CONFIRMED,4,29,20260419,20251117,accepted,existing-unique,0,0,0,0,0,0,0,0,0,0,0,0,0,,no payment record in this extract
B1593,4a4e5985c9976c2da6bdd36b09d668fbbbceddd46a54dd66a34ef2f3b1dcc697,6F087,2025-09-24T11:37:36.952000,UNKNOWN,2,19,20260418,20250924,accepted,existing-unique,0,0,0,0,0,1,0,0,0,0,0,0,0,,no payment record in this extract
B1594,9d484c258601f2ad8d312aa4908f1faa943c82b7494e5f3d694e578093a7de9e,AI067,2025-06-01T11:37:36.952000,CONFIRMED,1,24,20260418,20250601,accepted,existing-unique,0,0,0,0,0,0,0,0,0,0,1,1,0,1448.88,complete amount coverage
B1595,70ba074c782b38141fc9e52d0ab1e6aae003e0031afd6e9a85c87f5d2efce7f9,6F226,2026-01-07T11:37:36.952000,PENDING,2,17,20260419,20260107,accepted,existing-unique,0,0,0,0,0,0,0,0,0,0,2,2,0,24869.85,complete amount coverage
B1596,48e3db12a072d29f975bdcf7c74bdce74c0acfb6fa5af267eab258927df1220c,SJ210,2025-12-20T11:37:36.952000,CONFIRMED,3,23,20260418,20251220,accepted,existing-unique,0,0,0,0,0,0,0,0,0,0,2,2,0,18020.90,complete amount coverage
B1597,9805507d2beae83fee5f1cf4c209b9c18101f8ada12c9efd9e59400d11c04278,6F269,2025-10-23T11:37:36.952000,CONFIRMED,0,25,20260419,20251023,accepted,existing-unique,0,0,0,0,0,0,0,0,0,0,2,2,0,19192.26,complete amount coverage
B1598,e740df815fc16ca8254b0c226f6ea68d319d4aaa98a30a58965bc19b9bcb5824,UK013,2026-01-02T11:37:36.952000,CONFIRMED,4,10,20260418,20260102,accepted,existing-unique,0,0,0,0,0,0,0,0,0,0,2,2,0,15978.23,complete amount coverage
B1599,e85fff2c4fa877a6d7c0f7cfdb421ef26c15c60098314e0595617e18ea696aea,UK013,2025-09-30T11:37:36.952000,PENDING,4,10,20260418,20250930,accepted,existing-unique,0,0,0,0,0,0,0,0,0,0,0,0,0,,no payment record in this extract
B1600,b00f7131911b1d61d709deb18c40e204d5e67ee6163dbea369656a90f66e2cd6,UK143,2025-07-20T11:37:36.952000,PENDING,4,1,20260419,20250720,accepted,existing-unique,0,0,0,0,0,0,0,0,0,0,2,2,0,24083.25,complete amount coverage
B1601,79a736fbbb5fee742e1623a9a40b6d22a32047c2a98e8756f787c06f452d4050,6F262,2025-09-07T11:37:36.952000,PENDING,0,29,20260419,20250907,accepted,existing-unique,0,0,0,0,0,0,0,0,0,0,0,0,0,,no payment record in this extract
B1602,cf9b752175a1baa61ccbde061514caa73df27cbd1100143557b3ac065e948a72,6F042,2025-07-07T11:37:36.952000,UNKNOWN,2,24,20260418,20250707,accepted,existing-unique,0,0,0,0,0,1,0,0,0,0,1,1,0,4028.21,complete amount coverage
B1603,938183f4fbed699b3ec357083a8e918a37416f5df9a4141d255fee945c108218,SJ118,2025-12-06T11:37:36.952000,CANCELLED,3,17,20260419,20251206,accepted,existing-unique,0,0,0,0,0,0,0,0,0,0,0,0,0,,no payment record in this extract
B1604,e1773abb5284f01817ee224d007cd564a187b5c538e87ecd99a3e2b39561d075,SJ118,2025-11-17T11:37:36.952000,CANCELLED,3,17,20260419,20251117,accepted,existing-unique,0,0,0,0,0,0,0,0,0,0,0,0,0,,no payment record in this extract
B1605,ffa9c115acc7897f6817c60358d9d35d7f7ff62cab5c703b984cf7a92c40605d,SJ082,2025-10-03T11:37:36.952000,CANCELLED,3,8,20260419,20251003,accepted,existing-unique,0,0,0,0,0,0,0,0,0,0,1,0,1,,payment records but no usable amounts
B1606,58b316b84a111938a9978bbe47bd94e3bb028393f821ba303bf77236d49b58a8,6F015,2025-07-18T11:37:36.952000,CONFIRMED,2,7,20260418,20250718,accepted,existing-unique,0,0,0,0,0,0,0,0,0,0,3,3,0,21087.41,complete amount coverage
B1607,c0b3385915953beba1996542ae45dcdadd2545b68e6356424cf2e72499aa7f1a,AI101,2026-02-02T11:37:36.952000,UNKNOWN,1,16,20260418,20260202,accepted,existing-unique,0,0,0,0,0,0,0,1,0,0,2,2,0,13086.08,complete amount coverage
B1608,7ee442fa67cc91266e4d315ae87e39f3f29412d25b3fdef4708e6f9c38c3a142,SJ110,2025-06-28T11:37:36.952000,CANCELLED,3,13,20260419,20250628,accepted,existing-unique,0,0,0,0,0,0,0,0,0,0,0,0,0,,no payment record in this extract
B1609,f5184d85d46aa37165fadd09897276becc67bc3f49e577d7669056799b879308,SJ042,2025-10-21T11:37:36.952000,CANCELLED,3,23,20260418,20251021,accepted,existing-unique,0,0,0,0,0,0,0,0,0,0,0,0,0,,no payment record in this extract
B1610,3744473551d7b39419d5ca0c4564bc37b93f97510e9ae446fa4653f78a00a33c,6F145,2025-10-13T11:37:36.952000,CONFIRMED,2,13,20260419,20251013,accepted,existing-unique,0,0,0,0,0,0,0,0,0,0,1,1,0,5809.44,complete amount coverage
B1611,4a4e5985c9976c2da6bdd36b09d668fbbbceddd46a54dd66a34ef2f3b1dcc697,UK029,2026-01-05T11:37:36.952000,CANCELLED,4,17,20260418,20260105,accepted,existing-unique,0,0,0,0,0,0,0,0,0,0,2,2,0,22397.64,complete amount coverage
B1612,4fe9f3b870210c4fdaac380444c2cfa7f0e27381fa2e167a80099fca6fcd5bf9,SJ200,2025-04-18T11:37:36.952000,CANCELLED,3,8,20260418,20250418,accepted,existing-unique,0,0,0,0,0,0,0,0,0,0,0,0,0,,no payment record in this extract
B1613,172e90301d5eb71c033db714f04f6c0a918d908bc7af235f668b1a84b9c4a053,SJ209,2026-01-29T11:37:36.952000,CONFIRMED,3,1,20260418,20260129,accepted,existing-nonunique,0,0,0,0,0,0,0,0,0,0,2,2,0,16309.30,complete amount coverage
B1614,178b985dde1001dcc5bac19eb0c003f3e4bbcbfcd227c9a0fe801a3e98370f84,AI116,2025-05-11T11:37:36.952000,UNKNOWN,1,12,20260418,20250511,accepted,existing-unique,0,0,0,0,0,1,0,0,0,0,2,2,0,8965.77,complete amount coverage
B1615,b0f2482b0488e3b63cb558b86b61b0dc15033d3a6fbee59d137395fa7ae10e7e,6F117,2025-05-23T11:37:36.952000,CANCELLED,2,13,20260419,20250523,accepted,existing-unique,0,0,0,0,0,0,0,0,0,0,2,2,0,13670.64,complete amount coverage
B1616,0787dc82347c0df7292362f1254b68d9e2c4be19abea80be777ce910b83abd77,SJ181,2025-12-23T11:37:36.952000,PENDING,3,6,20260419,20251223,accepted,existing-unique,0,0,0,0,0,0,0,0,0,0,0,0,0,,no payment record in this extract
B1617,21cb7c777f4316ca41a10ba7293191145a8dccfbaad305c85559c2e46987e54e,AI070,2025-05-10T11:37:36.952000,UNKNOWN,1,13,20260419,20250510,accepted,existing-unique,0,0,0,0,0,0,0,1,0,0,1,1,0,12237.51,complete amount coverage
B1618,55d0d1931383d3627536f3157585198a38554adc58e91b90edd441702ed071a9,AI070,2026-01-19T11:37:36.952000,CONFIRMED,1,13,20260419,20260119,accepted,existing-unique,0,0,0,0,0,0,0,0,0,0,1,1,0,6904.57,complete amount coverage
B1619,63c15dbc30b09b86be7088b6f42babf2527f9ca4cc74f3bbe9db20f7deec7001,UK042,2026-02-05T11:37:36.952000,PENDING,4,27,20260418,20260205,accepted,existing-unique,0,0,0,0,0,0,0,0,0,0,3,3,0,33652.61,complete amount coverage
B1620,6f32a3caf88f8c2c175609c4316199d2a1c95b3fe830a7d503765fc44a119244,AI169,2026-02-24T11:37:36.952000,PENDING,1,13,20260418,20260224,accepted,existing-unique,0,0,0,0,0,0,0,0,0,0,4,4,0,33808.97,complete amount coverage
B1621,446af26b54dc5cc82501dc7d71e484f847a46bc5f283fd993c9fbd6062cde2a9,6F021,2025-12-21T11:37:36.952000,PENDING,2,5,20260418,20251221,accepted,existing-unique,0,0,0,0,0,0,0,0,0,0,2,2,0,11805.25,complete amount coverage
B1622,e16788bd39beaf2be79370c6efe89f94764c44e5096fe30db3ece0e7741e7e71,SJ046,2025-06-23T11:37:36.952000,PENDING,3,10,20260418,20250623,accepted,existing-unique,0,0,0,0,0,0,0,0,0,0,3,3,0,36638.70,complete amount coverage
B1623,dc831fe3b7202c2f9893f67a6526a513c2362aad42ff4b3adb6fd8affa0590d8,AI211,2025-08-17T11:37:36.952000,CANCELLED,1,18,20260418,20250817,accepted,existing-nonunique,0,0,0,0,0,0,0,0,0,0,4,4,0,37128.79,complete amount coverage
B1624,3140de2d9d0341d6463de0d52ac30f568af95ded05f5587fb70868aa9fc98d35,SJ091,2025-12-20T11:37:36.952000,CANCELLED,3,2,20260418,20251220,accepted,existing-unique,0,0,0,0,0,0,0,0,0,0,0,0,0,,no payment record in this extract
B1625,20438dbfec7a004c59fa78cb8ba673a2de691b2aa899ae50f16cc7988e4d7014,AI123,2026-04-05T11:37:36.952000,PENDING,1,27,20260418,20260405,accepted,existing-unique,0,0,0,0,0,0,0,0,0,0,0,0,0,,no payment record in this extract
B1626,2f94ff80457ec134b1cdc43557115bb02f60649ecdbbca85700970211dfcef56,6F053,2025-04-17T11:37:36.952000,CANCELLED,2,19,20260418,20250417,accepted,existing-unique,0,0,0,0,0,0,0,0,0,0,1,1,0,7859.04,complete amount coverage
B1627,17943c977830f563601f108f9e46ded58af0c2859cb97f6f427a7c12c6ef6b7f,UK012,2026-01-09T11:37:36.952000,PENDING,4,27,20260418,20260109,accepted,existing-unique,0,0,0,0,0,0,0,0,0,0,2,2,0,23952.61,complete amount coverage
B1628,8042a91068d63f7ee3dc0a749958ba45f642bddc8bcc1ad0f0c1a2d8da244179,6F023,2025-11-25T11:37:36.952000,PENDING,2,26,20260418,20251125,accepted,existing-unique,0,0,0,0,0,0,0,0,0,0,1,1,0,1971.53,complete amount coverage
B1629,c7f2c92b31bfc9c036b9c2edda928f0e86a40059529cd3050505d9bcf46789db,AI250,2026-01-02T11:37:36.952000,CONFIRMED,0,7,20260418,20260102,accepted,existing-unique,0,0,0,0,0,0,0,0,0,0,0,0,0,,no payment record in this extract
B1630,58a0b95cb8eedc2708ab06c07251c8216ba214894aa5353d20d99c544040fdb8,AI238,2026-04-07T11:37:36.952000,PENDING,1,15,20260418,20260407,accepted,existing-unique,0,0,0,0,0,0,0,0,0,0,1,1,0,11475.88,complete amount coverage
B1631,b8b4dd7b7d8837413d6b7f245ba3dd68fb5dac9773bc4352e7387b17f332dea7,UK096,2026-02-17T11:37:36.952000,CANCELLED,4,4,20260418,20260217,accepted,existing-unique,0,0,0,0,0,0,0,0,0,0,2,2,0,17514.41,complete amount coverage
B1632,689254949d08fb98aced9410ab058c6e0ff3adbb54d4ad61f59f068c6e6e2021,UK126,2026-03-30T11:37:36.952000,PENDING,4,13,20260418,20260330,accepted,existing-unique,0,0,0,0,0,0,0,0,0,0,1,1,0,11397.25,complete amount coverage
B1633,dafa60df0316ad5cb565837d31eb9abf113250f6eec20a2a6388096738e4d2db,SJ195,2025-08-30T11:37:36.952000,CONFIRMED,3,7,20260418,20250830,accepted,existing-unique,0,0,0,0,0,0,0,0,0,0,0,0,0,,no payment record in this extract
B1634,a84d89345a154a13ed9b87da7fecd33ce738c2ac79c16a619eee2b1a9d2dd21e,SJ171,2025-12-25T11:37:36.952000,CANCELLED,3,19,20260418,20251225,accepted,existing-unique,0,0,0,0,0,0,0,0,0,0,0,0,0,,no payment record in this extract
B1635,345f108aae3ac4704807a0bf04b048e4ddd4c37d1dd372d4f93e162a48c21bf9,AI136,2025-08-14T11:37:36.952000,UNKNOWN,1,3,20260418,20250814,accepted,existing-unique,0,0,0,0,0,0,0,1,0,0,0,0,0,,no payment record in this extract
B1636,9d5ef91b572219250eda341d108ed10b43befb84b60ff641a2c270fa55f8cdde,SJ192,2025-05-27T11:37:36.952000,CONFIRMED,0,0,,20250527,quarantined,existing-unique,0,0,0,0,0,0,0,0,0,,1,1,0,14700.10,complete amount coverage
B1637,842308b784f84b9459db0df0c089afe05f7968e0ae3e70afa3214f9ea9b3cbef,6F035,2025-12-01T11:37:36.952000,PENDING,2,14,20260418,20251201,accepted,existing-unique,0,0,0,0,0,0,0,0,0,0,3,3,0,25470.66,complete amount coverage
B1638,8395b17b615b8497a0ba49fc216193e27d6b8da5ab1d11ac4cef11c7dd5afd7f,UK088,2026-02-23T11:37:36.952000,CONFIRMED,0,26,20260418,20260223,accepted,existing-unique,0,0,0,0,0,0,0,0,0,0,0,0,0,,no payment record in this extract
B1639,17d9b63f96c3f1d2da7ae9b47fa999ea84da91914898e7d46d93fbe07191764d,6F009,2025-09-14T11:37:36.952000,CONFIRMED,2,2,20260418,20250914,accepted,existing-unique,0,0,0,0,0,0,0,0,0,0,2,2,0,6069.30,complete amount coverage
B1640,215474a27523bac03e98d120394be34a7e89061a528bd7dd0df5051acfbed3d3,6F004,2026-01-28T11:37:36.952000,CANCELLED,2,7,20260418,20260128,accepted,existing-unique,0,0,0,0,0,0,0,0,0,0,0,0,0,,no payment record in this extract
B1641,362e47313583d028a576e7b78f3745059c5d31717166891ae34c6ea9cc6584fe,UK122,2026-03-27T11:37:36.952000,UNKNOWN,4,23,20260418,20260327,accepted,existing-unique,0,0,0,0,0,1,0,0,0,0,1,1,0,14953.42,complete amount coverage
B1642,3b6b17aecafb456939933dd5bb0f61bdd7d1ce9df56505419a8303c4b94d606f,AI251,2026-02-15T11:37:36.952000,PENDING,1,29,20260418,20260215,accepted,existing-unique,0,0,0,0,0,0,0,0,0,0,1,1,0,6919.99,complete amount coverage
B1643,6aee07ccdd5550d778e682e7211fc8a0de69b9bf6207fe7c3f1540ebfbaa7801,AI027,2026-02-04T11:37:36.952000,PENDING,1,10,20260418,20260204,accepted,existing-unique,0,0,0,0,0,0,0,0,0,0,0,0,0,,no payment record in this extract
B1644,22a2521358fe1a229171e67458cf375382246df2d2634a9571e0d78b47e662a7,SJ165,2025-10-20T11:37:36.952000,PENDING,3,12,20260418,20251020,accepted,existing-unique,0,0,0,0,0,0,0,0,0,0,1,1,0,10406.49,complete amount coverage
B1645,a84d89345a154a13ed9b87da7fecd33ce738c2ac79c16a619eee2b1a9d2dd21e,UK081,2025-08-16T11:37:36.952000,CONFIRMED,0,3,20260418,20250816,accepted,existing-unique,0,0,0,0,0,0,0,0,0,0,1,1,0,2308.55,complete amount coverage
B1646,08acf45b46f72fc1f9f89c2316da413828f37be8c1ef473681b60c5450ad4772,UK191,2025-09-27T11:37:36.952000,CANCELLED,4,26,20260418,20250927,accepted,existing-unique,0,0,0,0,0,0,0,0,0,0,2,2,0,22654.88,complete amount coverage
B1647,956b1f1d71207905834455183d51bde65a6f6429c72c47335d12bee55ae51d32,SJ188,2025-11-06T11:37:36.952000,PENDING,3,1,20260418,20251106,accepted,existing-unique,0,0,0,0,0,0,0,0,0,0,2,2,0,17320.63,complete amount coverage
B1648,bc5555124a5daef5cb204f49962d217f9ef2a5663a2bc5a652004a2b3a92db24,6F016,2025-08-09T11:37:36.952000,CONFIRMED,2,22,20260418,20250809,accepted,existing-unique,0,0,0,0,0,0,0,0,0,0,1,1,0,3484.04,complete amount coverage
B1649,cac33faf5d8cba8c8b8c9c8422c758b62f07e7a8f23adf4542e5f382646eb719,6F064,2026-04-05T11:37:36.952000,PENDING,2,13,20260418,20260405,accepted,existing-unique,0,0,0,0,0,0,0,0,0,0,2,2,0,28108.05,complete amount coverage
B1650,ae29a87e6b4f68cbfe07b6c401f585b5a0a1fc15417b8460b94b0efc8f79943c,SJ105,2026-04-03T11:37:36.952000,UNKNOWN,3,9,20260418,20260403,accepted,existing-unique,0,0,0,0,0,1,0,0,0,0,0,0,0,,no payment record in this extract
B1651,6f6c9433289d30561b5c2cf4ddb81ea7ca32a2ff26a273a548218cd1d9ab204d,SJ054,2025-09-09T11:37:36.952000,CANCELLED,3,26,20260418,20250909,accepted,existing-unique,0,0,0,0,0,0,0,0,0,0,1,1,0,6941.55,complete amount coverage
B1652,e740df815fc16ca8254b0c226f6ea68d319d4aaa98a30a58965bc19b9bcb5824,6F197,2025-12-19T11:37:36.952000,PENDING,2,6,20260418,20251219,accepted,existing-unique,0,0,0,0,0,0,0,0,0,0,4,4,0,21520.53,complete amount coverage
B1653,c564fc369093a40d948bed1e69764ce74ed7c5402337fba83216a148e51da7b6,AI040,2026-03-26T11:37:36.952000,CANCELLED,1,21,20260418,20260326,accepted,existing-unique,0,0,0,0,0,0,0,0,0,0,1,1,0,10350.94,complete amount coverage
B1654,0ca07aefd2939afd362a63d698ad9ea806b07e39c48a384acf8ac6120f00b5bf,AI131,2025-08-14T11:37:36.952000,UNKNOWN,1,27,20260418,20250814,accepted,existing-unique,0,0,0,0,0,1,0,0,0,0,1,1,0,12116.85,complete amount coverage
B1655,ab20fb04ff08d7e09507c0369e53e59325a3d8ccd100f964eff18ada88382276,6F141,2025-10-09T11:37:36.952000,PENDING,2,7,20260418,20251009,accepted,existing-unique,0,0,0,0,0,0,0,0,0,0,0,0,0,,no payment record in this extract
B1656,e99ee6a87e48a1e98c8595d8ea061022bc3b9969b2aa827b41467339babb2908,UK035,2025-05-12T11:37:36.952000,CONFIRMED,4,22,20260418,20250512,accepted,existing-unique,0,0,0,0,0,0,0,0,0,0,1,1,0,9174.46,complete amount coverage
B1657,cac33faf5d8cba8c8b8c9c8422c758b62f07e7a8f23adf4542e5f382646eb719,AI005,2025-08-28T11:37:36.952000,CONFIRMED,1,18,20260418,20250828,accepted,existing-unique,0,0,0,0,0,0,0,0,0,0,1,1,0,11326.44,complete amount coverage
B1658,93179eaa5e4f7eba7462b58f31fc06a3e94c6bb818b3e67ecb4c456f194eec6b,AI001,2025-06-22T11:37:36.952000,CONFIRMED,1,19,20260418,20250622,accepted,existing-unique,0,0,0,0,0,0,0,0,0,0,0,0,0,,no payment record in this extract
B1659,c7f2c92b31bfc9c036b9c2edda928f0e86a40059529cd3050505d9bcf46789db,UK211,2026-01-17T11:37:36.952000,PENDING,4,28,20260418,20260117,accepted,existing-unique,0,0,0,0,0,0,0,0,0,0,0,0,0,,no payment record in this extract
B1660,79ba960fa8dc9c882cc233a43e13cb637598d1936b8c3506a722d0500c3a37d7,SJ189,2026-04-04T11:37:36.952000,CANCELLED,3,21,20260418,20260404,accepted,existing-unique,0,0,0,0,0,0,0,0,0,0,2,1,1,5033.75,partial amount coverage
B1661,3b1dcd30beb1f934b4d16101983efa66b6c5dcb54e3cd2aae36303f8c1806ed4,UK006,2025-04-21T11:37:36.952000,PENDING,4,28,20260418,20250421,accepted,existing-unique,0,0,0,0,0,0,0,0,0,0,2,2,0,20979.51,complete amount coverage
B1662,f4a195a4c6a4f82886d0a3591ecefdbae88c069637a96f00699f7d0ade568877,6F189,2025-10-13T11:37:36.952000,CONFIRMED,2,26,20260418,20251013,accepted,existing-unique,0,0,0,0,0,0,0,0,0,0,1,1,0,9168.10,complete amount coverage
B1663,0c960b35215ea435096e8bd1b62e31b418e9662298acd34c3f350f75038374e8,AI133,2025-05-16T11:37:36.952000,CANCELLED,1,18,20260418,20250516,accepted,existing-unique,0,0,0,0,0,0,0,0,0,0,6,6,0,66885.47,complete amount coverage
B1664,00fc716b177e33f53286b7447e6a35b14c08494c4c5ca1b17770d500bf9ec951,SJ216,2025-11-08T11:37:36.952000,CONFIRMED,3,7,20260418,20251108,accepted,existing-unique,0,0,0,0,0,0,0,0,0,0,0,0,0,,no payment record in this extract
B1665,4cebf05649dc69f23176a796a8db14884d49eb103dbb50411f53b210c74c7fb9,SJ133,2026-03-04T11:37:36.952000,CANCELLED,3,7,20260418,20260304,accepted,existing-unique,0,0,0,0,0,0,0,0,0,0,1,1,0,13434.66,complete amount coverage
B1666,21b9fc2d2797cc528864d7dabceb2ac8eb324c95f1cd60f5a0c5428c99ada269,UK082,2026-03-05T11:37:36.952000,PENDING,4,17,20260418,20260305,accepted,existing-unique,0,0,0,0,0,0,0,0,0,0,1,1,0,4184.87,complete amount coverage
B1667,b1888607b88e4e3731475a6b1ebb2775923f6406d347de1741f851e457c98eed,6F136,2026-02-16T11:37:36.952000,CANCELLED,2,13,20260418,20260216,accepted,existing-unique,0,0,0,0,0,0,0,0,0,0,0,0,0,,no payment record in this extract
B1668,41b435348a46852008310de8ac182d99df566e4b4aeb60680f7d57168ab12bba,6F039,2025-04-30T11:37:36.952000,PENDING,2,28,20260418,20250430,accepted,existing-unique,0,0,0,0,0,0,0,0,0,0,0,0,0,,no payment record in this extract
B1669,6f32a3caf88f8c2c175609c4316199d2a1c95b3fe830a7d503765fc44a119244,AI011,2025-06-16T11:37:36.952000,CONFIRMED,1,12,20260418,20250616,accepted,existing-unique,0,0,0,0,0,0,0,0,0,0,0,0,0,,no payment record in this extract
B1670,0d145d173864549bd2995d6d6182d100d727c8b822a6d4fedb74391de2cd591e,SJ225,2025-05-12T11:37:36.952000,CANCELLED,0,19,20260418,20250512,accepted,existing-unique,0,0,0,0,0,0,0,0,0,0,0,0,0,,no payment record in this extract
B1671,2e257359bf187237d74272e993c7eab9e580aed3b0cd81aee80f5c5b9a87d303,SJ024,2025-07-08T11:37:36.952000,CONFIRMED,3,20,20260418,20250708,accepted,existing-unique,0,0,0,0,0,0,0,0,0,0,0,0,0,,no payment record in this extract
B1672,215474a27523bac03e98d120394be34a7e89061a528bd7dd0df5051acfbed3d3,AI109,2025-08-01T11:37:36.952000,CANCELLED,1,1,20260418,20250801,accepted,existing-unique,0,0,0,0,0,0,0,0,0,0,1,1,0,6895.90,complete amount coverage
B1673,2f94aadc91fc7cd30dc123103cea0d0000d0f2356bb640d27f2cefa4648828bf,AI147,2025-06-12T11:37:36.952000,UNKNOWN,1,23,20260418,20250612,accepted,existing-unique,0,0,0,0,0,1,0,0,0,0,0,0,0,,no payment record in this extract
B1674,e79fef023ca5afd2708333e2550a426dc858a9eae57d61439a9f73b065560acf,UK057,2025-11-03T11:37:36.952000,CANCELLED,4,13,20260418,20251103,accepted,existing-unique,0,0,0,0,0,0,0,0,0,0,0,0,0,,no payment record in this extract
B1675,2e257359bf187237d74272e993c7eab9e580aed3b0cd81aee80f5c5b9a87d303,6F111,2025-08-01T11:37:36.952000,CANCELLED,2,24,20260418,20250801,accepted,existing-unique,0,0,0,0,0,0,0,0,0,0,0,0,0,,no payment record in this extract
B1676,8111ba2fe4fecd4b646e6e706c39ca7fbf6dd22046012f82ef363740b7744160,AI197,2026-04-14T11:37:36.952000,PENDING,1,7,20260418,20260414,accepted,existing-unique,0,0,0,0,0,0,0,0,0,0,2,2,0,26552.82,complete amount coverage
B1677,6a10de017d0e770566ae0b83d4ed196159724e363af365a82e840b4d5e3d42fe,UK127,2026-01-31T11:37:36.952000,PENDING,4,9,20260418,20260131,accepted,existing-unique,0,0,0,0,0,0,0,0,0,0,2,2,0,19599.18,complete amount coverage
B1678,4cebf05649dc69f23176a796a8db14884d49eb103dbb50411f53b210c74c7fb9,6F240,2025-12-31T11:37:36.952000,PENDING,2,19,20260418,20251231,accepted,existing-unique,0,0,0,0,0,0,0,0,0,0,1,1,0,3831.88,complete amount coverage
B1679,fb8a41baa5668ccb0ef944cda28bbc960d6017e12c17b46d07aa9e6d53860d2a,6F257,2025-08-17T11:37:36.952000,CANCELLED,0,28,20260418,20250817,accepted,existing-nonunique,0,0,0,0,0,0,0,0,0,0,0,0,0,,no payment record in this extract
B1680,15a031954e731c754255cd08f9b1a47e68ca3ce68a932f68bbad272138272bc2,AI253,2026-03-19T11:37:36.952000,UNKNOWN,1,1,20260418,20260319,accepted,existing-unique,0,0,0,0,0,1,0,0,0,0,0,0,0,,no payment record in this extract
B1681,af2ed36f8eb37ce9ffa1ac250181af51a681b280c6a14bc20b226f250267b09a,SJ135,2026-04-02T11:37:36.952000,CANCELLED,3,28,20260418,20260402,accepted,existing-unique,0,0,0,0,0,0,0,0,0,0,2,2,0,26057.93,complete amount coverage
B1682,ad518dd72a389319a918b2b3d3e3aee5a4fdbbaba56006d1e552c3068ea86a95,UK112,2025-07-10T11:37:36.952000,CANCELLED,0,13,20260418,20250710,accepted,existing-unique,0,0,0,0,0,0,0,0,0,0,1,1,0,2916.86,complete amount coverage
B1683,2e5d0f04fd4817510bfff7fa9edb19a06ec540cb2f3439fc6a93a9a569a11c63,AI050,2025-08-07T11:37:36.952000,CONFIRMED,1,1,20260418,20250807,accepted,existing-unique,0,0,0,0,0,0,0,0,0,0,2,2,0,19349.76,complete amount coverage
B1684,cf9b752175a1baa61ccbde061514caa73df27cbd1100143557b3ac065e948a72,UK060,2025-11-18T11:37:36.952000,PENDING,4,2,20260418,20251118,accepted,existing-unique,0,0,0,0,0,0,0,0,0,0,0,0,0,,no payment record in this extract
B1685,570f53917225e9641b062962ca4a9703f439aff5b8b3aabe56c4a87be6ec07ed,SJ183,2025-05-15T11:37:36.952000,CANCELLED,3,13,20260418,20250515,accepted,existing-unique,0,0,0,0,0,0,0,0,0,0,2,2,0,12700.44,complete amount coverage
B1686,521eb299eb3db39a0ccb41599a5ee6b1def366c3ff57cd6d430c6645386bb697,UK138,2025-11-17T11:37:36.952000,CONFIRMED,4,16,20260418,20251117,accepted,existing-unique,0,0,0,0,0,0,0,0,0,0,1,1,0,1293.05,complete amount coverage
B1687,3d87c264cad05574eb9850d44e121b61a8fa369f348aee434af0e251a030a090,SJ071,2025-10-12T11:37:36.952000,PENDING,3,15,20260418,20251012,accepted,existing-unique,0,0,0,0,0,0,0,0,0,0,0,0,0,,no payment record in this extract
B1688,0027d219fbef688633c3e47829c58580593801071a183da7e3aa31501cd1877c,AI057,2025-06-14T11:37:36.952000,PENDING,1,7,20260418,20250614,accepted,existing-unique,0,0,0,0,0,0,0,0,0,0,1,1,0,10945.95,complete amount coverage
B1689,78c46e275429b3e2a7da65cfd6c3e157abc452991d7f52354fb389fbad7334aa,SJ151,2025-07-10T11:37:36.952000,CANCELLED,3,7,20260418,20250710,accepted,existing-unique,0,0,0,0,0,0,0,0,0,0,1,1,0,8030.27,complete amount coverage
B1690,07cf7ce1503e5e60fa2eca3df11159a37529272e85341a38f65baefe4653d0f4,SJ144,2025-06-28T11:37:36.952000,PENDING,3,1,20260418,20250628,accepted,existing-unique,0,0,0,0,0,0,0,0,0,0,1,1,0,7675.73,complete amount coverage
B1691,84786bbb0907fb19e3c43c4003154f424ce4defccefeba9249d57c260d5d87ba,SJ087,2026-01-23T11:37:36.952000,PENDING,3,8,20260418,20260123,accepted,existing-unique,0,0,0,0,0,0,0,0,0,0,1,1,0,10442.06,complete amount coverage
B1692,0b77d8cd219ba8d670c3dc516826d20955ee2b962a2150cb7c9eea827ed03d98,SJ066,2026-04-02T11:37:36.952000,CONFIRMED,3,23,20260418,20260402,accepted,existing-unique,0,0,0,0,0,0,0,0,0,0,0,0,0,,no payment record in this extract
B1693,3b5a947dc58a16b4619936fe50ea90e8c5314a3c4b25691a8e22e4b1fec42623,AI247,2026-01-02T11:37:36.952000,CONFIRMED,1,7,20260418,20260102,accepted,existing-unique,0,0,0,0,0,0,0,0,0,0,0,0,0,,no payment record in this extract
B1694,496615d29ab9e1fd01538bb6737048363b5648f1005f24dc553f17b12e62705d,SJ102,2026-04-01T11:37:36.952000,PENDING,3,28,20260418,20260401,accepted,existing-nonunique,0,0,0,0,0,0,0,0,0,0,2,2,0,7153.61,complete amount coverage
B1695,dfea53516f4d8755901d1d87b51a7c3cdcbcb643e64528abb3102205f738a962,6F252,2026-04-13T11:37:36.952000,CONFIRMED,0,26,20260418,20260413,accepted,existing-unique,0,0,0,0,0,0,0,0,0,0,1,1,0,5969.93,complete amount coverage
B1696,232e616f0214556332a0568da21501b919ddac8aa71b5059363d3f5f3a488f46,6F055,2025-11-28T11:37:36.952000,PENDING,2,18,20260418,20251128,accepted,existing-unique,0,0,0,0,0,0,0,0,0,0,0,0,0,,no payment record in this extract
B1697,0d815d9eeeef6ff9a18b5a3475e616540467f5b92741298e41055e8fe3b8ac0e,AI204,2025-11-12T11:37:36.952000,CANCELLED,1,15,20260418,20251112,accepted,existing-unique,0,0,0,0,0,0,0,0,0,0,0,0,0,,no payment record in this extract
B1698,fac0118bf7d10227f4e64d2879d811c8b1deb6e1851c9c9c0651fc3e02362170,AI016,2026-02-02T11:37:36.952000,CONFIRMED,1,7,20260418,20260202,accepted,existing-unique,0,0,0,0,0,0,0,0,0,0,1,1,0,8023.98,complete amount coverage
B1699,24ead0746ab557a25ac2a363150806309cf72327461282eda16271189c285988,AI209,2025-12-11T11:37:36.952000,PENDING,1,2,20260418,20251211,accepted,existing-unique,0,0,0,0,0,0,0,0,0,0,4,3,1,23144.93,partial amount coverage
B1700,90fa487fa9eddc632a83e03872ff6ae8363bd8e87f9e051477d2e5903329eb24,SJ211,2026-01-04T11:37:36.952000,PENDING,3,27,20260418,20260104,accepted,existing-unique,0,0,0,0,0,0,0,0,0,0,1,1,0,6028.27,complete amount coverage
B1701,0be37dc95ccca299d7dd0da3fd00bc555ee77daa6081124d0765bae4bd837446,6F103,2025-10-16T11:37:36.952000,CONFIRMED,2,15,20260418,20251016,accepted,existing-unique,0,0,0,0,0,0,0,0,0,0,0,0,0,,no payment record in this extract
B1702,60115b4e562111a61b33babb3e66e70658b52ea9bc82a9ca2419e0b98568b6f8,UK182,2025-04-22T11:37:36.952000,CONFIRMED,4,23,20260418,20250422,accepted,existing-unique,0,0,0,0,0,0,0,0,0,0,2,1,1,13329.36,partial amount coverage
B1703,082a2c9622e4e852364c76d451574a05189174182263e0d8eb73c172a3444aee,6F264,2025-12-25T11:37:36.952000,CANCELLED,0,19,20260418,20251225,accepted,existing-unique,0,0,0,0,0,0,0,0,0,0,2,2,0,11995.20,complete amount coverage
B1704,461e1efd5f9cb7477edc4c7dfd31bf560fdb474785da9404fd4d947def96a73c,6F027,2025-07-23T11:37:36.952000,PENDING,2,3,20260418,20250723,accepted,existing-unique,0,0,0,0,0,0,0,0,0,0,1,1,0,13993.49,complete amount coverage
B1705,1756161ee163b75b0da0f6fb20fb1aebd51acc2bc82536127f2d41c911ba3074,UK198,2026-01-31T11:37:36.952000,CANCELLED,4,16,20260418,20260131,accepted,existing-unique,0,0,0,0,0,0,0,0,0,0,4,4,0,20858.79,complete amount coverage
B1706,4ac3626daa7c9b9554d5b06af4a6805ddaa2f633db71292ea20f6cb4793bae6c,6F171,2025-09-07T11:37:36.952000,CANCELLED,2,16,20260418,20250907,accepted,existing-unique,0,0,0,0,0,0,0,0,0,0,0,0,0,,no payment record in this extract
B1707,db9232bcbdc143e1f41448d0aaaed732935a407f43bec0c8a24a3816521e5ffb,AI004,2025-07-05T11:37:36.952000,CANCELLED,1,25,20260418,20250705,accepted,existing-unique,0,0,0,0,0,0,0,0,0,0,0,0,0,,no payment record in this extract
B1708,24cd025a78b247843fe257fe8caeeb9631f975a7fa776c68d7293138209a5095,6F157,2025-11-22T11:37:36.952000,CONFIRMED,2,28,20260418,20251122,accepted,existing-unique,0,0,0,0,0,0,0,0,0,0,0,0,0,,no payment record in this extract
B1709,445da7ce295e7edefb71116c2a9cbcf176a1d2492b50dbd66fcd3710e849d705,AI018,2025-10-03T11:37:36.952000,CANCELLED,1,7,20260418,20251003,accepted,existing-unique,0,0,0,0,0,0,0,0,0,0,0,0,0,,no payment record in this extract
B1710,179bea06b7ffb2ebf26baa83941fd698438fa050ab5ede8f4908bb4d8e5b188b,UK098,2025-08-05T11:37:36.952000,CONFIRMED,4,13,20260418,20250805,accepted,existing-unique,0,0,0,0,0,0,0,0,0,0,1,1,0,12059.65,complete amount coverage
B1711,8c8c78485a28ce2f85a662d6483127d293af44c58647782ddf721d1a33f8b53b,6F167,2026-01-29T11:37:36.952000,UNKNOWN,2,1,20260418,20260129,accepted,existing-unique,0,0,0,0,0,1,0,0,0,0,0,0,0,,no payment record in this extract
B1712,f6d381afeb2a1b074d9d98b979ec633b760156f93c5fe9bed00f026256729232,AI228,2025-09-06T11:37:36.952000,CANCELLED,1,1,20260418,20250906,accepted,existing-unique,0,0,0,0,0,0,0,0,0,0,0,0,0,,no payment record in this extract
B1713,81a7a3008de1fa01107e87af433e6959c5d8c67535984469981b7a1dab452caf,SJ242,2025-08-31T11:37:36.952000,CANCELLED,3,4,20260418,20250831,accepted,existing-unique,0,0,0,0,0,0,0,0,0,0,0,0,0,,no payment record in this extract
B1714,ceda62cd817919d08cc40d58db2cdfc166f1bc6531789c4ab382ebad4d70428d,6F227,2025-12-11T11:37:36.952000,PENDING,2,27,20260418,20251211,accepted,existing-unique,0,0,0,0,0,0,0,0,0,0,1,1,0,5064.12,complete amount coverage
B1715,ec0140cdbbe08c37b941cad0419314e325367383e6d6aa883941eb47ef29bd1b,6F037,2025-08-27T11:37:36.952000,CANCELLED,2,10,20260418,20250827,accepted,existing-unique,0,0,0,0,0,0,0,0,0,0,0,0,0,,no payment record in this extract
B1716,dcdd1b404d737da8d42a8c1265baf37a04deed29e4c1377ae471b83409e4b828,6F107,2025-12-22T11:37:36.952000,PENDING,2,11,20260418,20251222,accepted,existing-unique,0,0,0,0,0,0,0,0,0,0,0,0,0,,no payment record in this extract
B1717,3ef740c96304f3564e20b3d728b1d1494b0475e04a4dc879fdef6932e1c929b1,SJ125,2025-11-06T11:37:36.952000,CANCELLED,3,16,20260418,20251106,accepted,existing-unique,0,0,0,0,0,0,0,0,0,0,2,2,0,2408.22,complete amount coverage
B1718,3d4392624ce74977c28b5f3d19735c7538dfc2e9fe4d687265eb5595f1629068,UK117,2025-06-17T11:37:36.952000,CANCELLED,4,1,20260418,20250617,accepted,existing-unique,0,0,0,0,0,0,0,0,0,0,2,2,0,18312.78,complete amount coverage
B1719,beb3639de560935e5ca098c2c2a972d04b0189b58a96754962f686ffce8185c6,6F192,2025-11-12T11:37:36.952000,CANCELLED,2,11,20260418,20251112,accepted,existing-unique,0,0,0,0,0,0,0,0,0,0,1,1,0,5781.10,complete amount coverage
B1720,9d5ef91b572219250eda341d108ed10b43befb84b60ff641a2c270fa55f8cdde,AI201,2025-11-27T11:37:36.952000,CANCELLED,1,2,20260418,20251127,accepted,existing-unique,0,0,0,0,0,0,0,0,0,0,1,1,0,5194.30,complete amount coverage
B1721,98067164d9a9b8094a2ecc072285248fc81a615cfcff9ff416743cb12d053c0d,SJ126,2026-03-25T11:37:36.952000,PENDING,3,16,20260418,20260325,accepted,existing-unique,0,0,0,0,0,0,0,0,0,0,0,0,0,,no payment record in this extract
B1722,5237b09b63f429fdae7597b3291ff323132248b578b5f62ab595d27a47b6c3e4,AI177,2026-02-10T11:37:36.952000,PENDING,1,14,20260418,20260210,accepted,existing-unique,0,0,0,0,0,0,0,0,0,0,1,0,1,,payment records but no usable amounts
B1723,3aa571f568bc1abb6d9c5a738cfe8baeeb79b6960623b3777c36b146ac0aab69,AI092,2025-12-23T11:37:36.952000,CANCELLED,1,12,20260418,20251223,accepted,existing-unique,0,0,0,0,0,0,0,0,0,0,0,0,0,,no payment record in this extract
B1724,41b8d903223612cc423b063490c3d50336afaa67f5e41f7da46110635b951e51,6F076,2025-10-10T11:37:36.952000,CANCELLED,2,14,20260418,20251010,accepted,existing-unique,0,0,0,0,0,0,0,0,0,0,1,1,0,10484.53,complete amount coverage
B1725,b8f446bea909e2b5c701332850b9269a6e96095c597af2bd734a699e4287e894,AI185,2025-04-29T11:37:36.952000,PENDING,1,12,20260418,20250429,accepted,existing-unique,0,0,0,0,0,0,0,0,0,0,1,0,1,,payment records but no usable amounts
B1726,fd3c8b3151b8705a7d7a77b9ca4fa9881017b1ac17ebea089c055f92003754c4,AI055,2025-05-14T11:37:36.952000,CONFIRMED,1,12,20260418,20250514,accepted,existing-unique,0,0,0,0,0,0,0,0,0,0,2,2,0,10313.45,complete amount coverage
B1727,74bf5dd6fa6bd0cfd8ab648c5498410a33a424eddfeb735edaa7fa4059f11abc,6F222,2026-03-15T11:37:36.952000,CONFIRMED,2,25,20260418,20260315,accepted,existing-unique,0,0,0,0,0,0,0,0,0,0,0,0,0,,no payment record in this extract
B1728,e2bc573fd2efe4260e73a0c9bda6c66045e415bc6b41ae2584a3add0a2cf4cb8,AI090,2025-12-12T11:37:36.952000,CONFIRMED,1,28,20260418,20251212,accepted,existing-unique,0,0,0,0,0,0,0,0,0,0,1,1,0,7592.89,complete amount coverage
B1729,b8853db02f03e32c59a925439741fc58c25269db0eb277fda62876c458e1f5fd,AI183,2025-06-03T11:37:36.952000,PENDING,1,18,20260418,20250603,accepted,existing-unique,0,0,0,0,0,0,0,0,0,0,1,1,0,2726.28,complete amount coverage
B1730,d332db4f026e60591207c87ad5328ec681883370dfdbfd8f704935004d21dd2c,AI041,2025-04-29T11:37:36.952000,PENDING,1,6,20260418,20250429,accepted,existing-unique,0,0,0,0,0,0,0,0,0,0,1,0,1,,payment records but no usable amounts
B1731,b07181694ef86f1ed283833c37f177e3ec2d74c66d4e7581e955e51b709b4767,6F210,2025-07-12T11:37:36.952000,CONFIRMED,2,24,20260418,20250712,accepted,existing-unique,0,0,0,0,0,0,0,0,0,0,1,1,0,1355.89,complete amount coverage
B1732,c86c94391810d5b1fa8d915fd3966f5f3d20e90727c6b554713ab9bbd0892a7c,AI170,2026-01-15T11:37:36.952000,CONFIRMED,1,24,20260418,20260115,accepted,existing-unique,0,0,0,0,0,0,0,0,0,0,1,1,0,7405.96,complete amount coverage
B1733,6ea87d59bee6d2f2e95cc848a268e27d37731307177ca61ef4a24f00fa6bd426,SJ008,2026-04-16T11:37:36.952000,CANCELLED,3,21,20260418,20260416,accepted,existing-nonunique,0,0,0,0,0,0,0,0,0,0,1,1,0,10832.74,complete amount coverage
B1734,2e5d0f04fd4817510bfff7fa9edb19a06ec540cb2f3439fc6a93a9a569a11c63,AI049,2025-09-29T11:37:36.952000,PENDING,1,15,20260418,20250929,accepted,existing-unique,0,0,0,0,0,0,0,0,0,0,1,1,0,2972.66,complete amount coverage
B1735,a25a8756694a1dc907d3e6b834598a402cfa0f99d174e26e28386ce92015e748,SJ132,2025-05-12T11:37:36.952000,PENDING,3,29,20260418,20250512,accepted,existing-unique,0,0,0,0,0,0,0,0,0,0,1,1,0,10012.48,complete amount coverage
B1736,998146fc60a778af502805a0a033ad307d5e4a6e8b7c86971802efb7a9f04c51,SJ224,2026-01-26T11:37:36.952000,CONFIRMED,3,20,20260418,20260126,accepted,existing-unique,0,0,0,0,0,0,0,0,0,0,2,2,0,8590.58,complete amount coverage
B1737,da5993cb48b555e61098496fb86cdfaa405911f9e88ca2c29f36d5a1195db3ea,UK038,2025-06-11T11:37:36.952000,CONFIRMED,4,28,20260418,20250611,accepted,existing-unique,0,0,0,0,0,0,0,0,0,0,1,1,0,12049.41,complete amount coverage
B1738,24ead0746ab557a25ac2a363150806309cf72327461282eda16271189c285988,SJ220,2025-08-14T11:37:36.952000,PENDING,3,7,20260418,20250814,accepted,existing-unique,0,0,0,0,0,0,0,0,0,0,3,3,0,26003.14,complete amount coverage
B1739,ad6e532897fd5206b2060be277124a361955322fe1dcd571f66c545dc20b0466,6F124,2025-06-29T11:37:36.952000,CANCELLED,2,1,20260418,20250629,accepted,existing-unique,0,0,0,0,0,0,0,0,0,0,1,1,0,8263.32,complete amount coverage
B1740,e1d5eab591ced9fccbf6c5c007f694d44211e146fe24bf491075d22f50fd4f16,SJ164,2025-11-16T11:37:36.952000,CONFIRMED,3,15,20260418,20251116,accepted,existing-unique,0,0,0,0,0,0,0,0,0,0,0,0,0,,no payment record in this extract
B1741,e2180441b78c27118037886215a0da52d9b34e44b6f0bb26e3ee510acf03f5d2,AI026,2025-05-18T11:37:36.952000,PENDING,1,17,20260418,20250518,accepted,existing-unique,0,0,0,0,0,0,0,0,0,0,1,1,0,4483.43,complete amount coverage
B1742,3f3b5662425e180be969e7fc1f2326df5f743f6e4fbe1344815a2bf14a65b95f,6F144,2025-09-14T11:37:36.952000,PENDING,2,22,20260418,20250914,accepted,existing-unique,0,0,0,0,0,0,0,0,0,0,0,0,0,,no payment record in this extract
B1743,7cef24efaf8941dad0e76958b39711b2eabd9bce2408b2fe41fddf49a17d65a0,6F137,2025-11-21T11:37:36.952000,UNKNOWN,2,13,20260418,20251121,accepted,existing-unique,0,0,0,0,0,0,0,1,0,0,1,1,0,4062.36,complete amount coverage
B1744,5f535f5138be76cd393dd467601ccae1d3fa1a2584c009ad0761a40ba71891a3,UK139,2025-09-05T11:37:36.952000,CANCELLED,0,5,20260418,20250905,accepted,existing-unique,0,0,0,0,0,0,0,0,0,0,1,1,0,9225.17,complete amount coverage
B1745,1f9198a03e98298384fe0223cd9971930ba3ee6ad51f567313e4ab41a7515a81,UK139,2025-05-20T11:37:36.952000,CONFIRMED,0,5,20260418,20250520,accepted,existing-unique,0,0,0,0,0,0,0,0,0,0,1,1,0,10889.16,complete amount coverage
B1746,7132d1bb1c619546353453d475e58964d9bfddab9506d75ec3652da42fc0f8c7,SJ140,2025-08-31T11:37:36.952000,CONFIRMED,0,24,20260418,20250831,accepted,existing-unique,0,0,0,0,0,0,0,0,0,0,0,0,0,,no payment record in this extract
B1747,93690c64b1200e7936119d0c88e6bbdbad1be85276118d57449a373820e15362,6F131,2025-04-20T11:37:36.952000,CONFIRMED,2,4,20260418,20250420,accepted,existing-unique,0,0,0,0,0,0,0,0,0,0,0,0,0,,no payment record in this extract
B1748,2e257359bf187237d74272e993c7eab9e580aed3b0cd81aee80f5c5b9a87d303,UK128,2025-11-15T11:37:36.952000,PENDING,4,7,20260418,20251115,accepted,existing-unique,0,0,0,0,0,0,0,0,0,0,1,1,0,13170.94,complete amount coverage
B1749,f8517ab7f3df103682227711d4de4820acc9b10469582c84d5c091989c79d5c5,SJ219,2026-02-19T11:37:36.952000,CONFIRMED,3,8,20260418,20260219,accepted,existing-unique,0,0,0,0,0,0,0,0,0,0,0,0,0,,no payment record in this extract
B1750,ed60ab79e8570482c44a771380a6e21c7f27cad585b129f17344d3180315d0ea,SJ159,2025-09-21T11:37:36.952000,PENDING,3,13,20260418,20250921,accepted,existing-unique,0,0,0,0,0,0,0,0,0,0,0,0,0,,no payment record in this extract
B1751,4e15620e25c00e973405c5372fa7369395daabaa289398a0214a7f647103b281,UK192,2025-09-19T11:37:36.952000,CONFIRMED,4,24,20260418,20250919,accepted,existing-unique,0,0,0,0,0,0,0,0,0,0,1,1,0,14391.99,complete amount coverage
B1752,9adf3ee7e0383fdaa31e455a566e4d5ee8999785340c21e7834e7e545d771077,AI014,2025-08-13T11:37:36.952000,CANCELLED,1,25,20260418,20250813,accepted,existing-unique,0,0,0,0,0,0,0,0,0,0,0,0,0,,no payment record in this extract
B1753,842b61ec54d0304025578157c515dff68653a542a29594ba1d60ad6a76683aac,SJ152,2025-08-08T11:37:36.952000,CANCELLED,3,8,20260418,20250808,accepted,existing-unique,0,0,0,0,0,0,0,0,0,0,1,1,0,4016.57,complete amount coverage
B1754,35c333d600c1e42be265df9ee583a11d0b7c3b00f25e80161667c07c005b702b,SJ060,2026-02-11T11:37:36.952000,PENDING,3,23,20260418,20260211,accepted,existing-unique,0,0,0,0,0,0,0,0,0,0,1,1,0,12013.34,complete amount coverage
B1755,633c5767249b89ff30151d9730c3a237dd434e6f82a4229ed6595424d772740f,AI127,2026-02-17T11:37:36.952000,CANCELLED,1,19,20260418,20260217,accepted,existing-unique,0,0,0,0,0,0,0,0,0,0,1,1,0,4760.39,complete amount coverage
B1756,0e7c7ac8f85b02e337b915c96c444462d018cc392d7aae419dd4c4f7894ee7ea,SJ096,2026-01-27T11:37:36.952000,PENDING,0,19,20260418,20260127,accepted,existing-unique,0,0,0,0,0,0,0,0,0,0,1,0,1,,payment records but no usable amounts
B1757,5a799d469d6c58c15c776e7b7aceb8dc7269db372a4637b81c3c1d8acfe1d0e6,AI215,2025-04-24T11:37:36.952000,PENDING,1,3,20260418,20250424,accepted,existing-unique,0,0,0,0,0,0,0,0,0,0,1,1,0,1608.39,complete amount coverage
B1758,832b15e6bec9e9420d204832ef01a23b4fda2125e2d99d3e8aa0dc92574c37eb,UK009,2026-02-28T11:37:36.952000,CANCELLED,4,8,20260418,20260228,accepted,existing-unique,0,0,0,0,0,0,0,0,0,0,1,1,0,8260.94,complete amount coverage
B1759,ee4b1b99eb63145ebb7389362b95191e87fdc1558f7b102a2974e377168c3506,AI171,2025-10-26T11:37:36.952000,PENDING,1,26,20260418,20251026,accepted,existing-unique,0,0,0,0,0,0,0,0,0,0,2,2,0,10926.00,complete amount coverage
B1760,7092a5904ef830eac4625d23d57ce41d41c46476ca4f68264dde71c26c90598c,UK151,2026-01-14T11:37:36.952000,CANCELLED,0,7,20260418,20260114,accepted,existing-unique,0,0,0,0,0,0,0,0,0,0,1,1,0,12133.03,complete amount coverage
B1761,6ea87d59bee6d2f2e95cc848a268e27d37731307177ca61ef4a24f00fa6bd426,AI099,2025-05-22T11:37:36.952000,CONFIRMED,1,1,20260418,20250522,accepted,existing-nonunique,0,0,0,0,0,0,0,0,0,0,4,4,0,35672.39,complete amount coverage
B1762,537803837697d6ca798b9f1ca1a4a76f1b2b1aac905d5e659b5d438aad465fb2,UK050,2025-06-04T11:37:36.952000,CONFIRMED,4,8,20260418,20250604,accepted,existing-unique,0,0,0,0,0,0,0,0,0,0,2,2,0,13897.13,complete amount coverage
B1763,3d888cd052c2db5ad1f58ceeb74f1130ba86c0cf6bfb41675da0e3e40602e19d,UK092,2025-10-06T11:37:36.952000,CANCELLED,4,26,20260418,20251006,accepted,existing-unique,0,0,0,0,0,0,0,0,0,0,1,0,1,,payment records but no usable amounts
B1764,a67f14e76f93fa481ef68309e82afbbe100640914bfe1e65e9c10139337d8b6c,SJ058,2025-06-20T11:37:36.952000,CANCELLED,3,19,20260418,20250620,accepted,existing-unique,0,0,0,0,0,0,0,0,0,0,1,1,0,10528.45,complete amount coverage
B1765,b2ce686ceb2287b998eb324d64b3244383b5cc75f92de1c70143d13dfe351686,SJ090,2025-12-21T11:37:36.952000,CANCELLED,3,25,20260418,20251221,accepted,existing-unique,0,0,0,0,0,0,0,0,0,0,2,2,0,23925.48,complete amount coverage
B1766,3f5f68ede26ee43b6e793bb2c7c4ce35409898a6d7c3fa8b595d0568caf62a74,6F173,2025-09-07T11:37:36.952000,CANCELLED,2,7,20260418,20250907,accepted,existing-unique,0,0,0,0,0,0,0,0,0,0,0,0,0,,no payment record in this extract
B1767,214bbaf6d0a188c603f988eb4db94c0c4b471ba0c2918912a0dbed2d826f3bc1,AI186,2025-11-19T11:37:36.952000,CONFIRMED,1,17,20260418,20251119,accepted,existing-unique,0,0,0,0,0,0,0,0,0,0,2,2,0,10462.21,complete amount coverage
B1768,7f6fea21a98db3acf7402db784abad9a9e824d55bbfb66764a0e79ed73d31db7,AI130,2026-03-23T11:37:36.952000,PENDING,1,6,20260418,20260323,accepted,existing-nonunique,0,0,0,0,0,0,0,0,0,0,1,1,0,2835.70,complete amount coverage
B1769,f2950c105334a33ab672057445de4cd9b873d0bf3d2fef5722674ec5d710541b,SJ111,2025-11-23T11:37:36.952000,UNKNOWN,3,20,20260418,20251123,accepted,existing-unique,0,0,0,0,0,0,0,1,0,0,2,2,0,2465.29,complete amount coverage
B1770,fb8a41baa5668ccb0ef944cda28bbc960d6017e12c17b46d07aa9e6d53860d2a,6F203,2025-08-04T11:37:36.952000,CONFIRMED,2,4,20260418,20250804,accepted,existing-nonunique,0,0,0,0,0,0,0,0,0,0,0,0,0,,no payment record in this extract
B1771,4eb4dac8d76b2ead062af5890b5a72fc20f81b13abbdfe21ef6b4cbfde856ebe,6F138,2025-05-24T11:37:36.952000,PENDING,2,21,20260418,20250524,accepted,existing-unique,0,0,0,0,0,0,0,0,0,0,1,1,0,6761.89,complete amount coverage
B1772,fef144c4a41dfe2460fa6469e340bbd80a05331a52d6ec1ac1c76890939a5079,6F109,2025-08-29T11:37:36.952000,UNKNOWN,2,1,20260418,20250829,accepted,existing-unique,0,0,0,0,0,1,0,0,0,0,0,0,0,,no payment record in this extract
B1773,7723b0180859a81ccc4513ca61895da1b53f08f605445a64ab1ed52b4bbc593d,AI074,2026-01-01T11:37:36.952000,PENDING,1,12,20260418,20260101,accepted,existing-unique,0,0,0,0,0,0,0,0,0,0,1,1,0,11699.42,complete amount coverage
B1774,aa10ed16e9240f0235b782f282de6978aa2ac1e868f8892d73e9294ad96502dc,UK161,2026-01-07T11:37:36.952000,CANCELLED,4,1,20260418,20260107,accepted,existing-unique,0,0,0,0,0,0,0,0,0,0,0,0,0,,no payment record in this extract
B1775,496615d29ab9e1fd01538bb6737048363b5648f1005f24dc553f17b12e62705d,AI008,2025-06-19T11:37:36.952000,CANCELLED,1,7,20260418,20250619,accepted,existing-nonunique,0,0,0,0,0,0,0,0,0,0,1,1,0,13185.54,complete amount coverage
B1776,ee4b1b99eb63145ebb7389362b95191e87fdc1558f7b102a2974e377168c3506,UK121,2025-12-27T11:37:36.952000,CANCELLED,4,1,20260418,20251227,accepted,existing-unique,0,0,0,0,0,0,0,0,0,0,2,2,0,16692.14,complete amount coverage
B1777,a480905ce92787fb47a1778313371cadbf478ae72dc94ad2bac08d224dbe32ba,6F154,2025-04-26T11:37:36.952000,CONFIRMED,2,13,20260418,20250426,accepted,existing-unique,0,0,0,0,0,0,0,0,0,0,1,1,0,9927.30,complete amount coverage
B1778,b1f8c001b194791fac58f2c172b200b70bb98c385585afb4667fd59d819dcfb5,6F161,2025-08-01T11:37:36.952000,CONFIRMED,2,29,20260418,20250801,accepted,existing-unique,0,0,0,0,0,0,0,0,0,0,0,0,0,,no payment record in this extract
B1779,6ed9ac02e6777d69178bbf74b689837c1cef3da874f5cd1b3d2b6991b1efad2a,6F153,2026-02-01T11:37:36.952000,PENDING,2,11,20260418,20260201,accepted,existing-unique,0,0,0,0,0,0,0,0,0,0,1,1,0,8876.97,complete amount coverage
B1780,fcae87d305b20fa141a7eef1a7bd83019c2a97ec135bd6b7bcebb3dc5ce12a1b,6F225,2026-02-10T11:37:36.952000,PENDING,2,23,20260418,20260210,accepted,existing-unique,0,0,0,0,0,0,0,0,0,0,0,0,0,,no payment record in this extract
B1781,8a9058cb2012c57ec334ff2986871ac3ab6a88e8af0b0f2eb713d82413e7e14b,AI191,2026-02-09T11:37:36.952000,PENDING,1,5,20260418,20260209,accepted,existing-unique,0,0,0,0,0,0,0,0,0,0,0,0,0,,no payment record in this extract
B1782,490db92f9b7836082e72ca29563c451951c75abd75491985b3e898b54acdea8c,AI218,2025-08-18T11:37:36.952000,CONFIRMED,1,7,20260418,20250818,accepted,existing-unique,0,0,0,0,0,0,0,0,0,0,1,1,0,4755.95,complete amount coverage
B1783,7f6fea21a98db3acf7402db784abad9a9e824d55bbfb66764a0e79ed73d31db7,6F267,2025-09-28T11:37:36.952000,PENDING,0,20,20260418,20250928,accepted,existing-nonunique,0,0,0,0,0,0,0,0,0,0,1,1,0,8201.65,complete amount coverage
B1784,65b1db8bc13996fccf0a89e4187cc1fa3eb5ae3d821cd4e51a1d2569e87521f8,UK125,2025-08-20T11:37:36.952000,CANCELLED,4,22,20260418,20250820,accepted,existing-unique,0,0,0,0,0,0,0,0,0,0,1,1,0,1577.50,complete amount coverage
B1785,e85d3ac7ebe9f625b0f6dfec97e7d8e55fb6b05adbf9d02edd4b2b18c215f6eb,6F208,2025-08-19T11:37:36.952000,PENDING,2,12,20260418,20250819,accepted,existing-unique,0,0,0,0,0,0,0,0,0,0,1,1,0,2489.15,complete amount coverage
B1786,5fbba428c47595ee99b560eeac72383491966834945a719cade088007ddb63e2,6F119,2026-02-12T11:37:36.952000,CANCELLED,2,17,20260418,20260212,accepted,existing-unique,0,0,0,0,0,0,0,0,0,0,1,1,0,14801.30,complete amount coverage
B1787,4b3695cdcff48aead763e94327b072859fbbb167cc5f48a97fba0b7d050ab2b3,AI063,2025-07-11T11:37:36.952000,CONFIRMED,1,21,20260418,20250711,accepted,existing-unique,0,0,0,0,0,0,0,0,0,0,3,3,0,13330.68,complete amount coverage
B1788,9cf84f35476357ca1ebc55cc48c601697b1969ec33f74425057e28c8b749519c,UK016,2025-06-05T11:37:36.952000,CANCELLED,4,18,20260418,20250605,accepted,existing-unique,0,0,0,0,0,0,0,0,0,0,0,0,0,,no payment record in this extract
B1789,75641d4246daf08fc7327227cff3bbd1a1501e8f4d9330dc03133eb972b54a01,6F048,2026-01-13T11:37:36.952000,CANCELLED,2,24,20260418,20260113,accepted,existing-unique,0,0,0,0,0,0,0,0,0,0,1,1,0,11758.27,complete amount coverage
B1790,8737ebcb20db1c2a2194a1d2a1feb988d274e3788c51a3a4ed55c4a5161d78f8,6F266,2025-04-23T11:37:36.952000,CANCELLED,0,15,20260418,20250423,accepted,existing-unique,0,0,0,0,0,0,0,0,0,0,2,2,0,4971.80,complete amount coverage
B1791,ad7d8796ed5b5569ef2b2ee0369270d90ff55e98c33a016a485d7e3c7e5d7614,AI167,2026-02-24T11:37:36.952000,CONFIRMED,1,3,20260418,20260224,accepted,existing-unique,0,0,0,0,0,0,0,0,0,0,0,0,0,,no payment record in this extract
B1792,4a88db8e1fa2f179cdeaa18b032f588b65ad9d9d801b0c6b44add18456d7889a,6F165,2026-01-17T11:37:36.952000,CONFIRMED,2,1,20260418,20260117,accepted,existing-unique,0,0,0,0,0,0,0,0,0,0,0,0,0,,no payment record in this extract
B1793,31eb990140d7bd18224830099b47cafbe64ff39458b3616c6c75a956b4d110d6,SJ104,2025-11-25T11:37:36.952000,CONFIRMED,3,24,20260418,20251125,accepted,existing-unique,0,0,0,0,0,0,0,0,0,0,1,1,0,12515.25,complete amount coverage
B1794,fbafcbafc780cd22e58f02ad314cc107e5d05800cc95adf3e2b97b360322a357,UK160,2025-06-26T11:37:36.952000,CONFIRMED,4,1,20260418,20250626,accepted,existing-unique,0,0,0,0,0,0,0,0,0,0,0,0,0,,no payment record in this extract
B1795,bdf8208413240afa2a34c2aa8497d36c0d1fcb5e68d34e300f86c1acf80b7eed,UK160,2026-03-21T11:37:36.952000,PENDING,4,1,20260418,20260321,accepted,existing-unique,0,0,0,0,0,0,0,0,0,0,1,1,0,11714.65,complete amount coverage
B1796,c3f87d591eb97f83bb2cd54123ed962cb638cf2bc449238be6ac417912bfd44e,SJ230,2025-11-28T11:37:36.952000,CONFIRMED,3,7,20260418,20251128,accepted,existing-unique,0,0,0,0,0,0,0,0,0,0,0,0,0,,no payment record in this extract
B1797,63877e673489a59846ad8fb0d9c4d78f5eb26d168875adbe5784d841233b9022,AI042,2025-06-03T11:37:36.952000,CANCELLED,1,13,20260418,20250603,accepted,existing-unique,0,0,0,0,0,0,0,0,0,0,0,0,0,,no payment record in this extract
B1798,d3aee1da75163bd3f8e51a944041cab9b46d679cedea92b1f1d6201eabd623ae,UK197,2025-05-16T11:37:36.952000,CONFIRMED,4,4,20260418,20250516,accepted,existing-unique,0,0,0,0,0,0,0,0,0,0,2,1,1,14793.78,partial amount coverage
B1799,636cbb7acbfc2f31afd7b3a259714930b75731d470652959bba97c13b9d89938,AI107,2026-02-05T11:37:36.952000,PENDING,1,23,20260418,20260205,accepted,existing-unique,0,0,0,0,0,0,0,0,0,0,0,0,0,,no payment record in this extract
B1800,928c6687b93386a5dfb2bff73bc2bd377a5e7b33ebbb8c3ee781187f263b1b96,SJ128,2025-08-22T11:37:36.952000,PENDING,3,11,20260418,20250822,accepted,existing-unique,0,0,0,0,0,0,0,0,0,0,1,1,0,4478.56,complete amount coverage
B1801,50066e779d3f0f9efd36184580c6cbab0d91028e9d6bae72a51f88a21a4c284c,6F121,2026-04-14T11:37:36.952000,PENDING,2,25,20260418,20260414,accepted,existing-unique,0,0,0,0,0,0,0,0,0,0,0,0,0,,no payment record in this extract
B1802,3f0ce81c79bf2d66d72576eea5e3c828032615701a7cf87f110f0413c07921ad,AI111,2025-06-30T11:37:36.952000,UNKNOWN,1,28,20260418,20250630,accepted,existing-unique,0,0,0,0,0,0,0,1,0,0,1,1,0,2072.55,complete amount coverage
B1803,c3e48032891625a6b131f9bfcbf903f14292408d2b36db0aa6f7278a73da683c,SJ137,2026-02-21T11:37:36.952000,CONFIRMED,3,13,20260418,20260221,accepted,existing-unique,0,0,0,0,0,0,0,0,0,0,1,1,0,5663.20,complete amount coverage
B1804,e994eeba46f7a6259d100d92957c1571660cfb9e63994e4965ffe5021dfc43ba,AI232,2025-11-12T11:37:36.952000,CONFIRMED,1,16,20260418,20251112,accepted,existing-unique,0,0,0,0,0,0,0,0,0,0,1,1,0,9496.04,complete amount coverage
B1805,31eb990140d7bd18224830099b47cafbe64ff39458b3616c6c75a956b4d110d6,SJ113,2025-10-26T11:37:36.952000,CONFIRMED,3,1,20260418,20251026,accepted,existing-unique,0,0,0,0,0,0,0,0,0,0,1,0,1,,payment records but no usable amounts
B1806,17943c977830f563601f108f9e46ded58af0c2859cb97f6f427a7c12c6ef6b7f,AI117,2025-08-02T11:37:36.952000,CANCELLED,1,21,20260418,20250802,accepted,existing-unique,0,0,0,0,0,0,0,0,0,0,1,1,0,14488.78,complete amount coverage
B1807,8152d895b97169a93c0cb3d264ad9cd92f262ae7abc735d42fe30faee1998d84,6F185,2025-06-28T11:37:36.952000,CANCELLED,2,13,20260418,20250628,accepted,existing-unique,0,0,0,0,0,0,0,0,0,0,1,1,0,1759.80,complete amount coverage
B1808,1563e4d30e4f7b3a4cdd6b64732818b022c0d643fcdd3d712198d271b5ff409b,AI194,2026-01-26T11:37:36.952000,PENDING,1,26,20260418,20260126,accepted,existing-unique,0,0,0,0,0,0,0,0,0,0,0,0,0,,no payment record in this extract
B1809,149cd55f7d09bc6878f90b5d740764824721d98a17c338adef6e7cdf6ce1b2d2,UK045,2026-04-09T11:37:36.952000,PENDING,4,30,20260418,20260409,accepted,existing-nonunique,0,0,0,0,0,0,0,0,0,0,1,1,0,2114.98,complete amount coverage
B1810,ee9f24fd683a64d58667b8a82a1ff7f03e1797b9111e7cdc3f62172533ac906a,6F228,2026-03-20T11:37:36.952000,CONFIRMED,2,25,20260418,20260320,accepted,existing-unique,0,0,0,0,0,0,0,0,0,0,0,0,0,,no payment record in this extract
B1811,2c79f2af09e16fb5d73ce5c68751f2e55a5e0b73f174c61e7ec1647a8d0f82f8,SJ190,2026-04-04T11:37:36.952000,CANCELLED,3,7,20260418,20260404,accepted,existing-unique,0,0,0,0,0,0,0,0,0,0,1,1,0,9625.29,complete amount coverage
B1812,cc6ab5c5957ff1b6fa2dcfc46da9d8e4d3365344b6754ffd3128d560c007c9c9,AI156,2026-01-06T11:37:36.952000,CANCELLED,1,12,20260418,20260106,accepted,existing-unique,0,0,0,0,0,0,0,0,0,0,1,1,0,1736.99,complete amount coverage
B1813,c47a8c35fa5e391a623adecbdedb1f414eb75ba87446983e89c55b700848d255,AI104,2025-04-21T11:37:36.952000,UNKNOWN,1,30,20260418,20250421,accepted,existing-unique,0,0,0,0,0,0,0,1,0,0,0,0,0,,no payment record in this extract
B1814,886da91a0a14b4343b2ae46e6fe1c9ba1c0d8324afe08ee87c01c40fe097c944,UK033,2025-06-22T11:37:36.952000,CONFIRMED,4,24,20260418,20250622,accepted,existing-unique,0,0,0,0,0,0,0,0,0,0,2,2,0,9940.19,complete amount coverage
B1815,86a141f2d701bae458883780256ac8d7c656fa8e620f70c5f57f666f1b476c12,UK137,2025-05-01T11:37:36.952000,PENDING,4,10,20260418,20250501,accepted,existing-unique,0,0,0,0,0,0,0,0,0,0,2,2,0,6355.84,complete amount coverage
B1816,e4416c916aeb017687f68cca9f514dd3decd79ed7ee1ed6f02f0b024e870950d,UK214,2025-06-21T11:37:36.952000,PENDING,4,24,20260418,20250621,accepted,existing-unique,0,0,0,0,0,0,0,0,0,0,2,1,1,4762.94,partial amount coverage
B1817,0f511e2681f8ff21d5e23217d9eef815fcaf975812b29a9e099c8e075b148b98,6F033,2025-06-07T11:37:36.952000,PENDING,2,19,20260418,20250607,accepted,existing-unique,0,0,0,0,0,0,0,0,0,0,2,2,0,19018.62,complete amount coverage
B1818,619f65e60c3079acf08f51fa794666c04902675a9f30c6300455460770fce019,AI114,2025-11-07T11:37:36.952000,CONFIRMED,1,13,20260418,20251107,accepted,existing-unique,0,0,0,0,0,0,0,0,0,0,1,1,0,4317.72,complete amount coverage
B1819,5557c3c6b97233608f1d90d1a10478aa8e7af7fc7700a47e59d90ce389b29fd6,AI017,2026-01-19T11:37:36.952000,CONFIRMED,1,12,20260418,20260119,accepted,existing-unique,0,0,0,0,0,0,0,0,0,0,0,0,0,,no payment record in this extract
B1820,296c43d6b6e7837ab307cc1700d210e6af852611a4b96ac471400a6aee2e4903,6F244,2025-12-01T11:37:36.952000,PENDING,2,28,20260418,20251201,accepted,existing-unique,0,0,0,0,0,0,0,0,0,0,2,2,0,22474.87,complete amount coverage
B1821,9e942fa70fd6b4e1cb040428843ab8cc2a20dfecb4cfb9c114a538e1577bc65a,6F160,2025-11-27T11:37:36.952000,PENDING,2,26,20260418,20251127,accepted,existing-unique,0,0,0,0,0,0,0,0,0,0,3,1,2,5390.05,partial amount coverage
B1822,2424c180e90874966959c351bbd67847016eb4dd8b5bc716c281394427fcbef8,6F088,2026-01-05T11:37:36.952000,CANCELLED,2,11,20260418,20260105,accepted,existing-unique,0,0,0,0,0,0,0,0,0,0,1,1,0,7545.61,complete amount coverage
B1823,0d145d173864549bd2995d6d6182d100d727c8b822a6d4fedb74391de2cd591e,6F155,2025-11-26T11:37:36.952000,CANCELLED,2,16,20260418,20251126,accepted,existing-unique,0,0,0,0,0,0,0,0,0,0,1,1,0,7854.23,complete amount coverage
B1824,0f7d2395f344708d4447b11a730602a31a3f0caca63b587b1480e18218bdea33,AI095,2026-04-15T11:37:36.952000,PENDING,1,20,20260418,20260415,accepted,existing-unique,0,0,0,0,0,0,0,0,0,0,1,1,0,10599.90,complete amount coverage
B1825,199b0d6d1a74ba2ef8f290c60ccb260e4cc2e88f36976ab537468480f66c7aba,6F139,2025-05-17T11:37:36.952000,PENDING,2,25,20260418,20250517,accepted,existing-unique,0,0,0,0,0,0,0,0,0,0,1,1,0,5950.28,complete amount coverage
B1826,cea5b432d47b2ad621903adb7b662d076a9f0e42de7cb2f8d6c3887a18ec6689,6F101,2025-07-11T11:37:36.952000,CANCELLED,2,10,20260418,20250711,accepted,existing-unique,0,0,0,0,0,0,0,0,0,0,1,1,0,5128.12,complete amount coverage
B1827,6d564e78c77df80ef7f3722ac50ae3daafa70a4334d1cc0b4c88b6b704934101,AI054,2025-06-23T11:37:36.952000,PENDING,1,23,20260418,20250623,accepted,existing-unique,0,0,0,0,0,0,0,0,0,0,2,2,0,26463.98,complete amount coverage
B1828,fcae87d305b20fa141a7eef1a7bd83019c2a97ec135bd6b7bcebb3dc5ce12a1b,SJ094,2025-05-18T11:37:36.952000,CANCELLED,3,30,20260418,20250518,accepted,existing-unique,0,0,0,0,0,0,0,0,0,0,1,1,0,9418.44,complete amount coverage
B1829,6ef271feed623c14a1942bde8671cd2770c9243fdab398309c937d78a6dd1852,6F217,2026-01-15T11:37:36.952000,CANCELLED,2,1,20260418,20260115,accepted,existing-unique,0,0,0,0,0,0,0,0,0,0,1,1,0,4847.06,complete amount coverage
B1830,8152d895b97169a93c0cb3d264ad9cd92f262ae7abc735d42fe30faee1998d84,6F100,2026-04-15T11:37:36.952000,CANCELLED,2,6,20260418,20260415,accepted,existing-unique,0,0,0,0,0,0,0,0,0,0,1,1,0,12651.33,complete amount coverage
B1831,f7f2cc8c36f0baec0802ad1c1ce12cbdec080c2b611d00bce7eec4f6ff7adc47,6F081,2026-02-05T11:37:36.952000,CONFIRMED,2,26,20260418,20260205,accepted,existing-unique,0,0,0,0,0,0,0,0,0,0,2,2,0,25995.51,complete amount coverage
B1832,1fa3e7ce6cdc35608562e60fa5ad57c8a6f9a2f7314cc47812a7599eb032aecc,SJ156,2025-06-17T11:37:36.952000,CONFIRMED,3,8,20260418,20250617,accepted,existing-unique,0,0,0,0,0,0,0,0,0,0,1,1,0,11197.41,complete amount coverage
B1833,cc6ab5c5957ff1b6fa2dcfc46da9d8e4d3365344b6754ffd3128d560c007c9c9,6F060,2025-06-07T11:37:36.952000,PENDING,2,16,20260418,20250607,accepted,existing-unique,0,0,0,0,0,0,0,0,0,0,1,1,0,5872.19,complete amount coverage
B1834,c37fe6b197a92924a4eec1e9478f40c8cbc5adccf2c7bc70203077a32b96f489,UK129,2025-08-14T11:37:36.952000,CANCELLED,4,25,20260418,20250814,accepted,existing-unique,0,0,0,0,0,0,0,0,0,0,1,1,0,7570.53,complete amount coverage
B1835,14b344d31f5e5eea64136aa723948825e9627dfd42987089bdaca931fb0ca168,UK032,2026-02-07T11:37:36.952000,CONFIRMED,4,1,20260418,20260207,accepted,existing-unique,0,0,0,0,0,0,0,0,0,0,0,0,0,,no payment record in this extract
B1836,19d227c523b7a865389fa4fa8292bdf717dc07ace6bbe787f6fe51be546c1df5,AI166,2025-09-23T11:37:36.952000,PENDING,1,7,20260418,20250923,accepted,existing-unique,0,0,0,0,0,0,0,0,0,0,0,0,0,,no payment record in this extract
B1837,3488eeb0cd8a0b02a645c31146f25de3a002df387a99021981dca073a01ef759,SJ056,2025-10-31T11:37:36.952000,PENDING,3,24,20260418,20251031,accepted,existing-unique,0,0,0,0,0,0,0,0,0,0,3,3,0,39342.91,complete amount coverage
B1838,e6eae56dc519b27d041689b689457a18be25f3797971925841e9b2999ef167bd,SJ101,2025-06-12T11:37:36.952000,PENDING,3,13,20260418,20250612,accepted,existing-unique,0,0,0,0,0,0,0,0,0,0,0,0,0,,no payment record in this extract
B1839,dcdd1b404d737da8d42a8c1265baf37a04deed29e4c1377ae471b83409e4b828,SJ065,2025-05-09T11:37:36.952000,PENDING,3,26,20260418,20250509,accepted,existing-unique,0,0,0,0,0,0,0,0,0,0,2,2,0,16796.17,complete amount coverage
B1840,4aa7579030532c52170f1dc44f5191cd7abb29e07c62df205881fbd58d5ecc61,SJ100,2025-04-19T11:37:36.952000,PENDING,3,26,20260418,20250419,accepted,existing-unique,0,0,0,0,0,0,0,0,0,0,1,1,0,7085.20,complete amount coverage
B1841,3f3b5662425e180be969e7fc1f2326df5f743f6e4fbe1344815a2bf14a65b95f,UK011,2025-10-24T11:37:36.952000,CANCELLED,4,13,20260418,20251024,accepted,existing-unique,0,0,0,0,0,0,0,0,0,0,0,0,0,,no payment record in this extract
B1842,ab20fb04ff08d7e09507c0369e53e59325a3d8ccd100f964eff18ada88382276,6F062,2026-02-17T11:37:36.952000,PENDING,2,13,20260418,20260217,accepted,existing-unique,0,0,0,0,0,0,0,0,0,0,2,2,0,9813.82,complete amount coverage
B1843,1dbaf230c0ceeb8b6e8d724859c1661837f075c40a840cccbebe2fa784c0d1bb,SJ176,2025-08-15T11:37:36.952000,CANCELLED,3,17,20260418,20250815,accepted,existing-unique,0,0,0,0,0,0,0,0,0,0,2,2,0,5648.05,complete amount coverage
B1844,324f599c50e6a6c34280e041d453d3040204b2b884046452a4769c4d28404ac5,6F120,2025-11-26T11:37:36.952000,CONFIRMED,2,1,20260418,20251126,accepted,existing-unique,0,0,0,0,0,0,0,0,0,0,2,1,1,7078.61,partial amount coverage
B1845,46b6f23b5a321e7394ecb224cb2b25316643961616542116d1a4e5068ac3a44e,AI121,2026-03-05T11:37:36.952000,PENDING,1,25,20260418,20260305,accepted,existing-unique,0,0,0,0,0,0,0,0,0,0,1,1,0,3147.85,complete amount coverage
B1846,802105b759cd16a4e07cadccc290b8f70fc5d62137f374e4bf46037cbb52794a,UK072,2025-08-30T11:37:36.952000,CONFIRMED,4,6,20260418,20250830,accepted,existing-nonunique,0,0,0,0,0,0,0,0,0,0,1,1,0,8100.01,complete amount coverage
B1847,e31ac3701c2586322ad629d03ecdf4a211253c419fcdf123de3bd28b16356a61,AI006,2026-04-06T11:37:36.952000,CANCELLED,1,6,20260418,20260406,accepted,existing-unique,0,0,0,0,0,0,0,0,0,0,1,1,0,10999.02,complete amount coverage
B1848,d84872550f3f0e0c88771762543503331a7e8e4ede47b1c0e555cf3867b165bf,SJ231,2025-05-19T11:37:36.952000,CANCELLED,3,16,20260418,20250519,accepted,existing-unique,0,0,0,0,0,0,0,0,0,0,2,2,0,6682.00,complete amount coverage
B1849,0f5ffc550b23d8b840e70152816e7799406ac2adcbaf6f07a782237afb4c7947,SJ129,2025-06-24T11:37:36.952000,UNKNOWN,3,12,20260418,20250624,accepted,existing-unique,0,0,0,0,0,0,0,1,0,0,0,0,0,,no payment record in this extract
B1850,d0a7d6c67c5cf47da02ba5ad789091cb5fa48b232e6cbcb089d2b0016118e713,6F110,2025-04-21T11:37:36.952000,PENDING,2,24,20260418,20250421,accepted,existing-unique,0,0,0,0,0,0,0,0,0,0,2,2,0,22212.88,complete amount coverage
B1851,b8853db02f03e32c59a925439741fc58c25269db0eb277fda62876c458e1f5fd,6F231,2025-11-26T11:37:36.952000,PENDING,2,25,20260418,20251126,accepted,existing-unique,0,0,0,0,0,0,0,0,0,0,0,0,0,,no payment record in this extract
B1852,c3394aee98b27b08799488419e687802a7bbbc92ae4e226f901b352c7500eece,6F095,2025-08-09T11:37:36.952000,CONFIRMED,2,5,20260418,20250809,accepted,existing-unique,0,0,0,0,0,0,0,0,0,0,1,1,0,2491.83,complete amount coverage
B1853,4fe9f3b870210c4fdaac380444c2cfa7f0e27381fa2e167a80099fca6fcd5bf9,UK054,2025-05-05T11:37:36.952000,CONFIRMED,4,1,20260418,20250505,accepted,existing-unique,0,0,0,0,0,0,0,0,0,0,1,1,0,8948.88,complete amount coverage
B1854,06a62678da2e25cd6b5fadfcf747eef2af6d80e5bbe4dabba9587a8b455a98ad,SJ123,2025-08-10T11:37:36.952000,CONFIRMED,3,7,20260418,20250810,accepted,existing-unique,0,0,0,0,0,0,0,0,0,0,4,4,0,33343.83,complete amount coverage
B1855,536780befa81b39490173a1a6302a9928d8b5c15d2a6f55e5c67e73bfa6b7aa2,6F006,2026-01-04T11:37:36.952000,PENDING,2,6,20260418,20260104,accepted,existing-unique,0,0,0,0,0,0,0,0,0,0,2,2,0,21909.60,complete amount coverage
B1856,837888fe1415acd379e665ec31e958e8bf01c1ad44d87d13707b022dfd37dbd8,UK226,2025-05-04T11:37:36.952000,PENDING,4,30,20260418,20250504,accepted,existing-unique,0,0,0,0,0,0,0,0,0,0,2,2,0,25660.08,complete amount coverage
B1857,07cf7ce1503e5e60fa2eca3df11159a37529272e85341a38f65baefe4653d0f4,AI065,2026-03-07T11:37:36.952000,PENDING,0,26,20260418,20260307,accepted,existing-unique,0,0,0,0,0,0,0,0,0,0,2,2,0,17650.92,complete amount coverage
B1858,fe5d93f943f9188856003e2fdba8b82db4b3be7c564045ab4ae394996dcfb855,6F008,2025-11-25T11:37:36.952000,UNKNOWN,2,17,20260418,20251125,accepted,existing-nonunique,0,0,0,0,0,1,0,0,0,0,0,0,0,,no payment record in this extract
B1859,9f705aed469b2fe5fb985964d00cc1374cb201077096b05e9d0bfc76152b049c,AI195,2025-11-11T11:37:36.952000,PENDING,1,15,20260418,20251111,accepted,existing-unique,0,0,0,0,0,0,0,0,0,0,0,0,0,,no payment record in this extract
B1860,18bf2afcc7da009de33e0b135a5a2868b116e9ce416dcb420aa70bfcee4a5f18,UK043,2025-08-01T11:37:36.952000,UNKNOWN,0,19,20260418,20250801,accepted,existing-unique,0,0,0,0,0,1,0,0,0,0,2,2,0,9531.50,complete amount coverage
B1861,758bc536e3a0c288478f15a119c037419e90e8024740d862be7e8302de0604ba,AI125,2025-10-15T11:37:36.952000,CONFIRMED,0,13,20260418,20251015,accepted,existing-unique,0,0,0,0,0,0,0,0,0,0,1,1,0,9044.04,complete amount coverage
B1862,060e2cb97e961211609637478fc870d03e3e0e55bfc835278b9872094a86cf48,AI089,2025-10-05T11:37:36.952000,PENDING,1,12,20260418,20251005,accepted,existing-unique,0,0,0,0,0,0,0,0,0,0,0,0,0,,no payment record in this extract
B1863,c8e41d389dc75e872459ae05a2ea217966347b816fe35a1cc6b147d0c0ff0ee7,UK019,2026-02-12T11:37:36.952000,CONFIRMED,4,9,20260418,20260212,accepted,existing-unique,0,0,0,0,0,0,0,0,0,0,2,2,0,22928.67,complete amount coverage
B1864,6e80012b6a0eb1bfd67a697e9d3c51ce9310b6c04784d0237ff406dc58feb691,UK078,2025-09-27T11:37:36.952000,CANCELLED,4,9,20260418,20250927,accepted,existing-unique,0,0,0,0,0,0,0,0,0,0,1,1,0,10081.04,complete amount coverage
B1865,0020e9ac60e57d1a19ecf2d61643f6607cfb2539f5aaa201e033f5ae21d425b7,SJ009,2025-07-28T11:37:36.952000,CANCELLED,3,11,20260418,20250728,accepted,existing-unique,0,0,0,0,0,0,0,0,0,0,1,1,0,11740.51,complete amount coverage
B1866,569a4aa6fa66128cd54877775f82dd9030e6a7cc840232b2c85c2ef016fdd1f7,UK178,2026-01-28T11:37:36.952000,CONFIRMED,4,16,20260417,20260128,accepted,existing-unique,0,0,0,0,0,0,0,0,0,0,1,1,0,4987.99,complete amount coverage
B1867,04881ef91182c1d1ed1f872ad071637f79279b737959d430ef357f54fc10260e,UK018,2025-11-23T11:37:36.952000,CONFIRMED,4,7,20260418,20251123,accepted,existing-unique,0,0,0,0,0,0,0,0,0,0,1,1,0,8158.17,complete amount coverage
B1868,6acdc6abf3f14461e3aa527f430d16883309bba28583c4b8b73354dda6ab6fec,SJ059,2026-04-10T11:37:36.952000,CANCELLED,3,13,20260418,20260410,accepted,existing-unique,0,0,0,0,0,0,0,0,0,0,0,0,0,,no payment record in this extract
B1869,0d815d9eeeef6ff9a18b5a3475e616540467f5b92741298e41055e8fe3b8ac0e,UK108,2026-02-04T11:37:36.952000,CONFIRMED,4,16,20260418,20260204,accepted,existing-unique,0,0,0,0,0,0,0,0,0,0,2,2,0,21553.27,complete amount coverage
B1870,832b15e6bec9e9420d204832ef01a23b4fda2125e2d99d3e8aa0dc92574c37eb,6F045,2025-04-25T11:37:36.952000,CANCELLED,2,9,20260417,20250425,accepted,existing-unique,0,0,0,0,0,0,0,0,0,0,0,0,0,,no payment record in this extract
B1871,a74d997e6a4dea74be5ece7ba41292f82e04e874eff2a83d7ea51cea50207fb6,AI144,2025-10-04T11:37:36.952000,CANCELLED,1,27,20260418,20251004,accepted,existing-unique,0,0,0,0,0,0,0,0,0,0,0,0,0,,no payment record in this extract
B1872,bc478364fad82d420b7c769b64baf931d40394ba4e507f24f7337d662fb9c27d,AI244,2025-07-09T11:37:36.952000,PENDING,1,1,20260418,20250709,accepted,existing-unique,0,0,0,0,0,0,0,0,0,0,3,2,1,14817.12,partial amount coverage
B1873,056b6be05fa27425e29cdbadf337d195deac661a93e2d720e34e09f9fb9dc6a0,6F265,2025-04-25T11:37:36.952000,CONFIRMED,0,19,20260418,20250425,accepted,existing-unique,0,0,0,0,0,0,0,0,0,0,3,3,0,32289.57,complete amount coverage
B1874,28b8959a9c61fd66f4849f9522d12b55b8375aa9da11303e8ed6c2083dbe4e79,6F108,2026-01-26T11:37:36.952000,CONFIRMED,2,19,20260417,20260126,accepted,existing-unique,0,0,0,0,0,0,0,0,0,0,3,3,0,24444.49,complete amount coverage
B1875,282bfad267e237be0a8b35c474d6571d94a058608a95b93c05d612843a6699db,6F069,2025-06-17T11:37:36.952000,PENDING,2,26,20260417,20250617,accepted,existing-unique,0,0,0,0,0,0,0,0,0,0,1,0,1,,payment records but no usable amounts
B1876,6ed9ac02e6777d69178bbf74b689837c1cef3da874f5cd1b3d2b6991b1efad2a,6F072,2025-06-14T11:37:36.952000,CANCELLED,2,2,20260418,20250614,accepted,existing-unique,0,0,0,0,0,0,0,0,0,0,1,1,0,11290.32,complete amount coverage
B1877,2b3407912eb0c3f6f899f4963ebea27508a6d0c4ae04eb8a51cd884e6765dfa8,6F096,2025-11-09T11:37:36.952000,CONFIRMED,2,26,20260417,20251109,accepted,existing-unique,0,0,0,0,0,0,0,0,0,0,0,0,0,,no payment record in this extract
B1878,a2a2bac0211ade3590fe5d42d75fff529beadcfa6710c20baa4160230e4b2f21,SJ233,2025-12-31T11:37:36.952000,PENDING,3,19,20260418,20251231,accepted,existing-unique,0,0,0,0,0,0,0,0,0,0,1,1,0,14778.71,complete amount coverage
B1879,06a62d430796adb2f0652df0450589b33764a6fa14971c095082bb981e98b672,AI203,2025-12-03T11:37:36.952000,PENDING,1,7,20260418,20251203,accepted,existing-unique,0,0,0,0,0,0,0,0,0,0,1,1,0,4682.98,complete amount coverage
B1880,0a81810bd96f5aa2441f46845af83fa2ec828d703104513af1a73e3da70f024e,UK147,2026-03-08T11:37:36.952000,CONFIRMED,4,13,20260417,20260308,accepted,existing-unique,0,0,0,0,0,0,0,0,0,0,1,1,0,11737.00,complete amount coverage
B1881,96e53824dc63f32a7257ea85ddbe442d4840caab4465e72328797804ad748624,UK039,2025-08-26T11:37:36.952000,PENDING,4,22,20260418,20250826,accepted,existing-unique,0,0,0,0,0,0,0,0,0,0,0,0,0,,no payment record in this extract
B1882,529e20104a85eb3c3f8cf7577496040bfdab5ac6e0a054bf78ece3946826ca14,6F216,2025-10-17T11:37:36.952000,CANCELLED,2,3,20260417,20251017,accepted,existing-unique,0,0,0,0,0,0,0,0,0,0,0,0,0,,no payment record in this extract
B1883,d6ba5826f97c667ae4fca61d14c8c47236fa4a59cc737df9948108efc0c031fe,AI214,2025-11-17T11:37:36.952000,PENDING,1,13,20260417,20251117,accepted,existing-unique,0,0,0,0,0,0,0,0,0,0,2,2,0,7691.33,complete amount coverage
B1884,956b1f1d71207905834455183d51bde65a6f6429c72c47335d12bee55ae51d32,UK025,2025-08-31T11:37:36.952000,CANCELLED,4,17,20260417,20250831,accepted,existing-unique,0,0,0,0,0,0,0,0,0,0,0,0,0,,no payment record in this extract
B1885,800d7f6c5e56261ac74739a13243bf6de4b6e118c9ab8db54aed11b64dba9583,UK053,2025-08-10T11:37:36.952000,CANCELLED,4,1,20260417,20250810,accepted,existing-unique,0,0,0,0,0,0,0,0,0,0,1,1,0,9992.33,complete amount coverage
B1886,399a285735971ddf63088943088881e8e22ae869f40c50470889c5a5b6f9f629,6F130,2026-02-12T11:37:36.952000,UNKNOWN,2,19,20260418,20260212,accepted,existing-unique,0,0,0,0,0,0,0,1,0,0,0,0,0,,no payment record in this extract
B1887,cab26e39e2a067bca2af795c8476b730eacc7e3931bb1d81dc0e5dff41d638ac,6F247,2026-03-09T11:37:36.952000,PENDING,2,19,20260418,20260309,accepted,existing-unique,0,0,0,0,0,0,0,0,0,0,1,1,0,9312.51,complete amount coverage
B1888,aa10ed16e9240f0235b782f282de6978aa2ac1e868f8892d73e9294ad96502dc,6F159,2025-12-25T11:37:36.952000,CANCELLED,2,12,20260418,20251225,accepted,existing-unique,0,0,0,0,0,0,0,0,0,0,2,2,0,14913.74,complete amount coverage
B1889,6b625b6d527aa946bb7442f9e8b705d6247717fcfa2a814cac79a6a6b7ae543c,UK086,2026-02-24T11:37:36.952000,CANCELLED,4,11,20260417,20260224,accepted,existing-unique,0,0,0,0,0,0,0,0,0,0,0,0,0,,no payment record in this extract
B1890,345f108aae3ac4704807a0bf04b048e4ddd4c37d1dd372d4f93e162a48c21bf9,6F102,2025-08-30T11:37:36.952000,PENDING,2,25,20260418,20250830,accepted,existing-unique,0,0,0,0,0,0,0,0,0,0,1,1,0,13732.45,complete amount coverage
B1891,081feac1ae5d1923979a283dbc1f74ed743b2703853588f2fbb5290bffb9463c,UK186,2026-01-26T11:37:36.952000,CANCELLED,4,6,20260417,20260126,accepted,existing-unique,0,0,0,0,0,0,0,0,0,0,2,2,0,4194.57,complete amount coverage
B1892,0e63acdedb2197322ca63bc7df020f77f463860415ccbc21b5d7e5047bcfbf83,6F032,2025-08-24T11:37:36.952000,PENDING,2,17,20260417,20250824,accepted,existing-unique,0,0,0,0,0,0,0,0,0,0,0,0,0,,no payment record in this extract
B1893,63833b18ca9a75f1b402c5fa3acaa606e15e3ea924773abd95de3a818b660d99,6F186,2025-08-02T11:37:36.952000,CONFIRMED,2,22,20260417,20250802,accepted,existing-unique,0,0,0,0,0,0,0,0,0,0,0,0,0,,no payment record in this extract
B1894,52720ce98202e050b342457145c72bf7fa3136658d2309047d06085f378c2b55,6F106,2026-02-24T11:37:36.952000,CANCELLED,2,7,20260418,20260224,accepted,existing-unique,0,0,0,0,0,0,0,0,0,0,0,0,0,,no payment record in this extract
B1895,9dcd0a1b5dd3d0b73ba600a5a405efb5698c26f702c61ef1925f8d1db7310a04,AI021,2025-10-05T11:37:36.952000,CANCELLED,1,19,20260417,20251005,accepted,existing-unique,0,0,0,0,0,0,0,0,0,0,5,5,0,54031.62,complete amount coverage
B1896,57ca2a10bc16bcefa7f1f6fcad3fc6090d1bcf2f6434f9ca586d128d278e5e58,AI157,2025-11-30T11:37:36.952000,PENDING,1,2,20260417,20251130,accepted,existing-nonunique,0,0,0,0,0,0,0,0,0,0,1,0,1,,payment records but no usable amounts
B1897,53904e5cf035b78360a42387093aef97d2035f709d1217caa416d8c3c39142a3,6F054,2025-11-01T11:37:36.952000,PENDING,2,21,20260417,20251101,accepted,existing-unique,0,0,0,0,0,0,0,0,0,0,2,2,0,16995.31,complete amount coverage
B1898,24ce45fa8ca1cd994412151e4b05fcb60d79e6da0914580365fed4fbf0b528d4,AI187,2025-10-03T11:37:36.952000,PENDING,1,4,20260417,20251003,accepted,existing-unique,0,0,0,0,0,0,0,0,0,0,1,1,0,5718.04,complete amount coverage
B1899,10e0340dfc0161a9123ace7977d7aa6dee7da7d657b7e5117766ec2e8361a6cd,SJ124,2025-09-28T11:37:36.952000,PENDING,3,24,20260417,20250928,accepted,existing-unique,0,0,0,0,0,0,0,0,0,0,1,1,0,3146.15,complete amount coverage
B1900,90fa487fa9eddc632a83e03872ff6ae8363bd8e87f9e051477d2e5903329eb24,SJ223,2025-10-06T11:37:36.952000,CANCELLED,3,25,20260417,20251006,accepted,existing-unique,0,0,0,0,0,0,0,0,0,0,1,1,0,1212.98,complete amount coverage
B1901,ae29a87e6b4f68cbfe07b6c401f585b5a0a1fc15417b8460b94b0efc8f79943c,UK103,2025-04-25T11:37:36.952000,CONFIRMED,4,29,20260417,20250425,accepted,existing-unique,0,0,0,0,0,0,0,0,0,0,1,1,0,10787.49,complete amount coverage
B1902,6923809f7819d18bb35a927493fa60e1d666475b909c2ad86c70b5b02b9b5436,SJ157,2026-02-08T11:37:36.952000,CONFIRMED,3,19,20260417,20260208,accepted,existing-unique,0,0,0,0,0,0,0,0,0,0,0,0,0,,no payment record in this extract
B1903,6ad4631ec45555317fea37108fbf0cd8bde45a23d4698caa0d91aac9cd91b0c7,6F242,2025-11-06T11:37:36.952000,CONFIRMED,2,5,20260417,20251106,accepted,existing-unique,0,0,0,0,0,0,0,0,0,0,0,0,0,,no payment record in this extract
B1904,ee20f012c21eda0472314c6b0e892e7716b4660e264f7470f8d7932a346a02a7,UK213,2025-07-01T11:37:36.952000,CONFIRMED,4,7,20260417,20250701,accepted,existing-unique,0,0,0,0,0,0,0,0,0,0,1,1,0,5769.34,complete amount coverage
B1905,ea8e62c8812349ebfe50bf345e937a7a71b8fb17370bea917e0ea8ab16a6fcd4,SJ120,2026-02-13T11:37:36.952000,PENDING,3,26,20260417,20260213,accepted,existing-unique,0,0,0,0,0,0,0,0,0,0,0,0,0,,no payment record in this extract
B1906,eac4ef2c0a56060dccde1b6fc2eed556940eb21b6b7b6326b4258b91a07b9e67,AI035,2025-08-11T11:37:36.952000,CANCELLED,1,20,20260417,20250811,accepted,existing-nonunique,0,0,0,0,0,0,0,0,0,0,1,1,0,11037.65,complete amount coverage
B1907,3ef740c96304f3564e20b3d728b1d1494b0475e04a4dc879fdef6932e1c929b1,6F147,2026-01-14T11:37:36.952000,CANCELLED,2,25,20260417,20260114,accepted,existing-unique,0,0,0,0,0,0,0,0,0,0,1,1,0,5451.44,complete amount coverage
B1908,eacba1c0e4a3a98f8d3a50f3776854ca5a68620bf847c01a9dfeafa98d43e333,SJ229,2025-08-09T11:37:36.952000,CANCELLED,3,13,20260417,20250809,accepted,existing-unique,0,0,0,0,0,0,0,0,0,0,2,2,0,10746.85,complete amount coverage
B1909,5e47d3584c51f2959bf596046d8df597e8f6bd815075fe8c0d7ad0b47ced7e7d,AI230,2025-11-14T11:37:36.952000,PENDING,0,11,20260417,20251114,accepted,existing-unique,0,0,0,0,0,0,0,0,0,0,0,0,0,,no payment record in this extract
B1910,c7f2c92b31bfc9c036b9c2edda928f0e86a40059529cd3050505d9bcf46789db,UK162,2025-06-10T11:37:36.952000,CANCELLED,4,7,20260417,20250610,accepted,existing-unique,0,0,0,0,0,0,0,0,0,0,2,2,0,21554.05,complete amount coverage
B1911,75c1fc5ae2ebdd3be2fc1beba9c19e914e9b747f8abf99aee1ba48ed01a1a48d,AI066,2025-05-29T11:37:36.952000,PENDING,1,25,20260417,20250529,accepted,existing-unique,0,0,0,0,0,0,0,0,0,0,0,0,0,,no payment record in this extract
B1912,485d056d6525dbbf7afd5f5492162c1e37dd66e6a9f7a6a3e45a5182be5e6b6e,6F205,2025-09-09T11:37:36.952000,CANCELLED,2,22,20260417,20250909,accepted,existing-unique,0,0,0,0,0,0,0,0,0,0,1,1,0,6279.57,complete amount coverage
B1913,7cf495928162b426ed028c251d0b1dcfd62c2aa81f9ff67ef3c80626524f2c4e,AI124,2025-05-24T11:37:36.952000,CONFIRMED,1,14,20260417,20250524,accepted,existing-unique,0,0,0,0,0,0,0,0,0,0,2,2,0,15295.38,complete amount coverage
B1914,918ea0db9982059aeb09d59d80c33026248b54eca8358cd804e3affadcbf28bb,UK114,2025-10-19T11:37:36.952000,PENDING,4,23,20260417,20251019,accepted,existing-unique,0,0,0,0,0,0,0,0,0,0,1,1,0,5079.38,complete amount coverage
B1915,b7820087fc969240dafa7c5ec47a7b1267d207d88c47278767a1c45ec8e1c81c,AI231,2025-06-03T11:37:36.952000,CANCELLED,1,19,20260417,20250603,accepted,existing-unique,0,0,0,0,0,0,0,0,0,0,1,1,0,1162.01,complete amount coverage
B1916,dc831fe3b7202c2f9893f67a6526a513c2362aad42ff4b3adb6fd8affa0590d8,AI113,2025-10-30T11:37:36.952000,CONFIRMED,1,14,20260417,20251030,accepted,existing-nonunique,0,0,0,0,0,0,0,0,0,0,1,1,0,3156.86,complete amount coverage
B1917,d6ba5826f97c667ae4fca61d14c8c47236fa4a59cc737df9948108efc0c031fe,UK180,2025-08-03T11:37:36.952000,UNKNOWN,4,15,20260417,20250803,accepted,existing-unique,0,0,0,0,0,0,0,1,0,0,0,0,0,,no payment record in this extract
B1918,1ca39d7a0601da9978989f9fdadb4d7c94ead869b34d9ff027eae1d4a5b69995,UK180,2025-10-07T11:37:36.952000,CONFIRMED,4,15,20260417,20251007,accepted,existing-unique,0,0,0,0,0,0,0,0,0,0,2,2,0,4095.57,complete amount coverage
B1919,4f7a25df6d5c1034a153191431fd2f11319945ecb209b6ee67f81a4cb17348eb,6F080,2026-03-17T11:37:36.952000,PENDING,2,25,20260417,20260317,accepted,existing-unique,0,0,0,0,0,0,0,0,0,0,0,0,0,,no payment record in this extract
B1920,216f61542fa90d237bd29df156ab1f85f4d29ec4565c07c7a87c1ac648f61d0f,SJ095,2025-05-11T11:37:36.952000,PENDING,3,20,20260417,20250511,accepted,existing-unique,0,0,0,0,0,0,0,0,0,0,0,0,0,,no payment record in this extract
B1921,1434d06f220bd298111bb30ee71d5c8323a2ba7d97ff0ab1428dfc9a272cbd51,SJ115,2025-04-24T11:37:36.952000,CANCELLED,3,9,20260417,20250424,accepted,existing-unique,0,0,0,0,0,0,0,0,0,0,1,1,0,9627.04,complete amount coverage
B1922,46fc4565420bfd1d00bdd4e7614d6c9a1c06e7c3b14cd013bb82504646fe3116,AI142,2025-05-14T11:37:36.952000,CONFIRMED,1,8,20260417,20250514,accepted,existing-unique,0,0,0,0,0,0,0,0,0,0,2,2,0,19566.92,complete amount coverage
B1923,3977d0e3c990302b7571666905bc75153a7193339f1b8acd419fb64dff53d7d5,UK169,2025-11-28T11:37:36.952000,CANCELLED,4,24,20260417,20251128,accepted,existing-unique,0,0,0,0,0,0,0,0,0,0,2,1,1,8467.53,partial amount coverage
B1924,5e47d3584c51f2959bf596046d8df597e8f6bd815075fe8c0d7ad0b47ced7e7d,SJ041,2025-05-04T11:37:36.952000,CANCELLED,3,14,20260417,20250504,accepted,existing-unique,0,0,0,0,0,0,0,0,0,0,1,1,0,4739.01,complete amount coverage
B1925,20438dbfec7a004c59fa78cb8ba673a2de691b2aa899ae50f16cc7988e4d7014,UK171,2025-04-20T11:37:36.952000,CONFIRMED,4,23,20260417,20250420,accepted,existing-unique,0,0,0,0,0,0,0,0,0,0,3,3,0,29535.22,complete amount coverage
B1926,ea91b97fd40ca87152fbe974cde8956d2dc96a52a4188d5e7eb5e03bd1043995,AI081,2025-11-27T11:37:36.952000,CANCELLED,1,12,20260417,20251127,accepted,existing-unique,0,0,0,0,0,0,0,0,0,0,0,0,0,,no payment record in this extract
B1927,b8b4dd7b7d8837413d6b7f245ba3dd68fb5dac9773bc4352e7387b17f332dea7,AI162,2026-01-28T11:37:36.952000,PENDING,1,29,20260417,20260128,accepted,existing-unique,0,0,0,0,0,0,0,0,0,0,0,0,0,,no payment record in this extract
B1928,82e1f830b2df1bd0ff2def424f8a39b0012a94e0f4985cf4249d7bd1d8d021ea,SJ037,2026-01-23T11:37:36.952000,CANCELLED,3,1,20260417,20260123,accepted,existing-unique,0,0,0,0,0,0,0,0,0,0,1,1,0,6983.66,complete amount coverage
B1929,ffa9c115acc7897f6817c60358d9d35d7f7ff62cab5c703b984cf7a92c40605d,SJ037,2025-11-05T11:37:36.952000,CONFIRMED,3,1,20260417,20251105,accepted,existing-unique,0,0,0,0,0,0,0,0,0,0,0,0,0,,no payment record in this extract
B1930,70ba074c782b38141fc9e52d0ab1e6aae003e0031afd6e9a85c87f5d2efce7f9,UK080,2025-12-16T11:37:36.952000,PENDING,4,5,20260417,20251216,accepted,existing-unique,0,0,0,0,0,0,0,0,0,0,2,1,1,1625.90,partial amount coverage
B1931,8c1cf4cb98f1d82d453cdfb86f451cec24d2a712c4ba9e773ac8b05b8ef14ad6,SJ031,2025-09-26T11:37:36.952000,PENDING,3,17,20260417,20250926,accepted,existing-nonunique,0,0,0,0,0,0,0,0,0,0,1,1,0,10011.51,complete amount coverage
B1932,42f4d1cc59e28399f481e20ab3d43038ebdfc1cf735758e3912ca1143aabc0c9,AI199,2025-12-28T11:37:36.952000,CANCELLED,1,24,20260417,20251228,accepted,existing-unique,0,0,0,0,0,0,0,0,0,0,2,1,1,8636.39,partial amount coverage
B1933,842308b784f84b9459db0df0c089afe05f7968e0ae3e70afa3214f9ea9b3cbef,6F082,2025-05-28T11:37:36.952000,CANCELLED,2,6,20260417,20250528,accepted,existing-unique,0,0,0,0,0,0,0,0,0,0,0,0,0,,no payment record in this extract
B1934,fe5d93f943f9188856003e2fdba8b82db4b3be7c564045ab4ae394996dcfb855,UK217,2026-04-12T11:37:36.952000,PENDING,4,28,20260417,20260412,accepted,existing-nonunique,0,0,0,0,0,0,0,0,0,0,1,1,0,10978.81,complete amount coverage
B1935,ba992598789465620e1cb1bf3fa0cd88450acea7dc560fc10738ac2cdea53803,UK014,2026-04-13T11:37:36.952000,CANCELLED,4,25,20260417,20260413,accepted,existing-unique,0,0,0,0,0,0,0,0,0,0,0,0,0,,no payment record in this extract
B1936,78591bd5474a08da3d968124fec0e61ee5c14a5b9c206599e02b626ab138ba4c,SJ180,2026-01-11T11:37:36.952000,CONFIRMED,3,23,20260417,20260111,accepted,existing-unique,0,0,0,0,0,0,0,0,0,0,2,2,0,11286.73,complete amount coverage
B1937,0a81810bd96f5aa2441f46845af83fa2ec828d703104513af1a73e3da70f024e,6F268,2026-02-19T11:37:36.952000,CANCELLED,0,20,20260417,20260219,accepted,existing-unique,0,0,0,0,0,0,0,0,0,0,1,1,0,6825.66,complete amount coverage
B1938,0164aeddc4e75fac4e57c74cd7a41359fdc350e0ade60be7d657ca383683395f,UK205,2026-04-07T11:37:36.952000,CANCELLED,4,25,20260417,20260407,accepted,existing-unique,0,0,0,0,0,0,0,0,0,0,1,1,0,12242.79,complete amount coverage
B1939,335be5728817e14076ca097c27a18da1386db71d333d2cc0ce0acca8bce25754,SJ212,2025-07-22T11:37:36.952000,PENDING,0,26,20260417,20250722,accepted,existing-unique,0,0,0,0,0,0,0,0,0,0,4,4,0,41153.63,complete amount coverage
B1940,dc2aca3cb83ef8ea850ebeafa58537809958ff6e8f24d5a82458cb55b0ffd8eb,UK052,2025-06-25T11:37:36.952000,CANCELLED,4,2,20260417,20250625,accepted,existing-unique,0,0,0,0,0,0,0,0,0,0,2,2,0,18574.85,complete amount coverage
B1941,17d9b63f96c3f1d2da7ae9b47fa999ea84da91914898e7d46d93fbe07191764d,UK230,2025-06-13T11:37:36.952000,CANCELLED,4,1,20260417,20250613,accepted,existing-unique,0,0,0,0,0,0,0,0,0,0,1,1,0,1551.73,complete amount coverage
B1942,4bdb90507eed08296284a51075e80fc41bba8dfc1b0de9cbbfd3c1a1bf014adf,AI145,2025-07-18T11:37:36.952000,CANCELLED,0,17,20260417,20250718,accepted,existing-unique,0,0,0,0,0,0,0,0,0,0,1,1,0,1755.58,complete amount coverage
B1943,2f94ff80457ec134b1cdc43557115bb02f60649ecdbbca85700970211dfcef56,SJ035,2026-03-13T11:37:36.952000,CONFIRMED,3,13,20260417,20260313,accepted,existing-unique,0,0,0,0,0,0,0,0,0,0,2,2,0,14420.98,complete amount coverage
B1944,655785630e348c1c5dc897ab05bcae9c2c3869adf492065caaa4cee44bd1726f,SJ184,2025-07-20T11:37:36.952000,CANCELLED,3,13,20260417,20250720,accepted,existing-unique,0,0,0,0,0,0,0,0,0,0,2,2,0,12698.08,complete amount coverage
B1945,5a799d469d6c58c15c776e7b7aceb8dc7269db372a4637b81c3c1d8acfe1d0e6,6F207,2025-11-03T11:37:36.952000,CONFIRMED,2,9,20260417,20251103,accepted,existing-unique,0,0,0,0,0,0,0,0,0,0,0,0,0,,no payment record in this extract
B1946,c3e48032891625a6b131f9bfcbf903f14292408d2b36db0aa6f7278a73da683c,UK144,2026-03-30T11:37:36.952000,CONFIRMED,4,7,20260417,20260330,accepted,existing-unique,0,0,0,0,0,0,0,0,0,0,1,1,0,11196.94,complete amount coverage
B1947,9403fdcdf1d8fc1b1b686e7027e0fcba8d6ac11b4dbabcf9ea47820ce4c8ac3f,AI126,2025-10-22T11:37:36.952000,CONFIRMED,1,30,20260417,20251022,accepted,existing-unique,0,0,0,0,0,0,0,0,0,0,1,1,0,2186.20,complete amount coverage
B1948,be9e15cc6ed77b88bdc12d4d3bce73400a2ed900270bd0cb63d85d9e157142a8,SJ145,2025-05-19T11:37:36.952000,CONFIRMED,3,4,20260417,20250519,accepted,existing-unique,0,0,0,0,0,0,0,0,0,0,2,2,0,14449.69,complete amount coverage
B1949,a7999e7c440363a8d51f8f9ebb6d753abdb0f5c4f821fa8bb765d4451be16497,6F040,2025-05-16T11:37:36.952000,PENDING,2,23,20260417,20250516,accepted,existing-unique,0,0,0,0,0,0,0,0,0,0,2,2,0,14360.11,complete amount coverage
B1950,75c1fc5ae2ebdd3be2fc1beba9c19e914e9b747f8abf99aee1ba48ed01a1a48d,UK049,2025-06-15T11:37:36.952000,CONFIRMED,4,22,20260417,20250615,accepted,existing-unique,0,0,0,0,0,0,0,0,0,0,0,0,0,,no payment record in this extract
B1951,3ad160e0333f5d67ff441e10b2fe80f89dc6536472326ed733d53d28802cca25,UK049,2026-03-18T11:37:36.952000,CANCELLED,4,22,20260417,20260318,accepted,existing-unique,0,0,0,0,0,0,0,0,0,0,1,1,0,12831.14,complete amount coverage
B1952,f41d07ddf31186b429994a421db28e291ba382fee3a75d3aefd3095cdca16dad,AI087,2025-10-18T11:37:36.952000,CONFIRMED,1,29,20260417,20251018,accepted,existing-unique,0,0,0,0,0,0,0,0,0,0,1,1,0,10237.24,complete amount coverage
B1953,4926380c5ab7f85bd297d4185e08fbe594cdb0faf8c1cb5990fb95105d810ab3,AI152,2025-05-24T11:37:36.952000,CANCELLED,1,2,20260417,20250524,accepted,existing-unique,0,0,0,0,0,0,0,0,0,0,1,1,0,12741.76,complete amount coverage
B1954,f40d20710751a622239d6ddb3a8626043c10d33923ca5aa660e7238d99883c6c,SJ240,2025-11-06T11:37:36.952000,CONFIRMED,3,9,20260417,20251106,accepted,existing-unique,0,0,0,0,0,0,0,0,0,0,1,1,0,14524.79,complete amount coverage
B1955,d05c9aba133e569f6c4bc0e32464e59fd0abed4a75f311b14ffb27de0c0ca2e3,AI212,2025-09-14T11:37:36.952000,PENDING,1,18,20260417,20250914,accepted,existing-unique,0,0,0,0,0,0,0,0,0,0,0,0,0,,no payment record in this extract
B1956,179f96b589ba0fe2b52d2c952b266561d2c40fafad85e3a9165f642f30144901,AI064,2025-09-21T11:37:36.952000,CONFIRMED,1,5,20260417,20250921,accepted,existing-unique,0,0,0,0,0,0,0,0,0,0,0,0,0,,no payment record in this extract
B1957,7ed3861a70bf00a59263b29ce87ba6f5e17da4ab1efea072b489658999ad9392,6F093,2025-06-07T11:37:36.952000,CONFIRMED,2,13,20260417,20250607,accepted,existing-unique,0,0,0,0,0,0,0,0,0,0,1,1,0,4851.79,complete amount coverage
B1958,b5893b9762d3731c87ff3b4f30c3ccc52319f5ac9a991d780cef0bdf353fda10,AI118,2025-04-28T11:37:36.952000,PENDING,1,25,20260417,20250428,accepted,existing-unique,0,0,0,0,0,0,0,0,0,0,2,2,0,2727.84,complete amount coverage
B1959,eeb15fe7633fcea2206f29f5c6b3e20e34e1b44580fbf2c485ae864885acfc8b,AI172,2025-12-19T11:37:36.952000,CONFIRMED,1,7,20260417,20251219,accepted,existing-unique,0,0,0,0,0,0,0,0,0,0,2,2,0,17094.08,complete amount coverage
B1960,ca046527b4c6c3ab145268e3e5a9c4648c52e4f6fcc490b63848c0a5c0f175c5,6F183,2026-01-30T11:37:36.952000,CANCELLED,2,30,20260417,20260130,accepted,existing-unique,0,0,0,0,0,0,0,0,0,0,1,1,0,14657.97,complete amount coverage
B1961,5de69c77dd42e8b5c62dc020c477c9ed3fd92080309231d3b1d4ea697488f9ab,6F200,2025-07-15T11:37:36.952000,CONFIRMED,2,24,20260417,20250715,accepted,existing-unique,0,0,0,0,0,0,0,0,0,0,0,0,0,,no payment record in this extract
B1962,2c79f2af09e16fb5d73ce5c68751f2e55a5e0b73f174c61e7ec1647a8d0f82f8,SJ077,2025-12-23T11:37:36.952000,CONFIRMED,3,5,20260417,20251223,accepted,existing-unique,0,0,0,0,0,0,0,0,0,0,4,4,0,30993.24,complete amount coverage
B1963,ffa9c115acc7897f6817c60358d9d35d7f7ff62cab5c703b984cf7a92c40605d,UK030,2026-02-24T11:37:36.952000,CONFIRMED,4,13,20260417,20260224,accepted,existing-unique,0,0,0,0,0,0,0,0,0,0,0,0,0,,no payment record in this extract
B1964,47c4931383516f6b07880f32e92d20cc050ecc0033558c31bb7a075c02e6157c,SJ232,2025-05-21T11:37:36.952000,PENDING,3,26,20260417,20250521,accepted,existing-unique,0,0,0,0,0,0,0,0,0,0,0,0,0,,no payment record in this extract
B1965,7eb04a8e4ef6456fed100b648da6aba120fbafc7e866dd3509629c4d80755d0c,6F090,2026-01-29T11:37:36.952000,CONFIRMED,2,21,20260417,20260129,accepted,existing-unique,0,0,0,0,0,0,0,0,0,0,0,0,0,,no payment record in this extract
B1966,b24c796b9005d210a9743bf62d498e93c06a82b4736b107fb305e87053d4d4ca,UK002,2025-11-06T11:37:36.952000,CONFIRMED,4,15,20260417,20251106,accepted,existing-unique,0,0,0,0,0,0,0,0,0,0,3,3,0,34300.32,complete amount coverage
B1967,3b6b17aecafb456939933dd5bb0f61bdd7d1ce9df56505419a8303c4b94d606f,AI154,2025-07-03T11:37:36.952000,CANCELLED,1,25,20260417,20250703,accepted,existing-unique,0,0,0,0,0,0,0,0,0,0,1,1,0,12518.31,complete amount coverage
B1968,ed4707f20757c4ea594baef476fa0a2b4ac0467fc1cafd3f9abc967d39554fd3,6F089,2025-10-11T11:37:36.952000,CONFIRMED,2,19,20260417,20251011,accepted,existing-unique,0,0,0,0,0,0,0,0,0,0,1,1,0,14600.78,complete amount coverage
B1969,57b3b25c74e74e9f02f4ec3daa834132bdb17c434291032eaab13ac49d892881,6F218,2026-04-08T11:37:36.952000,CONFIRMED,2,1,20260417,20260408,accepted,existing-unique,0,0,0,0,0,0,0,0,0,0,1,1,0,13598.00,complete amount coverage
B1970,65b1db8bc13996fccf0a89e4187cc1fa3eb5ae3d821cd4e51a1d2569e87521f8,6F241,2025-11-26T11:37:36.952000,CONFIRMED,2,19,20260417,20251126,accepted,existing-unique,0,0,0,0,0,0,0,0,0,0,1,1,0,4558.49,complete amount coverage
B1971,93690c64b1200e7936119d0c88e6bbdbad1be85276118d57449a373820e15362,6F116,2025-08-20T11:37:36.952000,CONFIRMED,2,28,20260417,20250820,accepted,existing-unique,0,0,0,0,0,0,0,0,0,0,0,0,0,,no payment record in this extract
B1972,2b3407912eb0c3f6f899f4963ebea27508a6d0c4ae04eb8a51cd884e6765dfa8,UK199,2025-04-18T11:37:36.952000,CANCELLED,4,7,20260417,20250418,accepted,existing-unique,0,0,0,0,0,0,0,0,0,0,1,1,0,5458.57,complete amount coverage
B1973,d84872550f3f0e0c88771762543503331a7e8e4ede47b1c0e555cf3867b165bf,SJ033,2025-04-28T11:37:36.952000,CANCELLED,3,24,20260417,20250428,accepted,existing-unique,0,0,0,0,0,0,0,0,0,0,0,0,0,,no payment record in this extract
B1974,570f53917225e9641b062962ca4a9703f439aff5b8b3aabe56c4a87be6ec07ed,AI210,2025-08-03T11:37:36.952000,PENDING,1,1,20260417,20250803,accepted,existing-unique,0,0,0,0,0,0,0,0,0,0,0,0,0,,no payment record in this extract
B1975,ea8e62c8812349ebfe50bf345e937a7a71b8fb17370bea917e0ea8ab16a6fcd4,UK148,2025-08-26T11:37:36.952000,UNKNOWN,4,22,20260417,20250826,accepted,existing-unique,0,0,0,0,0,1,0,0,0,0,1,1,0,7791.01,complete amount coverage
B1976,17943c977830f563601f108f9e46ded58af0c2859cb97f6f427a7c12c6ef6b7f,AI229,2025-08-27T11:37:36.952000,PENDING,1,25,20260417,20250827,accepted,existing-unique,0,0,0,0,0,0,0,0,0,0,1,1,0,8576.26,complete amount coverage
B1977,b1be64e8eaccee44f075c6114edf0d974c593f2cea8b18647a536292ea206406,UK005,2026-01-01T11:37:36.952000,PENDING,4,10,20260417,20260101,accepted,existing-unique,0,0,0,0,0,0,0,0,0,0,0,0,0,,no payment record in this extract
B1978,b491e89d02aa9d67a05ca54e4fb94d1d7868a6b835ad62ce85e1a7b65ae1c6c3,SJ080,2025-12-07T11:37:36.952000,CONFIRMED,3,15,20260417,20251207,accepted,existing-unique,0,0,0,0,0,0,0,0,0,0,1,1,0,9450.85,complete amount coverage
B1979,11d795562e99d7da53391dca25630f82fc934d803ef2e9cecab29866565fdaeb,SJ092,2025-12-02T11:37:36.952000,CANCELLED,3,5,20260417,20251202,accepted,existing-unique,0,0,0,0,0,0,0,0,0,0,0,0,0,,no payment record in this extract
B1980,09a443f52bf80d23096d38f1ad655f9c170df815d52243487cf96d74a998050f,SJ055,2025-12-04T11:37:36.952000,CANCELLED,3,25,20260417,20251204,accepted,existing-unique,0,0,0,0,0,0,0,0,0,0,1,1,0,12102.14,complete amount coverage
B1981,3b5a947dc58a16b4619936fe50ea90e8c5314a3c4b25691a8e22e4b1fec42623,AI239,2025-05-17T11:37:36.952000,CONFIRMED,1,9,20260417,20250517,accepted,existing-unique,0,0,0,0,0,0,0,0,0,0,2,2,0,12166.27,complete amount coverage
B1982,df27058b978438264a4f0a5261dfc2680643d29d8d844826ed57392a0d2f129f,6F162,2025-06-17T11:37:36.952000,UNKNOWN,2,12,20260417,20250617,accepted,existing-unique,0,0,0,0,0,1,0,0,0,0,0,0,0,,no payment record in this extract
B1983,e4e0f111bb15a57e2476464fd7ee2bc1837e734b4ea680e0515cd1fc0fd5fb2f,UK101,2025-06-28T11:37:36.952000,UNKNOWN,4,19,20260417,20250628,accepted,existing-unique,0,0,0,0,0,1,0,0,0,0,1,1,0,9117.50,complete amount coverage
B1984,bec6b8b69f41c94f668f08f7bb30a4454d220af74853d7851d49715712d1ab54,6F198,2025-04-25T11:37:36.952000,CONFIRMED,2,21,20260417,20250425,accepted,existing-unique,0,0,0,0,0,0,0,0,0,0,2,2,0,19611.19,complete amount coverage
B1985,70b8be9e63f7ca4fd4854dfd37d968fac929cf244b6d7ec12de9292797bf9460,6F239,2025-09-28T11:37:36.952000,CONFIRMED,2,12,20260417,20250928,accepted,existing-unique,0,0,0,0,0,0,0,0,0,0,0,0,0,,no payment record in this extract
B1986,9cf84f35476357ca1ebc55cc48c601697b1969ec33f74425057e28c8b749519c,SJ177,2025-10-07T11:37:36.952000,CONFIRMED,3,7,20260417,20251007,accepted,existing-unique,0,0,0,0,0,0,0,0,0,0,0,0,0,,no payment record in this extract
B1987,99df5fb47e233bc11fd2b1a21c6ae68905ef1790c029bc313ddabd071f00c512,6F044,2026-03-12T11:37:36.952000,CANCELLED,2,19,20260417,20260312,accepted,existing-unique,0,0,0,0,0,0,0,0,0,0,2,2,0,8733.92,complete amount coverage
B1988,e16788bd39beaf2be79370c6efe89f94764c44e5096fe30db3ece0e7741e7e71,6F248,2026-02-17T11:37:36.952000,PENDING,2,19,20260417,20260217,accepted,existing-unique,0,0,0,0,0,0,0,0,0,0,1,1,0,13945.28,complete amount coverage
B1989,f024c26572aef05685787c6ad1a46715a230babb9489ab33b41524b9f0dfde69,6F002,2025-12-10T11:37:36.952000,UNKNOWN,2,5,20260417,20251210,accepted,existing-unique,0,0,0,0,0,1,0,0,0,0,0,0,0,,no payment record in this extract
B1990,640df4e01270413f494021e7c8b0bb4495d9cffb264a27654abbc4942b4ba320,SJ197,2026-03-31T11:37:36.952000,CONFIRMED,3,21,20260417,20260331,accepted,existing-unique,0,0,0,0,0,0,0,0,0,0,3,2,1,14394.70,partial amount coverage
B1991,71780db26ef56f0e456cf7c9ede43cc59493fd928588c23a783479dabfaea510,UK091,2026-01-14T11:37:36.952000,CANCELLED,4,12,20260417,20260114,accepted,existing-unique,0,0,0,0,0,0,0,0,0,0,0,0,0,,no payment record in this extract
B1992,3140de2d9d0341d6463de0d52ac30f568af95ded05f5587fb70868aa9fc98d35,6F215,2025-04-25T11:37:36.952000,CONFIRMED,2,16,20260417,20250425,accepted,existing-unique,0,0,0,0,0,0,0,0,0,0,3,3,0,14003.06,complete amount coverage
B1993,170dd50d3d66b9713c18b40296957b065504b5461bdb2e72bcf27f3dde4e3a58,AI093,2026-03-11T11:37:36.952000,CANCELLED,1,6,20260417,20260311,accepted,existing-unique,0,0,0,0,0,0,0,0,0,0,0,0,0,,no payment record in this extract
B1994,b2d582a3062b2fd16f4d7a39d114f2f804611b859a0b6b0d2b9cf59e4e3a827e,UK090,2026-03-31T11:37:36.952000,CONFIRMED,4,25,20260417,20260331,accepted,existing-unique,0,0,0,0,0,0,0,0,0,0,0,0,0,,no payment record in this extract
B1995,98c514429d4eb2b028d784853ffaa4decb6a64de1cd9875a93d68d3cc3b1bebe,SJ005,2025-11-20T11:37:36.952000,CANCELLED,3,20,20260417,20251120,accepted,existing-unique,0,0,0,0,0,0,0,0,0,0,0,0,0,,no payment record in this extract
B1996,95b9247b5dc8f6f93d74694387d7c70f86e901071fb4834988fb68b759362ec8,UK106,2025-08-08T11:37:36.952000,CANCELLED,4,7,20260417,20250808,accepted,existing-unique,0,0,0,0,0,0,0,0,0,0,1,1,0,10358.84,complete amount coverage
B1997,de60b16aaa79d1773738bd85209ec7f9f30f4280874ed3ac6994c9a0db171243,6F223,2025-05-03T11:37:36.952000,PENDING,2,26,20260417,20250503,accepted,existing-unique,0,0,0,0,0,0,0,0,0,0,2,0,2,,payment records but no usable amounts
B1998,8b5b6c89c6739c9ab9dd90154ae39c0198c78b777b69757d51fbead84b4d5fd2,6F011,2025-10-23T11:37:36.952000,CONFIRMED,2,26,20260417,20251023,accepted,existing-unique,0,0,0,0,0,0,0,0,0,0,2,2,0,18385.60,complete amount coverage
B1999,6c7a43fe28c26560090e28317c849b871e6f6c46f6468144444c6c5b8e93e735,UK124,2025-08-08T11:37:36.952000,UNKNOWN,4,26,20260417,20250808,accepted,existing-unique,0,0,0,0,0,0,0,1,0,0,1,1,0,2806.06,complete amount coverage
