flight_id,departure_ts,arrival_ts,duration_minutes,duration_hours,is_overnight,departure_hour,airline_key,route_key,flight_date_key,timestamp_parse_issue,non_positive_duration,flight_id_conflict,airline_missing,airline_blank,airline_explicit_unknown,airline_unrecognized,flight_id_format_issue,flight_id_normalization_conflict,source_equals_destination,source_outside_allowlist,destination_outside_allowlist
6F001,2026-04-19T11:33:41.700000,2026-04-19T13:08:41.700000,95.0,1.5833333333333333,0,11,2,22,20260419,0,0,0,0,0,0,0,0,0,0,0,0
6F002,2026-04-17T14:11:41.700000,2026-04-17T17:34:41.700000,203.0,3.3833333333333333,0,14,2,5,20260417,0,0,0,0,0,0,0,0,0,0,0,0
6F003,2026-04-19T20:06:41.700000,2026-04-19T23:13:41.700000,187.0,3.1166666666666667,0,20,2,22,20260419,0,0,0,0,0,0,0,0,0,0,0,0
6F004,2026-04-18T19:53:41.701000,2026-04-18T23:33:41.701000,220.0,3.6666666666666665,0,19,2,7,20260418,0,0,0,0,0,0,0,0,0,0,0,0
6F005,2026-04-19T11:04:41.701000,2026-04-19T15:27:41.701000,263.0,4.383333333333334,0,11,2,10,20260419,0,0,0,0,0,0,0,0,0,0,0,0
6F006,2026-04-18T03:06:41.701000,2026-04-18T05:06:42,120.00498333333333,2.0000830555555553,0,3,2,6,20260418,0,0,0,0,0,0,0,0,0,0,0,0
6F007,2026-04-19T18:55:41.701000,2026-04-19T19:54:41.701000,59.0,0.9833333333333333,0,18,2,25,20260419,0,0,0,0,0,0,0,0,0,0,0,0
6F008,2026-04-18T00:14:41.701000,2026-04-18T04:59:41.701000,285.0,4.75,0,0,2,17,20260418,0,0,0,0,0,0,0,0,0,0,0,0
6F009,2026-04-18T20:21:41.701000,2026-04-18T23:36:41.701000,195.0,3.25,0,20,2,2,20260418,0,0,0,0,0,0,0,0,0,0,0,0
6F010,2026-04-19T23:53:41.701000,2026-04-20T03:44:41.701000,231.0,3.85,1,23,2,16,20260419,0,0,0,0,0,0,0,0,0,0,0,0
6F011,2026-04-17T15:16:41.701000,2026-04-17T17:16:42,120.00498333333333,2.0000830555555553,0,15,2,26,20260417,0,0,0,0,0,0,0,0,0,0,0,0
6F012,2026-04-20T18:06:41.701000,2026-04-20T21:31:41.701000,205.0,3.4166666666666665,0,18,2,14,20260420,0,0,0,0,0,0,0,0,0,0,0,0
6F013,2026-04-19T13:15:41.701000,2026-04-19T18:05:41.701000,290.0,4.833333333333333,0,13,2,7,20260419,0,0,0,0,0,0,0,0,0,0,0,0
6F014,2026-04-19T19:42:41.701000,2026-04-19T23:15:41.701000,213.0,3.55,0,19,2,20,20260419,0,0,0,0,0,0,0,0,0,0,0,0
6F015,2026-04-18T23:39:41.701000,2026-04-19T02:27:41.701000,168.0,2.8,1,23,2,7,20260418,0,0,0,0,0,0,0,0,0,0,0,0
6F016,2026-04-18T22:18:41.701000,2026-04-18T22:54:41.701000,36.0,0.6,0,22,2,22,20260418,0,0,0,0,0,0,0,0,0,0,0,0
6F017,2026-04-20T15:25:41.701000,2026-04-20T18:06:41.701000,161.0,2.683333333333333,0,15,2,12,20260420,0,0,0,0,0,0,0,0,0,0,0,0
6F018,2026-04-20T10:57:41.701000,2026-04-20T11:43:41.701000,46.0,0.7666666666666667,0,10,2,16,20260420,0,0,0,0,0,0,0,0,0,0,0,0
6F019,2026-04-20T00:19:41.701000,2026-04-20T04:14:41.701000,235.0,3.9166666666666665,0,0,2,1,20260420,0,0,0,0,0,0,0,0,0,0,0,0
6F020,2026-04-19T14:58:41.701000,2026-04-19T16:43:41.701000,105.0,1.75,0,14,2,9,20260419,0,0,0,0,0,0,0,0,0,0,0,0
6F021,2026-04-18T21:23:41.701000,2026-04-19T01:25:41.701000,242.0,4.033333333333333,1,21,2,5,20260418,0,0,0,0,0,0,0,0,0,0,0,0
6F022,2026-04-19T21:46:41.701000,2026-04-20T02:05:41.701000,259.0,4.316666666666666,1,21,2,26,20260419,0,0,0,0,0,0,0,0,0,0,0,0
6F023,2026-04-18T20:18:41.701000,2026-04-19T00:14:41.701000,236.0,3.933333333333333,1,20,2,26,20260418,0,0,0,0,0,0,0,0,0,0,0,0
6F024,2026-04-19T07:31:41.701000,2026-04-19T11:17:41.701000,226.0,3.7666666666666666,0,7,2,8,20260419,0,0,0,0,0,0,0,0,0,0,0,0
6F025,2026-04-20T23:02:41.701000,2026-04-20T23:57:41.701000,55.0,0.9166666666666666,0,23,2,1,20260420,0,0,0,0,0,0,0,0,0,0,0,0
6F026,2026-04-20T22:46:42,2026-04-21T03:13:42,267.0,4.45,1,22,2,7,20260420,0,0,0,0,0,0,0,0,0,0,0,0
6F027,2026-04-18T16:52:41.701000,2026-04-18T18:21:41.701000,89.0,1.4833333333333334,0,16,2,3,20260418,0,0,0,0,0,0,0,0,0,0,0,0
6F028,2026-04-20T19:49:41.701000,2026-04-20T21:49:41.701000,120.0,2.0,0,19,2,23,20260420,0,0,0,0,0,0,0,0,0,0,0,0
6F029,2026-04-20T07:31:41.701000,2026-04-20T11:45:41.701000,254.0,4.233333333333333,0,7,2,6,20260420,0,0,0,0,0,0,0,0,0,0,0,0
6F030,2026-04-20T14:20:41.701000,2026-04-20T17:10:41.701000,170.0,2.8333333333333335,0,14,2,8,20260420,0,0,0,0,0,0,0,0,0,0,0,0
6F031,2026-04-20T02:00:41.701000,2026-04-20T06:37:41.701000,277.0,4.616666666666666,0,2,2,6,20260420,0,0,0,0,0,0,0,0,0,0,0,0
6F032,2026-04-17T23:43:41.701000,2026-04-18T02:22:41.701000,159.0,2.65,1,23,2,17,20260417,0,0,0,0,0,0,0,0,0,0,0,0
6F033,2026-04-18T07:08:41.701000,2026-04-18T09:08:41.701000,120.0,2.0,0,7,2,19,20260418,0,0,0,0,0,0,0,0,0,0,0,0
6F034,2026-04-20T11:53:41.701000,2026-04-20T12:49:41.701000,56.0,0.9333333333333333,0,11,2,8,20260420,0,0,0,0,0,0,0,0,0,0,0,0
6F035,2026-04-18T19:16:41.701000,2026-04-18T23:40:41.701000,264.0,4.4,0,19,2,14,20260418,0,0,0,0,0,0,0,0,0,0,0,0
6F036,2026-04-20T02:14:41.701000,2026-04-20T06:57:41.701000,283.0,4.716666666666667,0,2,2,11,20260420,0,0,0,0,0,0,0,0,0,0,0,0
6F037,2026-04-18T14:51:41.701000,2026-04-18T17:23:41.701000,152.0,2.533333333333333,0,14,2,10,20260418,0,0,0,0,0,0,0,0,0,0,0,0
6F038,2026-04-19T15:36:41.701000,2026-04-19T19:33:41.701000,237.0,3.95,0,15,2,25,20260419,0,0,0,0,0,0,0,0,0,0,0,0
6F039,2026-04-18T16:43:41.701000,2026-04-18T21:01:41.701000,258.0,4.3,0,16,2,28,20260418,0,0,0,0,0,0,0,0,0,0,0,0
6F040,2026-04-17T15:52:41.701000,2026-04-17T20:33:41.701000,281.0,4.683333333333334,0,15,2,23,20260417,0,0,0,0,0,0,0,0,0,0,0,0
6F041,2026-04-19T13:19:41.701000,2026-04-19T16:48:41.701000,209.0,3.4833333333333334,0,13,2,27,20260419,0,0,0,0,0,0,0,0,0,0,0,0
6F042,2026-04-18T22:35:41.701000,2026-04-19T02:41:41.701000,246.0,4.1,1,22,2,24,20260418,0,0,0,0,0,0,0,0,0,0,0,0
6F043,2026-04-20T17:17:41.701000,2026-04-20T18:43:41.701000,86.0,1.4333333333333333,0,17,2,9,20260420,0,0,0,0,0,0,0,0,0,0,0,0
6F044,2026-04-17T13:25:41.701000,2026-04-17T17:36:41.701000,251.0,4.183333333333334,0,13,2,19,20260417,0,0,0,0,0,0,0,0,0,0,0,0
6F045,2026-04-17T23:04:41.701000,2026-04-18T03:38:41.701000,274.0,4.566666666666666,1,23,2,9,20260417,0,0,0,0,0,0,0,0,0,0,0,0
6F046,2026-04-20T01:27:41.701000,2026-04-20T05:08:41.701000,221.0,3.683333333333333,0,1,2,16,20260420,0,0,0,0,0,0,0,0,0,0,0,0
6F047,2026-04-20T13:50:41.701000,2026-04-20T15:55:41.701000,125.0,2.0833333333333335,0,13,2,29,20260420,0,0,0,0,0,0,0,0,0,0,0,0
6F048,2026-04-18T10:27:41.701000,2026-04-18T11:18:41.701000,51.0,0.85,0,10,2,24,20260418,0,0,0,0,0,0,0,0,0,0,0,0
6F049,2026-04-20T10:00:41.701000,2026-04-20T13:13:41.701000,193.0,3.216666666666667,0,10,2,24,20260420,0,0,0,0,0,0,0,0,0,0,0,0
6F050,2026-04-19T00:35:41.701000,2026-04-19T04:32:41.701000,237.0,3.95,0,0,2,17,20260419,0,0,0,0,0,0,0,0,0,0,0,0
6F051,2026-04-20T13:58:41.701000,2026-04-20T15:58:41.701000,120.0,2.0,0,13,2,1,20260420,0,0,0,0,0,0,0,0,0,0,0,0
6F052,2026-04-19T09:13:41.701000,2026-04-19T12:02:41.701000,169.0,2.816666666666667,0,9,2,7,20260419,0,0,0,0,0,0,0,0,0,0,0,0
6F053,2026-04-18T20:26:41.701000,2026-04-19T00:39:41.701000,253.0,4.216666666666667,1,20,2,19,20260418,0,0,0,0,0,0,0,0,0,0,0,0
6F054,2026-04-17T22:00:41.701000,2026-04-18T01:25:41.701000,205.0,3.4166666666666665,1,22,2,21,20260417,0,0,0,0,0,0,0,0,0,0,0,0
6F055,2026-04-18T16:21:41.701000,2026-04-18T18:49:41.701000,148.0,2.466666666666667,0,16,2,18,20260418,0,0,0,0,0,0,0,0,0,0,0,0
6F056,2026-04-20T07:00:41.701000,2026-04-20T08:49:41.701000,109.0,1.8166666666666667,0,7,2,10,20260420,0,0,0,0,0,0,0,0,0,0,0,0
6F057,2026-04-17T12:32:41.701000,2026-04-17T15:50:41.701000,198.0,3.3,0,12,2,29,20260417,0,0,0,0,0,0,0,0,0,0,0,0
6F058,2026-04-20T01:04:41.701000,2026-04-20T03:33:41.701000,149.0,2.4833333333333334,0,1,2,7,20260420,0,0,0,0,0,0,0,0,0,0,0,0
6F059,2026-04-19T01:12:41.701000,2026-04-19T06:02:41.701000,290.0,4.833333333333333,0,1,2,8,20260419,0,0,0,0,0,0,0,0,0,0,0,0
6F060,2026-04-18T05:29:41.701000,2026-04-18T07:29:42,120.00498333333333,2.0000830555555553,0,5,2,16,20260418,0,0,0,0,0,0,0,0,0,0,0,0
6F061,2026-04-19T07:28:41.701000,2026-04-19T08:09:41.701000,41.0,0.6833333333333333,0,7,2,27,20260419,0,0,0,0,0,0,0,0,0,0,0,0
6F062,2026-04-18T04:55:41.701000,2026-04-18T06:22:41.701000,87.0,1.45,0,4,2,13,20260418,0,0,0,0,0,0,0,0,0,0,0,0
6F063,2026-04-19T04:42:41.701000,2026-04-19T07:31:41.701000,169.0,2.816666666666667,0,4,2,19,20260419,0,0,0,0,0,0,0,0,0,0,0,0
6F064,2026-04-18T21:45:41.701000,2026-04-18T22:50:41.701000,65.0,1.0833333333333333,0,21,2,13,20260418,0,0,0,0,0,0,0,0,0,0,0,0
6F065,2026-04-19T19:40:41.701000,2026-04-19T22:23:41.701000,163.0,2.716666666666667,0,19,2,26,20260419,0,0,0,0,0,0,0,0,0,0,0,0
6F066,2026-04-19T06:07:41.701000,2026-04-19T07:43:41.701000,96.0,1.6,0,6,2,4,20260419,0,0,0,0,0,0,0,0,0,0,0,0
6F067,2026-04-19T02:59:41.701000,2026-04-19T06:02:41.701000,183.0,3.05,0,2,2,26,20260419,0,0,0,0,0,0,0,0,0,0,0,0
6F068,2026-04-20T11:17:41.701000,2026-04-20T15:06:41.701000,229.0,3.816666666666667,0,11,2,4,20260420,0,0,0,0,0,0,0,0,0,0,0,0
6F069,2026-04-17T23:44:41.701000,2026-04-18T03:17:41.701000,213.0,3.55,1,23,2,26,20260417,0,0,0,0,0,0,0,0,0,0,0,0
6F070,2026-04-19T23:23:41.701000,2026-04-20T02:24:41.701000,181.0,3.0166666666666666,1,23,2,24,20260419,0,0,0,0,0,0,0,0,0,0,0,0
6F071,2026-04-19T20:18:41.702000,2026-04-20T00:31:41.702000,253.0,4.216666666666667,1,20,2,18,20260419,0,0,0,0,0,0,0,0,0,0,0,0
6F072,2026-04-18T02:14:41.702000,2026-04-18T03:11:41.702000,57.0,0.95,0,2,2,2,20260418,0,0,0,0,0,0,0,0,0,0,0,0
6F073,2026-04-20T11:38:41.702000,2026-04-20T15:18:41.702000,220.0,3.6666666666666665,0,11,2,18,20260420,0,0,0,0,0,0,0,0,0,0,0,0
6F074,2026-04-20T11:09:41.702000,2026-04-20T14:29:41.702000,200.0,3.3333333333333335,0,11,2,22,20260420,0,0,0,0,0,0,0,0,0,0,0,0
6F075,2026-04-19T22:20:41.702000,2026-04-20T03:02:41.702000,282.0,4.7,1,22,2,7,20260419,0,0,0,0,0,0,0,0,0,0,0,0
6F076,2026-04-18T15:35:41.702000,2026-04-18T16:20:41.702000,45.0,0.75,0,15,2,14,20260418,0,0,0,0,0,0,0,0,0,0,0,0
6F077,2026-04-20T14:55:41.702000,2026-04-20T19:13:41.702000,258.0,4.3,0,14,2,13,20260420,0,0,0,0,0,0,0,0,0,0,0,0
6F078,2026-04-19T22:04:41.702000,2026-04-19T23:37:41.702000,93.0,1.55,0,22,2,7,20260419,0,0,0,0,0,0,0,0,0,0,0,0
6F079,2026-04-19T02:14:41.702000,2026-04-19T06:18:41.702000,244.0,4.066666666666666,0,2,2,30,20260419,0,0,0,0,0,0,0,0,0,0,0,0
6F080,2026-04-17T19:47:41.702000,2026-04-17T23:13:41.702000,206.0,3.433333333333333,0,19,2,25,20260417,0,0,0,0,0,0,0,0,0,0,0,0
6F081,2026-04-18T06:04:41.702000,2026-04-18T07:43:41.702000,99.0,1.65,0,6,2,26,20260418,0,0,0,0,0,0,0,0,0,0,0,0
6F082,2026-04-17T20:26:41.702000,2026-04-17T22:26:41.702000,120.0,2.0,0,20,2,6,20260417,0,0,0,0,0,0,0,0,0,0,0,0
6F083,2026-04-20T05:24:41.702000,2026-04-20T06:03:41.702000,39.0,0.65,0,5,2,3,20260420,0,0,0,0,0,0,0,0,0,0,0,0
6F084,2026-04-20T10:34:41.702000,2026-04-20T11:34:42,60.00496666666666,1.0000827777777777,0,10,2,14,20260420,0,0,0,0,0,0,0,0,0,0,0,0
6F085,2026-04-19T17:32:41.702000,2026-04-19T19:32:42,120.00496666666666,2.0000827777777777,0,17,2,25,20260419,0,0,0,0,0,0,0,0,0,0,0,0
6F086,2026-04-20T20:23:41.702000,2026-04-20T21:00:41.702000,37.0,0.6166666666666667,0,20,2,30,20260420,0,0,0,0,0,0,0,0,0,0,0,0
6F087,2026-04-18T23:24:41.702000,2026-04-19T03:10:41.702000,226.0,3.7666666666666666,1,23,2,19,20260418,0,0,0,0,0,0,0,0,0,0,0,0
6F088,2026-04-18T05:51:41.702000,2026-04-18T08:22:41.702000,151.0,2.5166666666666666,0,5,2,11,20260418,0,0,0,0,0,0,0,0,0,0,0,0
6F089,2026-04-17T17:06:41.702000,2026-04-17T19:10:41.702000,124.0,2.066666666666667,0,17,2,19,20260417,0,0,0,0,0,0,0,0,0,0,0,0
6F090,2026-04-17T15:10:41.702000,2026-04-17T19:22:41.702000,252.0,4.2,0,15,2,21,20260417,0,0,0,0,0,0,0,0,0,0,0,0
6F091,2026-04-20T10:10:41.702000,2026-04-20T11:36:41.702000,86.0,1.4333333333333333,0,10,2,2,20260420,0,0,0,0,0,0,0,0,0,0,0,0
6F092,2026-04-20T08:39:41.702000,2026-04-20T09:15:41.702000,36.0,0.6,0,8,2,26,20260420,0,0,0,0,0,0,0,0,0,0,0,0
6F093,2026-04-17T16:09:41.702000,2026-04-17T20:00:41.702000,231.0,3.85,0,16,2,13,20260417,0,0,0,0,0,0,0,0,0,0,0,0
6F094,2026-04-19T07:37:41.702000,2026-04-19T09:06:41.702000,89.0,1.4833333333333334,0,7,2,1,20260419,0,0,0,0,0,0,0,0,0,0,0,0
6F095,2026-04-18T01:53:41.702000,2026-04-18T05:34:41.702000,221.0,3.683333333333333,0,1,2,5,20260418,0,0,0,0,0,0,0,0,0,0,0,0
6F096,2026-04-17T22:45:41.702000,2026-04-18T02:58:41.702000,253.0,4.216666666666667,1,22,2,26,20260417,0,0,0,0,0,0,0,0,0,0,0,0
6F097,2026-04-20T15:32:41.702000,2026-04-20T16:49:41.702000,77.0,1.2833333333333334,0,15,2,1,20260420,0,0,0,0,0,0,0,0,0,0,0,0
6F098,2026-04-19T10:18:41.702000,2026-04-19T12:49:41.702000,151.0,2.5166666666666666,0,10,2,5,20260419,0,0,0,0,0,0,0,0,0,0,0,0
6F099,2026-04-20T22:24:41.702000,2026-04-20T22:59:41.702000,35.0,0.5833333333333334,0,22,2,29,20260420,0,0,0,0,0,0,0,0,0,0,0,0
6F100,2026-04-18T04:40:41.702000,2026-04-18T07:49:41.702000,189.0,3.15,0,4,2,6,20260418,0,0,0,0,0,0,0,0,0,0,0,0
6F101,2026-04-18T03:18:41.702000,2026-04-18T08:15:41.702000,297.0,4.95,0,3,2,10,20260418,0,0,0,0,0,0,0,0,0,0,0,0
6F102,2026-04-18T01:10:41.702000,2026-04-18T02:24:41.702000,74.0,1.2333333333333334,0,1,2,25,20260418,0,0,0,0,0,0,0,0,0,0,0,0
6F103,2026-04-18T15:37:41.702000,2026-04-18T18:32:41.702000,175.0,2.9166666666666665,0,15,2,15,20260418,0,0,0,0,0,0,0,0,0,0,0,0
6F104,2026-04-19T05:39:41.702000,2026-04-19T06:14:41.702000,35.0,0.5833333333333334,0,5,2,12,20260419,0,0,0,0,0,0,0,0,0,0,0,0
6F105,2026-04-20T11:46:41.702000,2026-04-20T12:58:41.702000,72.0,1.2,0,11,2,1,20260420,0,0,0,0,0,0,0,0,0,0,0,0
6F106,2026-04-18T00:10:41.702000,2026-04-18T01:52:41.702000,102.0,1.7,0,0,2,7,20260418,0,0,0,0,0,0,0,0,0,0,0,0
6F107,2026-04-18T14:14:41.702000,2026-04-18T17:14:42,180.0049666666667,3.000082777777778,0,14,2,11,20260418,0,0,0,0,0,0,0,0,0,0,0,0
6F108,2026-04-17T23:41:41.702000,2026-04-18T03:23:41.702000,222.0,3.7,1,23,2,19,20260417,0,0,0,0,0,0,0,0,0,0,0,0
6F109,2026-04-18T12:00:41.702000,2026-04-18T12:51:41.702000,51.0,0.85,0,12,2,1,20260418,0,0,0,0,0,0,0,0,0,0,0,0
6F110,2026-04-18T02:27:41.702000,2026-04-18T05:48:41.702000,201.0,3.35,0,2,2,24,20260418,0,0,0,0,0,0,0,0,0,0,0,0
6F111,2026-04-18T17:09:41.702000,2026-04-18T20:02:41.702000,173.0,2.8833333333333333,0,17,2,24,20260418,0,0,0,0,0,0,0,0,0,0,0,0
6F112,2026-04-19T21:00:41.702000,2026-04-19T23:16:41.702000,136.0,2.2666666666666666,0,21,2,24,20260419,0,0,0,0,0,0,0,0,0,0,0,0
6F113,2026-04-19T21:04:41.702000,2026-04-20T01:30:41.702000,266.0,4.433333333333334,1,21,2,7,20260419,0,0,0,0,0,0,0,0,0,0,0,0
6F114,2026-04-20T20:10:41.702000,2026-04-20T21:00:41.702000,50.0,0.8333333333333334,0,20,2,10,20260420,0,0,0,0,0,0,0,0,0,0,0,0
6F115,2026-04-19T04:41:41.702000,2026-04-19T06:23:41.702000,102.0,1.7,0,4,2,26,20260419,0,0,0,0,0,0,0,0,0,0,0,0
6F116,2026-04-17T16:43:41.702000,2026-04-17T19:02:41.702000,139.0,2.316666666666667,0,16,2,28,20260417,0,0,0,0,0,0,0,0,0,0,0,0
6F117,2026-04-19T00:46:41.702000,2026-04-19T01:51:41.702000,65.0,1.0833333333333333,0,0,2,13,20260419,0,0,0,0,0,0,0,0,0,0,0,0
6F118,2026-04-19T19:52:41.702000,2026-04-19T21:01:41.702000,69.0,1.15,0,19,2,14,20260419,0,0,0,0,0,0,0,0,0,0,0,0
6F119,2026-04-18T09:19:41.702000,2026-04-18T11:33:41.702000,134.0,2.2333333333333334,0,9,2,17,20260418,0,0,0,0,0,0,0,0,0,0,0,0
6F120,2026-04-18T05:14:41.702000,2026-04-18T06:14:41.702000,60.0,1.0,0,5,2,1,20260418,0,0,0,0,0,0,0,0,0,0,0,0
6F121,2026-04-18T05:44:41.702000,2026-04-18T10:42:41.702000,298.0,4.966666666666667,0,5,2,25,20260418,0,0,0,0,0,0,0,0,0,0,0,0
6F122,2026-04-20T01:44:41.702000,2026-04-20T05:28:41.702000,224.0,3.7333333333333334,0,1,2,16,20260420,0,0,0,0,0,0,0,0,0,0,0,0
6F123,2026-04-20T15:26:41.702000,2026-04-20T17:12:41.702000,106.0,1.7666666666666666,0,15,2,19,20260420,0,0,0,0,0,0,0,0,0,0,0,0
6F124,2026-04-18T10:47:41.702000,2026-04-18T15:21:41.702000,274.0,4.566666666666666,0,10,2,1,20260418,0,0,0,0,0,0,0,0,0,0,0,0
6F125,2026-04-19T17:09:41.702000,2026-04-19T21:13:41.702000,244.0,4.066666666666666,0,17,2,7,20260419,0,0,0,0,0,0,0,0,0,0,0,0
6F126,2026-04-20T08:21:41.702000,2026-04-20T09:39:41.702000,78.0,1.3,0,8,2,15,20260420,0,0,0,0,0,0,0,0,0,0,0,0
6F127,2026-04-19T18:27:41.702000,2026-04-19T22:28:41.702000,241.0,4.016666666666667,0,18,2,22,20260419,0,0,0,0,0,0,0,0,0,0,0,0
6F128,2026-04-19T16:56:41.702000,2026-04-19T18:03:41.702000,67.0,1.1166666666666667,0,16,2,24,20260419,0,0,0,0,0,0,0,0,0,0,0,0
6F129,2026-04-20T14:28:41.702000,2026-04-20T16:47:41.702000,139.0,2.316666666666667,0,14,2,18,20260420,0,0,0,0,0,0,0,0,0,0,0,0
6F130,2026-04-18T01:27:41.702000,2026-04-18T02:45:41.702000,78.0,1.3,0,1,2,19,20260418,0,0,0,0,0,0,0,0,0,0,0,0
6F131,2026-04-18T10:22:41.702000,2026-04-18T14:20:41.702000,238.0,3.966666666666667,0,10,2,4,20260418,0,0,0,0,0,0,0,0,0,0,0,0
6F132,2026-04-19T12:00:41.702000,2026-04-19T13:00:42,60.00496666666666,1.0000827777777777,0,12,2,27,20260419,0,0,0,0,0,0,0,0,0,0,0,0
6F133,2026-04-20T04:38:41.702000,2026-04-20T06:25:41.702000,107.0,1.7833333333333334,0,4,2,26,20260420,0,0,0,0,0,0,0,0,0,0,0,0
6F134,2026-04-19T12:47:41.702000,2026-04-19T14:06:41.702000,79.0,1.3166666666666667,0,12,2,5,20260419,0,0,0,0,0,0,0,0,0,0,0,0
6F135,2026-04-19T12:59:41.702000,2026-04-19T13:45:41.702000,46.0,0.7666666666666667,0,12,2,30,20260419,0,0,0,0,0,0,0,0,0,0,0,0
6F136,2026-04-18T20:24:41.702000,2026-04-18T21:01:41.702000,37.0,0.6166666666666667,0,20,2,13,20260418,0,0,0,0,0,0,0,0,0,0,0,0
6F137,2026-04-18T10:45:41.702000,2026-04-18T15:01:41.702000,256.0,4.266666666666667,0,10,2,13,20260418,0,0,0,0,0,0,0,0,0,0,0,0
6F138,2026-04-18T09:49:41.702000,2026-04-18T12:53:41.702000,184.0,3.066666666666667,0,9,2,21,20260418,0,0,0,0,0,0,0,0,0,0,0,0
6F139,2026-04-18T04:55:41.702000,2026-04-18T08:17:41.702000,202.0,3.3666666666666667,0,4,2,25,20260418,0,0,0,0,0,0,0,0,0,0,0,0
6F140,2026-04-19T16:30:41.702000,2026-04-19T18:21:41.702000,111.0,1.85,0,16,2,14,20260419,0,0,0,0,0,0,0,0,0,0,0,0
6F141,2026-04-18T20:26:41.702000,2026-04-18T22:28:41.702000,122.0,2.033333333333333,0,20,2,7,20260418,0,0,0,0,0,0,0,0,0,0,0,0
6F142,2026-04-19T02:05:41.702000,2026-04-19T06:04:41.702000,239.0,3.9833333333333334,0,2,2,15,20260419,0,0,0,0,0,0,0,0,0,0,0,0
6F143,2026-04-20T02:09:41.702000,2026-04-20T06:08:41.702000,239.0,3.9833333333333334,0,2,2,13,20260420,0,0,0,0,0,0,0,0,0,0,0,0
6F144,2026-04-18T11:56:41.702000,2026-04-18T15:11:41.702000,195.0,3.25,0,11,2,22,20260418,0,0,0,0,0,0,0,0,0,0,0,0
6F145,2026-04-19T01:02:41.703000,2026-04-19T02:18:41.703000,76.0,1.2666666666666666,0,1,2,13,20260419,0,0,0,0,0,0,0,0,0,0,0,0
6F146,2026-04-20T13:51:41.703000,2026-04-20T15:07:41.703000,76.0,1.2666666666666666,0,13,2,25,20260420,0,0,0,0,0,0,0,0,0,0,0,0
6F147,2026-04-17T19:57:41.703000,2026-04-18T00:31:41.703000,274.0,4.566666666666666,1,19,2,25,20260417,0,0,0,0,0,0,0,0,0,0,0,0
6F148,2026-04-19T20:23:41.703000,2026-04-19T22:30:41.703000,127.0,2.1166666666666667,0,20,2,12,20260419,0,0,0,0,0,0,0,0,0,0,0,0
6F149,2026-04-20T17:57:41.703000,2026-04-20T20:42:41.703000,165.0,2.75,0,17,2,2,20260420,0,0,0,0,0,0,0,0,0,0,0,0
6F150,2026-04-19T12:55:41.703000,2026-04-19T16:53:41.703000,238.0,3.966666666666667,0,12,2,25,20260419,0,0,0,0,0,0,0,0,0,0,0,0
6F151,2026-04-20T19:44:41.703000,2026-04-20T22:04:41.703000,140.0,2.3333333333333335,0,19,2,14,20260420,0,0,0,0,0,0,0,0,0,0,0,0
6F152,2026-04-20T15:21:41.703000,2026-04-20T17:25:41.703000,124.0,2.066666666666667,0,15,2,13,20260420,0,0,0,0,0,0,0,0,0,0,0,0
6F153,2026-04-18T08:23:41.703000,2026-04-18T12:20:41.703000,237.0,3.95,0,8,2,11,20260418,0,0,0,0,0,0,0,0,0,0,0,0
6F154,2026-04-18T11:26:41.703000,2026-04-18T12:23:41.703000,57.0,0.95,0,11,2,13,20260418,0,0,0,0,0,0,0,0,0,0,0,0
6F155,2026-04-18T07:47:41.703000,2026-04-18T08:20:41.703000,33.0,0.55,0,7,2,16,20260418,0,0,0,0,0,0,0,0,0,0,0,0
6F156,2026-04-20T02:23:41.703000,2026-04-20T04:57:41.703000,154.0,2.566666666666667,0,2,2,27,20260420,0,0,0,0,0,0,0,0,0,0,0,0
6F157,2026-04-18T16:37:41.703000,2026-04-18T18:04:41.703000,87.0,1.45,0,16,2,28,20260418,0,0,0,0,0,0,0,0,0,0,0,0
6F158,2026-04-20T11:58:41.703000,2026-04-20T16:04:41.703000,246.0,4.1,0,11,2,15,20260420,0,0,0,0,0,0,0,0,0,0,0,0
6F159,2026-04-18T02:08:41.703000,2026-04-18T02:43:41.703000,35.0,0.5833333333333334,0,2,2,12,20260418,0,0,0,0,0,0,0,0,0,0,0,0
6F160,2026-04-18T04:09:41.703000,2026-04-18T08:26:41.703000,257.0,4.283333333333333,0,4,2,26,20260418,0,0,0,0,0,0,0,0,0,0,0,0
6F161,2026-04-18T11:24:41.703000,2026-04-18T12:21:41.703000,57.0,0.95,0,11,2,29,20260418,0,0,0,0,0,0,0,0,0,0,0,0
6F162,2026-04-17T14:50:41.703000,2026-04-17T17:44:41.703000,174.0,2.9,0,14,2,12,20260417,0,0,0,0,0,0,0,0,0,0,0,0
6F163,2026-04-19T06:49:41.703000,2026-04-19T10:46:41.703000,237.0,3.95,0,6,2,27,20260419,0,0,0,0,0,0,0,0,0,0,0,0
6F164,2026-04-20T22:18:41.703000,2026-04-21T00:45:41.703000,147.0,2.45,1,22,2,1,20260420,0,0,0,0,0,0,0,0,0,0,0,0
6F165,2026-04-18T10:11:41.703000,2026-04-18T11:09:41.703000,58.0,0.9666666666666667,0,10,2,1,20260418,0,0,0,0,0,0,0,0,0,0,0,0
6F166,2026-04-20T00:03:41.703000,2026-04-20T04:33:41.703000,270.0,4.5,0,0,2,7,20260420,0,0,0,0,0,0,0,0,0,0,0,0
6F167,2026-04-18T16:26:41.703000,2026-04-18T17:50:41.703000,84.0,1.4,0,16,2,1,20260418,0,0,0,0,0,0,0,0,0,0,0,0
6F168,2026-04-20T12:18:41.703000,2026-04-20T15:58:41.703000,220.0,3.6666666666666665,0,12,2,24,20260420,0,0,0,0,0,0,0,0,0,0,0,0
6F169,2026-04-20T03:27:41.703000,2026-04-20T08:06:41.703000,279.0,4.65,0,3,2,8,20260420,0,0,0,0,0,0,0,0,0,0,0,0
6F170,2026-04-19T02:44:41.703000,2026-04-19T04:14:41.703000,90.0,1.5,0,2,2,24,20260419,0,0,0,0,0,0,0,0,0,0,0,0
6F171,2026-04-18T17:03:41.703000,2026-04-18T18:12:41.703000,69.0,1.15,0,17,2,16,20260418,0,0,0,0,0,0,0,0,0,0,0,0
6F172,2026-04-19T09:53:41.703000,2026-04-19T14:46:41.703000,293.0,4.883333333333334,0,9,2,6,20260419,0,0,0,0,0,0,0,0,0,0,0,0
6F173,2026-04-18T12:19:41.703000,2026-04-18T13:08:41.703000,49.0,0.8166666666666667,0,12,2,7,20260418,0,0,0,0,0,0,0,0,0,0,0,0
6F174,2026-04-20T21:36:41.703000,2026-04-20T22:16:41.703000,40.0,0.6666666666666666,0,21,2,19,20260420,0,0,0,0,0,0,0,0,0,0,0,0
6F175,2026-04-19T13:18:41.703000,2026-04-19T15:13:41.703000,115.0,1.9166666666666667,0,13,2,28,20260419,0,0,0,0,0,0,0,0,0,0,0,0
6F176,2026-04-19T20:23:42,2026-04-19T23:23:42,180.0,3.0,0,20,2,13,20260419,0,0,0,0,0,0,0,0,0,0,0,0
6F177,2026-04-20T02:03:41.703000,2026-04-20T04:25:41.703000,142.0,2.3666666666666667,0,2,2,25,20260420,0,0,0,0,0,0,0,0,0,0,0,0
6F178,2026-04-20T04:48:41.703000,2026-04-20T09:11:41.703000,263.0,4.383333333333334,0,4,2,7,20260420,0,0,0,0,0,0,0,0,0,0,0,0
6F179,2026-04-20T02:25:41.703000,2026-04-20T06:40:41.703000,255.0,4.25,0,2,2,25,20260420,0,0,0,0,0,0,0,0,0,0,0,0
6F180,2026-04-20T15:24:41.703000,2026-04-20T19:48:41.703000,264.0,4.4,0,15,2,26,20260420,0,0,0,0,0,0,0,0,0,0,0,0
6F181,2026-04-20T14:55:41.703000,2026-04-20T16:43:41.703000,108.0,1.8,0,14,2,10,20260420,0,0,0,0,0,0,0,0,0,0,0,0
6F182,2026-04-19T02:10:41.703000,2026-04-19T04:18:41.703000,128.0,2.1333333333333333,0,2,2,7,20260419,0,0,0,0,0,0,0,0,0,0,0,0
6F183,2026-04-17T17:08:41.703000,2026-04-17T19:52:41.703000,164.0,2.7333333333333334,0,17,2,30,20260417,0,0,0,0,0,0,0,0,0,0,0,0
6F184,2026-04-20T13:05:41.703000,2026-04-20T16:04:41.703000,179.0,2.9833333333333334,0,13,2,27,20260420,0,0,0,0,0,0,0,0,0,0,0,0
6F185,2026-04-18T07:49:41.703000,2026-04-18T10:08:41.703000,139.0,2.316666666666667,0,7,2,13,20260418,0,0,0,0,0,0,0,0,0,0,0,0
6F186,2026-04-17T21:48:41.703000,2026-04-18T02:02:41.703000,254.0,4.233333333333333,1,21,2,22,20260417,0,0,0,0,0,0,0,0,0,0,0,0
6F187,2026-04-20T03:19:41.703000,2026-04-20T07:37:41.703000,258.0,4.3,0,3,2,10,20260420,0,0,0,0,0,0,0,0,0,0,0,0
6F188,2026-04-20T14:57:41.703000,2026-04-20T19:39:41.703000,282.0,4.7,0,14,2,19,20260420,0,0,0,0,0,0,0,0,0,0,0,0
6F189,2026-04-18T20:08:41.703000,2026-04-18T21:51:41.703000,103.0,1.7166666666666666,0,20,2,26,20260418,0,0,0,0,0,0,0,0,0,0,0,0
6F190,2026-04-20T20:02:41.703000,2026-04-21T00:36:41.703000,274.0,4.566666666666666,1,20,2,20,20260420,0,0,0,0,0,0,0,0,0,0,0,0
6F191,2026-04-20T14:41:41.703000,2026-04-20T15:11:41.703000,30.0,0.5,0,14,2,3,20260420,0,0,0,0,0,0,0,0,0,0,0,0
6F192,2026-04-18T12:20:41.703000,2026-04-18T16:45:41.703000,265.0,4.416666666666667,0,12,2,11,20260418,0,0,0,0,0,0,0,0,0,0,0,0
6F193,2026-04-20T00:34:41.703000,2026-04-20T02:32:41.703000,118.0,1.9666666666666666,0,0,2,10,20260420,0,0,0,0,0,0,0,0,0,0,0,0
6F194,2026-04-20T16:29:41.703000,2026-04-20T18:27:41.703000,118.0,1.9666666666666666,0,16,2,7,20260420,0,0,0,0,0,0,0,0,0,0,0,0
6F195,2026-04-20T21:44:41.703000,2026-04-20T22:39:41.703000,55.0,0.9166666666666666,0,21,2,13,20260420,0,0,0,0,0,0,0,0,0,0,0,0
6F196,2026-04-20T23:04:41.703000,2026-04-21T00:47:41.703000,103.0,1.7166666666666666,1,23,2,15,20260420,0,0,0,0,0,0,0,0,0,0,0,0
6F197,2026-04-18T17:59:41.703000,2026-04-18T22:44:41.703000,285.0,4.75,0,17,2,6,20260418,0,0,0,0,0,0,0,0,0,0,0,0
6F198,2026-04-17T12:40:41.703000,2026-04-17T17:39:41.703000,299.0,4.983333333333333,0,12,2,21,20260417,0,0,0,0,0,0,0,0,0,0,0,0
6F199,2026-04-19T15:15:41.703000,2026-04-19T17:32:41.703000,137.0,2.283333333333333,0,15,2,20,20260419,0,0,0,0,0,0,0,0,0,0,0,0
6F200,2026-04-17T14:54:41.703000,2026-04-17T19:41:41.703000,287.0,4.783333333333333,0,14,2,24,20260417,0,0,0,0,0,0,0,0,0,0,0,0
6F201,2026-04-20T02:09:41.703000,2026-04-20T06:49:41.703000,280.0,4.666666666666667,0,2,2,12,20260420,0,0,0,0,0,0,0,0,0,0,0,0
6F202,2026-04-19T20:18:41.703000,2026-04-19T23:48:41.703000,210.0,3.5,0,20,2,21,20260419,0,0,0,0,0,0,0,0,0,0,0,0
6F203,2026-04-18T11:05:41.703000,2026-04-18T12:56:41.703000,111.0,1.85,0,11,2,4,20260418,0,0,0,0,0,0,0,0,0,0,0,0
6F204,2026-04-17T13:23:41.703000,2026-04-17T16:04:41.703000,161.0,2.683333333333333,0,13,2,18,20260417,0,0,0,0,0,0,0,0,0,0,0,0
6F205,2026-04-17T22:16:41.703000,2026-04-18T00:02:41.703000,106.0,1.7666666666666666,1,22,2,22,20260417,0,0,0,0,0,0,0,0,0,0,0,0
6F206,2026-04-19T16:39:41.703000,2026-04-19T20:59:41.703000,260.0,4.333333333333333,0,16,2,17,20260419,0,0,0,0,0,0,0,0,0,0,0,0
6F207,2026-04-17T16:59:41.703000,2026-04-17T21:00:41.703000,241.0,4.016666666666667,0,16,2,9,20260417,0,0,0,0,0,0,0,0,0,0,0,0
6F208,2026-04-18T08:27:41.703000,2026-04-18T11:34:41.703000,187.0,3.1166666666666667,0,8,2,12,20260418,0,0,0,0,0,0,0,0,0,0,0,0
6F209,2026-04-20T08:40:41.703000,2026-04-20T13:40:41.703000,300.0,5.0,0,8,2,28,20260420,0,0,0,0,0,0,0,0,0,0,0,0
6F210,2026-04-18T11:51:41.703000,2026-04-18T15:58:41.703000,247.0,4.116666666666666,0,11,2,24,20260418,0,0,0,0,0,0,0,0,0,0,0,0
6F211,2026-04-19T11:29:41.703000,2026-04-19T16:20:41.703000,291.0,4.85,0,11,2,26,20260419,0,0,0,0,0,0,0,0,0,0,0,0
6F212,2026-04-19T06:10:41.703000,2026-04-19T10:52:41.703000,282.0,4.7,0,6,2,2,20260419,0,0,0,0,0,0,0,0,0,0,0,0
6F213,2026-04-20T21:05:41.703000,2026-04-21T00:32:41.703000,207.0,3.45,1,21,2,1,20260420,0,0,0,0,0,0,0,0,0,0,0,0
6F214,2026-04-19T01:21:41.703000,2026-04-19T05:20:41.703000,239.0,3.9833333333333334,0,1,2,7,20260419,0,0,0,0,0,0,0,0,0,0,0,0
6F215,2026-04-17T13:00:41.703000,2026-04-17T17:30:41.703000,270.0,4.5,0,13,2,16,20260417,0,0,0,0,0,0,0,0,0,0,0,0
6F216,2026-04-17T21:58:41.704000,2026-04-18T02:51:41.704000,293.0,4.883333333333334,1,21,2,3,20260417,0,0,0,0,0,0,0,0,0,0,0,0
6F217,2026-04-18T05:13:41.704000,2026-04-18T08:01:41.704000,168.0,2.8,0,5,2,1,20260418,0,0,0,0,0,0,0,0,0,0,0,0
6F218,2026-04-17T15:16:41.704000,2026-04-17T19:03:41.704000,227.0,3.783333333333333,0,15,2,1,20260417,0,0,0,0,0,0,0,0,0,0,0,0
6F219,2026-04-19T10:32:41.704000,2026-04-19T14:37:41.704000,245.0,4.083333333333333,0,10,2,29,20260419,0,0,0,0,0,0,0,0,0,0,0,0
6F220,2026-04-19T10:27:41.704000,2026-04-19T11:25:41.704000,58.0,0.9666666666666667,0,10,2,22,20260419,0,0,0,0,0,0,0,0,0,0,0,0
6F221,2026-04-19T05:20:41.704000,2026-04-19T08:52:41.704000,212.0,3.533333333333333,0,5,2,29,20260419,0,0,0,0,0,0,0,0,0,0,0,0
6F222,2026-04-18T14:01:41.704000,2026-04-18T16:11:41.704000,130.0,2.1666666666666665,0,14,2,25,20260418,0,0,0,0,0,0,0,0,0,0,0,0
6F223,2026-04-17T16:47:41.704000,2026-04-17T17:21:41.704000,34.0,0.5666666666666667,0,16,2,26,20260417,0,0,0,0,0,0,0,0,0,0,0,0
6F224,2026-04-19T16:53:41.704000,2026-04-19T18:52:41.704000,119.0,1.9833333333333334,0,16,2,20,20260419,0,0,0,0,0,0,0,0,0,0,0,0
6F225,2026-04-18T07:33:41.704000,2026-04-18T12:12:41.704000,279.0,4.65,0,7,2,23,20260418,0,0,0,0,0,0,0,0,0,0,0,0
6F226,2026-04-19T00:38:41.704000,2026-04-19T02:55:41.704000,137.0,2.283333333333333,0,0,2,17,20260419,0,0,0,0,0,0,0,0,0,0,0,0
6F227,2026-04-18T13:16:41.704000,2026-04-18T17:41:41.704000,265.0,4.416666666666667,0,13,2,27,20260418,0,0,0,0,0,0,0,0,0,0,0,0
6F228,2026-04-18T04:36:41.704000,2026-04-18T09:27:41.704000,291.0,4.85,0,4,2,25,20260418,0,0,0,0,0,0,0,0,0,0,0,0
6F229,2026-04-20T13:10:41.704000,2026-04-20T14:30:41.704000,80.0,1.3333333333333333,0,13,2,29,20260420,0,0,0,0,0,0,0,0,0,0,0,0
6F230,2026-04-20T03:34:41.704000,2026-04-20T06:47:41.704000,193.0,3.216666666666667,0,3,2,11,20260420,0,0,0,0,0,0,0,0,0,0,0,0
6F231,2026-04-18T01:16:41.704000,2026-04-18T05:43:41.704000,267.0,4.45,0,1,2,25,20260418,0,0,0,0,0,0,0,0,0,0,0,0
6F232,2026-04-20T10:39:41.704000,2026-04-20T12:22:41.704000,103.0,1.7166666666666666,0,10,2,26,20260420,0,0,0,0,0,0,0,0,0,0,0,0
6F233,2026-04-18T23:56:41.704000,2026-04-19T03:53:41.704000,237.0,3.95,1,23,2,1,20260418,0,0,0,0,0,0,0,0,0,0,0,0
6F234,2026-04-20T11:20:41.704000,2026-04-20T14:11:41.704000,171.0,2.85,0,11,2,8,20260420,0,0,0,0,0,0,0,0,0,0,0,0
6F235,2026-04-19T11:06:41.704000,2026-04-19T13:51:41.704000,165.0,2.75,0,11,2,25,20260419,0,0,0,0,0,0,0,0,0,0,0,0
6F236,2026-04-20T20:35:41.704000,2026-04-20T23:54:41.704000,199.0,3.316666666666667,0,20,2,8,20260420,0,0,0,0,0,0,0,0,0,0,0,0
6F237,2026-04-19T21:41:41.704000,2026-04-20T00:44:41.704000,183.0,3.05,1,21,2,25,20260419,0,0,0,0,0,0,0,0,0,0,0,0
6F238,2026-04-20T08:31:41.704000,2026-04-20T09:19:41.704000,48.0,0.8,0,8,2,8,20260420,0,0,0,0,0,0,0,0,0,0,0,0
6F239,2026-04-17T15:24:41.704000,2026-04-17T17:37:41.704000,133.0,2.216666666666667,0,15,2,12,20260417,0,0,0,0,0,0,0,0,0,0,0,0
6F240,2026-04-18T15:31:41.704000,2026-04-18T19:56:41.704000,265.0,4.416666666666667,0,15,2,19,20260418,0,0,0,0,0,0,0,0,0,0,0,0
6F241,2026-04-17T18:27:41.704000,2026-04-17T19:02:41.704000,35.0,0.5833333333333334,0,18,2,19,20260417,0,0,0,0,0,0,0,0,0,0,0,0
6F242,2026-04-17T21:10:41.704000,2026-04-18T01:04:41.704000,234.0,3.9,1,21,2,5,20260417,0,0,0,0,0,0,0,0,0,0,0,0
6F243,2026-04-19T09:37:41.704000,2026-04-19T10:33:41.704000,56.0,0.9333333333333333,0,9,2,9,20260419,0,0,0,0,0,0,0,0,0,0,0,0
6F244,2026-04-18T07:07:41.704000,2026-04-18T08:31:41.704000,84.0,1.4,0,7,2,28,20260418,0,0,0,0,0,0,0,0,0,0,0,0
6F245,2026-04-20T15:25:41.701000,2026-04-20T18:06:41.701000,161.0,2.683333333333333,0,15,2,12,20260420,0,0,0,0,0,0,0,0,0,0,0,0
6F246,2026-04-19T21:00:41.702000,2026-04-19T23:16:41.702000,136.0,2.2666666666666666,0,21,2,24,20260419,0,0,0,0,0,0,0,0,0,0,0,0
6F247,2026-04-18T01:27:41.702000,2026-04-18T02:45:41.702000,78.0,1.3,0,1,2,19,20260418,0,0,0,0,0,0,0,0,0,0,0,0
6F248,2026-04-17T13:25:41.701000,2026-04-17T17:36:41.701000,251.0,4.183333333333334,0,13,2,19,20260417,0,0,0,0,0,0,0,0,0,0,0,0
6F249,2026-04-19T20:06:41.700000,2026-04-19T23:13:41.700000,187.0,3.1166666666666667,0,20,2,22,20260419,0,0,0,0,0,0,0,0,0,0,0,0
6F251,2026-04-20T22:56:41.703000,2026-04-20T23:37:41.703000,41.0,0.6833333333333333,0,22,0,16,20260420,0,0,0,0,0,1,0,0,0,0,0,0
6F252,2026-04-18T14:25:41.701000,2026-04-18T18:52:41.701000,267.0,4.45,0,14,0,26,20260418,0,0,0,0,0,1,0,0,0,0,0,0
6F253,2026-04-19T16:26:41.703000,2026-04-19T18:24:41.703000,118.0,1.9666666666666666,0,16,0,26,20260419,0,0,0,0,0,1,0,0,0,0,0,0
6F254,2026-04-20T14:26:41.703000,2026-04-20T18:01:41.703000,215.0,3.5833333333333335,0,14,0,26,20260420,0,0,0,1,0,0,0,0,0,0,0,0
6F255,2026-04-20T11:59:41.703000,2026-04-20T15:33:41.703000,214.0,3.566666666666667,0,11,0,17,20260420,0,0,0,1,0,0,0,0,0,0,0,0
6F256,2026-04-19T18:40:41.702000,2026-04-19T19:13:41.702000,33.0,0.55,0,18,0,7,20260419,0,0,0,1,0,0,0,0,0,0,0,0
6F257,2026-04-18T16:04:41.704000,2026-04-18T19:55:41.704000,231.0,3.85,0,16,0,28,20260418,0,0,0,0,0,1,0,0,0,0,0,0
6F258,2026-04-17T13:54:41.703000,2026-04-17T16:49:41.703000,175.0,2.9166666666666665,0,13,0,8,20260417,0,0,0,0,0,1,0,0,0,0,0,0
6F259,2026-04-20T14:10:41.703000,2026-04-20T15:21:41.703000,71.0,1.1833333333333333,0,14,0,8,20260420,0,0,0,1,0,0,0,0,0,0,0,0
6F260,2026-04-19T21:51:41.702000,2026-04-20T01:14:41.702000,203.0,3.3833333333333333,1,21,0,13,20260419,0,0,0,1,0,0,0,0,0,0,0,0
6F261,2026-04-20T14:31:41.703000,2026-04-20T17:29:41.703000,178.0,2.966666666666667,0,14,0,13,20260420,0,0,0,1,0,0,0,0,0,0,0,0
6F262,2026-04-19T01:44:41.702000,2026-04-19T02:47:41.702000,63.0,1.05,0,1,0,29,20260419,0,0,0,0,0,1,0,0,0,0,0,0
6F263,2026-04-19T07:07:41.703000,2026-04-19T08:30:41.703000,83.0,1.3833333333333333,0,7,0,19,20260419,0,0,0,0,0,1,0,0,0,0,0,0
6F264,2026-04-18T14:03:41.701000,2026-04-18T18:23:41.701000,260.0,4.333333333333333,0,14,0,19,20260418,0,0,0,1,0,0,0,0,0,0,0,0
6F265,2026-04-18T02:27:41.703000,2026-04-18T03:24:41.703000,57.0,0.95,0,2,0,19,20260418,0,0,0,1,0,0,0,0,0,0,0,0
6F266,2026-04-18T09:49:41.703000,2026-04-18T11:17:41.703000,88.0,1.4666666666666666,0,9,0,15,20260418,0,0,0,0,0,1,0,0,0,0,0,0
6F267,2026-04-18T07:56:41.703000,2026-04-18T11:49:41.703000,233.0,3.8833333333333333,0,7,0,20,20260418,0,0,0,0,0,1,0,0,0,0,0,0
6F268,2026-04-17T20:29:41.701000,2026-04-17T21:58:41.701000,89.0,1.4833333333333334,0,20,0,20,20260417,0,0,0,1,0,0,0,0,0,0,0,0
6F269,2026-04-19T01:30:41.702000,2026-04-19T02:52:41.702000,82.0,1.3666666666666667,0,1,0,25,20260419,0,0,0,0,0,1,0,0,0,0,0,0
6F270,2026-04-20T18:14:41.701000,2026-04-20T19:02:41.701000,48.0,0.8,0,18,0,25,20260420,0,0,0,1,0,0,0,0,0,0,0,0
6F271,2026-04-19T19:33:41.702000,2026-04-19T22:52:41.702000,199.0,3.316666666666667,0,19,0,25,20260419,0,0,0,1,0,0,0,0,0,0,0,0
6F272,2026-04-19T23:35:41.702000,2026-04-20T00:22:41.702000,47.0,0.7833333333333333,1,23,0,25,20260419,0,0,0,1,0,0,0,0,0,0,0,0
AI001,2026-04-18T19:00:41.700000,2026-04-18T22:03:41.700000,183.0,3.05,0,19,1,19,20260418,0,0,0,0,0,0,0,0,0,0,0,0
AI002,2026-04-19T05:12:41.700000,2026-04-19T07:12:41.700000,120.0,2.0,0,5,1,21,20260419,0,0,0,0,0,0,0,0,0,0,0,0
AI003,2026-04-19T13:27:41.701000,2026-04-19T16:55:41.701000,208.0,3.466666666666667,0,13,1,4,20260419,0,0,0,0,0,0,0,0,0,0,0,0
AI004,2026-04-18T13:58:41.701000,2026-04-18T18:12:41.701000,254.0,4.233333333333333,0,13,1,25,20260418,0,0,0,0,0,0,0,0,0,0,0,0
AI005,2026-04-18T21:24:41.701000,2026-04-18T22:11:41.701000,47.0,0.7833333333333333,0,21,1,18,20260418,0,0,0,0,0,0,0,0,0,0,0,0
AI006,2026-04-18T03:04:41.701000,2026-04-18T05:54:41.701000,170.0,2.8333333333333335,0,3,1,6,20260418,0,0,0,0,0,0,0,0,0,0,0,0
AI007,2026-04-19T04:01:41.701000,2026-04-19T06:01:42,120.00498333333333,2.0000830555555553,0,4,1,29,20260419,0,0,0,0,0,0,0,0,0,0,0,0
AI008,2026-04-18T10:43:41.701000,2026-04-18T12:43:42,120.00498333333333,2.0000830555555553,0,10,1,7,20260418,0,0,0,0,0,0,0,0,0,0,0,0
AI009,2026-04-20T01:31:41.701000,2026-04-20T04:05:41.701000,154.0,2.566666666666667,0,1,0,18,20260420,0,0,0,1,0,0,0,0,0,0,0,0
AI010,2026-04-19T15:00:41.701000,2026-04-19T19:48:41.701000,288.0,4.8,0,15,1,9,20260419,0,0,0,0,0,0,0,0,0,0,0,0
AI011,2026-04-18T16:58:41.701000,2026-04-18T21:01:41.701000,243.0,4.05,0,16,1,12,20260418,0,0,0,0,0,0,0,0,0,0,0,0
AI012,2026-04-20T05:44:41.701000,2026-04-20T09:47:41.701000,243.0,4.05,0,5,1,7,20260420,0,0,0,0,0,0,0,0,0,0,0,0
AI013,2026-04-19T03:41:41.701000,2026-04-19T04:58:41.701000,77.0,1.2833333333333334,0,3,1,21,20260419,0,0,0,0,0,0,0,0,0,0,0,0
AI014,2026-04-18T10:24:41.701000,2026-04-18T13:51:41.701000,207.0,3.45,0,10,1,25,20260418,0,0,0,0,0,0,0,0,0,0,0,0
AI015,2026-04-19T23:21:41.701000,2026-04-20T01:15:41.701000,114.0,1.9,1,23,1,2,20260419,0,0,0,0,0,0,0,0,0,0,0,0
AI016,2026-04-18T14:15:41.701000,2026-04-18T18:38:41.701000,263.0,4.383333333333334,0,14,1,7,20260418,0,0,0,0,0,0,0,0,0,0,0,0
AI017,2026-04-18T05:15:41.701000,2026-04-18T08:48:41.701000,213.0,3.55,0,5,1,12,20260418,0,0,0,0,0,0,0,0,0,0,0,0
AI018,2026-04-18T13:12:41.701000,2026-04-18T18:04:41.701000,292.0,4.866666666666666,0,13,1,7,20260418,0,0,0,0,0,0,0,0,0,0,0,0
AI019,2026-04-20T10:49:41.701000,2026-04-20T11:51:41.701000,62.0,1.0333333333333334,0,10,1,7,20260420,0,0,0,0,0,0,0,0,0,0,0,0
AI020,2026-04-19T03:53:41.701000,2026-04-19T06:21:41.701000,148.0,2.466666666666667,0,3,0,6,20260419,0,0,0,1,0,0,0,0,0,0,0,0
AI021,2026-04-17T21:39:41.701000,2026-04-18T01:38:41.701000,239.0,3.9833333333333334,1,21,1,19,20260417,0,0,0,0,0,0,0,0,0,0,0,0
AI022,2026-04-19T03:15:41.701000,2026-04-19T05:10:41.701000,115.0,1.9166666666666667,0,3,1,10,20260419,0,0,0,0,0,0,0,0,0,0,0,0
AI023,2026-04-19T06:10:41.701000,2026-04-19T09:35:41.701000,205.0,3.4166666666666665,0,6,1,21,20260419,0,0,0,0,0,0,0,0,0,0,0,0
AI024,2026-04-19T18:38:41.701000,2026-04-19T19:45:41.701000,67.0,1.1166666666666667,0,18,1,27,20260419,0,0,0,0,0,0,0,0,0,0,0,0
AI025,2026-04-20T14:46:41.701000,2026-04-20T17:11:41.701000,145.0,2.4166666666666665,0,14,1,24,20260420,0,0,0,0,0,0,0,0,0,0,0,0
AI026,2026-04-18T14:14:41.701000,2026-04-18T15:13:41.701000,59.0,0.9833333333333333,0,14,1,17,20260418,0,0,0,0,0,0,0,0,0,0,0,0
AI027,2026-04-18T19:41:41.701000,2026-04-18T23:23:41.701000,222.0,3.7,0,19,1,10,20260418,0,0,0,0,0,0,0,0,0,0,0,0
AI028,2026-04-19T07:53:41.701000,2026-04-19T08:35:41.701000,42.0,0.7,0,7,1,22,20260419,0,0,0,0,0,0,0,0,0,0,0,0
AI029,2026-04-20T13:29:41.701000,2026-04-20T17:53:41.701000,264.0,4.4,0,13,1,29,20260420,0,0,0,0,0,0,0,0,0,0,0,0
AI030,2026-04-20T13:33:41.701000,2026-04-20T16:52:41.701000,199.0,3.316666666666667,0,13,1,14,20260420,0,0,0,0,0,0,0,0,0,0,0,0
AI031,2026-04-20T13:05:41.701000,2026-04-20T16:11:41.701000,186.0,3.1,0,13,1,20,20260420,0,0,0,0,0,0,0,0,0,0,0,0
AI032,2026-04-19T07:26:41.701000,2026-04-19T09:26:42,120.00498333333333,2.0000830555555553,0,7,1,26,20260419,0,0,0,0,0,0,0,0,0,0,0,0
AI033,2026-04-19T05:25:41.701000,2026-04-19T10:21:41.701000,296.0,4.933333333333334,0,5,1,28,20260419,0,0,0,0,0,0,0,0,0,0,0,0
AI034,2026-04-20T05:48:41.701000,2026-04-20T10:31:41.701000,283.0,4.716666666666667,0,5,1,17,20260420,0,0,0,0,0,0,0,0,0,0,0,0
AI035,2026-04-17T23:17:41.701000,2026-04-18T00:48:41.701000,91.0,1.5166666666666666,1,23,1,20,20260417,0,0,0,0,0,0,0,0,0,0,0,0
AI036,2026-04-19T14:45:41.701000,2026-04-19T16:16:41.701000,91.0,1.5166666666666666,0,14,1,7,20260419,0,0,0,0,0,0,0,0,0,0,0,0
AI037,2026-04-19T11:14:41.701000,2026-04-19T15:13:41.701000,239.0,3.9833333333333334,0,11,0,6,20260419,0,0,0,1,0,0,0,0,0,0,0,0
AI038,2026-04-20T11:05:41.701000,2026-04-20T15:44:41.701000,279.0,4.65,0,11,1,25,20260420,0,0,0,0,0,0,0,0,0,0,0,0
AI039,2026-04-19T15:24:41.701000,2026-04-19T18:56:41.701000,212.0,3.533333333333333,0,15,1,26,20260419,0,0,0,0,0,0,0,0,0,0,0,0
AI040,2026-04-18T21:01:41.701000,2026-04-18T22:42:41.701000,101.0,1.6833333333333333,0,21,1,21,20260418,0,0,0,0,0,0,0,0,0,0,0,0
AI041,2026-04-18T14:08:41.701000,2026-04-18T15:59:41.701000,111.0,1.85,0,14,1,6,20260418,0,0,0,0,0,0,0,0,0,0,0,0
AI042,2026-04-18T09:53:41.701000,2026-04-18T10:57:41.701000,64.0,1.0666666666666667,0,9,1,13,20260418,0,0,0,0,0,0,0,0,0,0,0,0
AI043,2026-04-19T00:28:41.701000,2026-04-19T04:37:41.701000,249.0,4.15,0,0,1,13,20260419,0,0,0,0,0,0,0,0,0,0,0,0
AI044,2026-04-20T09:03:41.701000,2026-04-20T12:36:41.701000,213.0,3.55,0,9,0,26,20260420,0,0,0,0,0,1,0,0,0,0,0,0
AI045,2026-04-19T11:58:41.701000,2026-04-19T14:37:41.701000,159.0,2.65,0,11,1,25,20260419,0,0,0,0,0,0,0,0,0,0,0,0
AI046,2026-04-19T05:09:41.701000,2026-04-19T08:00:41.701000,171.0,2.85,0,5,0,17,20260419,0,0,0,0,0,1,0,0,0,0,0,0
AI047,2026-04-20T06:36:41.701000,2026-04-20T07:23:41.701000,47.0,0.7833333333333333,0,6,0,15,20260420,0,0,0,1,0,0,0,0,0,0,0,0
AI048,2026-04-20T22:23:41.701000,2026-04-21T02:15:41.701000,232.0,3.8666666666666667,1,22,1,13,20260420,0,0,0,0,0,0,0,0,0,0,0,0
AI049,2026-04-18T13:35:41.701000,2026-04-18T15:48:41.701000,133.0,2.216666666666667,0,13,1,15,20260418,0,0,0,0,0,0,0,0,0,0,0,0
AI050,2026-04-18T17:07:41.701000,2026-04-18T19:42:41.701000,155.0,2.5833333333333335,0,17,1,1,20260418,0,0,0,0,0,0,0,0,0,0,0,0
AI051,2026-04-20T01:27:41.701000,2026-04-20T02:22:41.701000,55.0,0.9166666666666666,0,1,1,26,20260420,0,0,0,0,0,0,0,0,0,0,0,0
AI052,2026-04-17T13:06:41.701000,2026-04-17T15:42:41.701000,156.0,2.6,0,13,1,15,20260417,0,0,0,0,0,0,0,0,0,0,0,0
AI053,2026-04-19T18:04:41.701000,2026-04-19T22:19:41.701000,255.0,4.25,0,18,1,13,20260419,0,0,0,0,0,0,0,0,0,0,0,0
AI054,2026-04-18T03:44:41.701000,2026-04-18T08:10:41.701000,266.0,4.433333333333334,0,3,1,23,20260418,0,0,0,0,0,0,0,0,0,0,0,0
AI055,2026-04-18T14:39:41.701000,2026-04-18T16:18:41.701000,99.0,1.65,0,14,1,12,20260418,0,0,0,0,0,0,0,0,0,0,0,0
AI056,2026-04-20T13:44:41.701000,2026-04-20T17:39:41.701000,235.0,3.9166666666666665,0,13,1,20,20260420,0,0,0,0,0,0,0,0,0,0,0,0
AI057,2026-04-18T15:53:41.701000,2026-04-18T19:22:41.701000,209.0,3.4833333333333334,0,15,1,7,20260418,0,0,0,0,0,0,0,0,0,0,0,0
AI058,2026-04-20T22:40:41.701000,2026-04-21T00:18:41.701000,98.0,1.6333333333333333,1,22,1,7,20260420,0,0,0,0,0,0,0,0,0,0,0,0
AI059,2026-04-20T09:16:41.701000,2026-04-20T11:43:41.701000,147.0,2.45,0,9,1,13,20260420,0,0,0,0,0,0,0,0,0,0,0,0
AI060,2026-04-20T21:58:41.701000,2026-04-20T23:51:41.701000,113.0,1.8833333333333333,0,21,1,19,20260420,0,0,0,0,0,0,0,0,0,0,0,0
AI061,2026-04-19T23:31:41.701000,2026-04-20T01:02:41.701000,91.0,1.5166666666666666,1,23,1,7,20260419,0,0,0,0,0,0,0,0,0,0,0,0
AI062,2026-04-20T06:49:41.701000,2026-04-20T07:25:41.701000,36.0,0.6,0,6,1,29,20260420,0,0,0,0,0,0,0,0,0,0,0,0
AI063,2026-04-18T07:03:41.701000,2026-04-18T11:26:41.701000,263.0,4.383333333333334,0,7,1,21,20260418,0,0,0,0,0,0,0,0,0,0,0,0
AI064,2026-04-17T18:24:41.701000,2026-04-17T20:07:41.701000,103.0,1.7166666666666666,0,18,1,5,20260417,0,0,0,0,0,0,0,0,0,0,0,0
AI065,2026-04-18T00:09:41.701000,2026-04-18T05:00:41.701000,291.0,4.85,0,0,0,26,20260418,0,0,0,1,0,0,0,0,0,0,0,0
AI066,2026-04-17T21:51:41.701000,2026-04-18T00:11:41.701000,140.0,2.3333333333333335,1,21,1,25,20260417,0,0,0,0,0,0,0,0,0,0,0,0
AI067,2026-04-18T23:36:41.701000,2026-04-19T03:09:41.701000,213.0,3.55,1,23,1,24,20260418,0,0,0,0,0,0,0,0,0,0,0,0
AI068,2026-04-20T02:48:41.702000,2026-04-20T04:48:42,120.00496666666666,2.0000827777777777,0,2,1,6,20260420,0,0,0,0,0,0,0,0,0,0,0,0
AI069,2026-04-20T22:43:41.702000,2026-04-21T02:29:41.702000,226.0,3.7666666666666666,1,22,0,17,20260420,0,0,0,0,0,1,0,0,0,0,0,0
AI070,2026-04-19T00:05:41.702000,2026-04-19T01:44:41.702000,99.0,1.65,0,0,1,13,20260419,0,0,0,0,0,0,0,0,0,0,0,0
AI071,2026-04-19T19:55:41.702000,2026-04-19T22:58:41.702000,183.0,3.05,0,19,1,10,20260419,0,0,0,0,0,0,0,0,0,0,0,0
AI072,2026-04-20T15:34:41.702000,2026-04-20T16:32:41.702000,58.0,0.9666666666666667,0,15,1,2,20260420,0,0,0,0,0,0,0,0,0,0,0,0
AI073,2026-04-19T14:08:41.702000,2026-04-19T16:10:41.702000,122.0,2.033333333333333,0,14,1,6,20260419,0,0,0,0,0,0,0,0,0,0,0,0
AI074,2026-04-18T12:03:41.702000,2026-04-18T12:50:41.702000,47.0,0.7833333333333333,0,12,1,12,20260418,0,0,0,0,0,0,0,0,0,0,0,0
AI075,2026-04-17T13:51:41.702000,2026-04-17T16:49:41.702000,178.0,2.966666666666667,0,13,1,13,20260417,0,0,0,0,0,0,0,0,0,0,0,0
AI076,2026-04-19T15:37:41.702000,2026-04-19T16:12:41.702000,35.0,0.5833333333333334,0,15,1,1,20260419,0,0,0,0,0,0,0,0,0,0,0,0
AI077,2026-04-20T13:45:41.702000,2026-04-20T14:51:41.702000,66.0,1.1,0,13,1,14,20260420,0,0,0,0,0,0,0,0,0,0,0,0
AI078,2026-04-20T08:58:41.702000,2026-04-20T13:28:41.702000,270.0,4.5,0,8,1,17,20260420,0,0,0,0,0,0,0,0,0,0,0,0
AI079,2026-04-20T11:04:41.702000,2026-04-20T13:19:41.702000,135.0,2.25,0,11,1,11,20260420,0,0,0,0,0,0,0,0,0,0,0,0
AI080,2026-04-20T23:03:41.702000,2026-04-21T00:35:41.702000,92.0,1.5333333333333334,1,23,1,9,20260420,0,0,0,0,0,0,0,0,0,0,0,0
AI081,2026-04-17T21:03:41.702000,2026-04-17T22:51:41.702000,108.0,1.8,0,21,1,12,20260417,0,0,0,0,0,0,0,0,0,0,0,0
AI082,2026-04-20T03:19:41.702000,2026-04-20T06:01:41.702000,162.0,2.7,0,3,1,18,20260420,0,0,0,0,0,0,0,0,0,0,0,0
AI083,2026-04-19T12:54:41.702000,2026-04-19T13:37:41.702000,43.0,0.7166666666666667,0,12,1,17,20260419,0,0,0,0,0,0,0,0,0,0,0,0
AI084,2026-04-20T08:31:41.702000,2026-04-20T09:46:41.702000,75.0,1.25,0,8,1,9,20260420,0,0,0,0,0,0,0,0,0,0,0,0
AI085,2026-04-19T15:45:41.702000,2026-04-19T20:33:41.702000,288.0,4.8,0,15,1,19,20260419,0,0,0,0,0,0,0,0,0,0,0,0
AI086,2026-04-19T07:13:41.702000,2026-04-19T10:09:41.702000,176.0,2.933333333333333,0,7,1,14,20260419,0,0,0,0,0,0,0,0,0,0,0,0
AI087,2026-04-17T16:32:41.702000,2026-04-17T20:30:41.702000,238.0,3.966666666666667,0,16,1,29,20260417,0,0,0,0,0,0,0,0,0,0,0,0
AI088,2026-04-20T06:34:41.702000,2026-04-20T10:10:41.702000,216.0,3.6,0,6,0,29,20260420,0,0,0,0,0,1,0,0,0,0,0,0
AI089,2026-04-18T04:05:41.702000,2026-04-18T04:47:41.702000,42.0,0.7,0,4,1,12,20260418,0,0,0,0,0,0,0,0,0,0,0,0
AI090,2026-04-18T13:37:41.702000,2026-04-18T16:11:41.702000,154.0,2.566666666666667,0,13,1,28,20260418,0,0,0,0,0,0,0,0,0,0,0,0
AI091,2026-04-20T10:52:41.702000,2026-04-20T15:15:41.702000,263.0,4.383333333333334,0,10,1,15,20260420,0,0,0,0,0,0,0,0,0,0,0,0
AI092,2026-04-18T13:36:41.702000,2026-04-18T16:20:41.702000,164.0,2.7333333333333334,0,13,1,12,20260418,0,0,0,0,0,0,0,0,0,0,0,0
AI093,2026-04-17T12:35:41.702000,2026-04-17T17:28:41.702000,293.0,4.883333333333334,0,12,1,6,20260417,0,0,0,0,0,0,0,0,0,0,0,0
AI094,2026-04-20T14:44:41.702000,2026-04-20T15:44:42,60.00496666666666,1.0000827777777777,0,14,1,16,20260420,0,0,0,0,0,0,0,0,0,0,0,0
AI095,2026-04-18T05:00:41.702000,2026-04-18T08:18:41.702000,198.0,3.3,0,5,1,20,20260418,0,0,0,0,0,0,0,0,0,0,0,0
AI096,2026-04-19T21:48:41.702000,2026-04-20T02:46:41.702000,298.0,4.966666666666667,1,21,1,13,20260419,0,0,0,0,0,0,0,0,0,0,0,0
AI097,2026-04-19T18:42:41.702000,2026-04-19T23:34:41.702000,292.0,4.866666666666666,0,18,1,25,20260419,0,0,0,0,0,0,0,0,0,0,0,0
AI098,2026-04-19T16:01:41.702000,2026-04-19T18:11:41.702000,130.0,2.1666666666666665,0,16,1,25,20260419,0,0,0,0,0,0,0,0,0,0,0,0
AI099,2026-04-18T11:07:41.702000,2026-04-18T13:29:41.702000,142.0,2.3666666666666667,0,11,1,1,20260418,0,0,0,0,0,0,0,0,0,0,0,0
AI100,2026-04-19T14:42:41.702000,2026-04-19T18:22:41.702000,220.0,3.6666666666666665,0,14,0,12,20260419,0,0,0,0,0,1,0,0,0,0,0,0
AI101,2026-04-18T23:20:41.702000,2026-04-19T02:23:41.702000,183.0,3.05,1,23,1,16,20260418,0,0,0,0,0,0,0,0,0,0,0,0
AI102,2026-04-20T00:17:41.702000,2026-04-20T05:08:41.702000,291.0,4.85,0,0,1,11,20260420,0,0,0,0,0,0,0,0,0,0,0,0
AI103,2026-04-20T03:26:41.702000,2026-04-20T04:04:41.702000,38.0,0.6333333333333333,0,3,1,1,20260420,0,0,0,0,0,0,0,0,0,0,0,0
AI104,2026-04-18T07:35:41.702000,2026-04-18T09:20:41.702000,105.0,1.75,0,7,1,30,20260418,0,0,0,0,0,0,0,0,0,0,0,0
AI105,2026-04-19T20:16:41.702000,2026-04-19T22:03:41.702000,107.0,1.7833333333333334,0,20,1,13,20260419,0,0,0,0,0,0,0,0,0,0,0,0
AI106,2026-04-19T02:07:41.702000,2026-04-19T03:20:41.702000,73.0,1.2166666666666666,0,2,1,21,20260419,0,0,0,0,0,0,0,0,0,0,0,0
AI107,2026-04-18T10:03:41.702000,2026-04-18T10:49:41.702000,46.0,0.7666666666666667,0,10,1,23,20260418,0,0,0,0,0,0,0,0,0,0,0,0
AI108,2026-04-19T21:32:41.702000,2026-04-20T00:17:41.702000,165.0,2.75,1,21,1,2,20260419,0,0,0,0,0,0,0,0,0,0,0,0
AI109,2026-04-18T15:53:41.702000,2026-04-18T20:14:41.702000,261.0,4.35,0,15,1,1,20260418,0,0,0,0,0,0,0,0,0,0,0,0
AI110,2026-04-19T17:07:41.702000,2026-04-19T22:00:41.702000,293.0,4.883333333333334,0,17,1,7,20260419,0,0,0,0,0,0,0,0,0,0,0,0
AI111,2026-04-18T07:40:41.702000,2026-04-18T10:39:41.702000,179.0,2.9833333333333334,0,7,1,28,20260418,0,0,0,0,0,0,0,0,0,0,0,0
AI112,2026-04-20T04:41:41.702000,2026-04-20T08:24:41.702000,223.0,3.716666666666667,0,4,1,16,20260420,0,0,0,0,0,0,0,0,0,0,0,0
AI113,2026-04-17T21:21:41.702000,2026-04-17T23:51:41.702000,150.0,2.5,0,21,1,14,20260417,0,0,0,0,0,0,0,0,0,0,0,0
AI114,2026-04-18T07:48:41.702000,2026-04-18T09:03:41.702000,75.0,1.25,0,7,1,13,20260418,0,0,0,0,0,0,0,0,0,0,0,0
AI115,2026-04-20T19:37:41.702000,2026-04-21T00:26:41.702000,289.0,4.816666666666666,1,19,1,26,20260420,0,0,0,0,0,0,0,0,0,0,0,0
AI116,2026-04-18T22:30:41.702000,2026-04-19T01:57:41.702000,207.0,3.45,1,22,1,12,20260418,0,0,0,0,0,0,0,0,0,0,0,0
AI117,2026-04-18T08:18:41.702000,2026-04-18T10:09:41.702000,111.0,1.85,0,8,1,21,20260418,0,0,0,0,0,0,0,0,0,0,0,0
AI118,2026-04-17T17:50:41.702000,2026-04-17T19:59:41.702000,129.0,2.15,0,17,1,25,20260417,0,0,0,0,0,0,0,0,0,0,0,0
AI119,2026-04-17T13:15:41.702000,2026-04-17T15:57:41.702000,162.0,2.7,0,13,1,26,20260417,0,0,0,0,0,0,0,0,0,0,0,0
AI120,2026-04-19T12:12:41.702000,2026-04-19T14:18:41.702000,126.0,2.1,0,12,1,28,20260419,0,0,0,0,0,0,0,0,0,0,0,0
AI121,2026-04-18T02:42:41.702000,2026-04-18T06:11:41.702000,209.0,3.4833333333333334,0,2,1,25,20260418,0,0,0,0,0,0,0,0,0,0,0,0
AI122,2026-04-19T18:25:41.702000,2026-04-19T22:36:41.702000,251.0,4.183333333333334,0,18,1,7,20260419,0,0,0,0,0,0,0,0,0,0,0,0
AI123,2026-04-18T22:19:41.702000,2026-04-19T00:45:41.702000,146.0,2.433333333333333,1,22,1,27,20260418,0,0,0,0,0,0,0,0,0,0,0,0
AI124,2026-04-17T20:28:41.702000,2026-04-18T00:00:41.702000,212.0,3.533333333333333,1,20,1,14,20260417,0,0,0,0,0,0,0,0,0,0,0,0
AI125,2026-04-18T01:12:41.702000,2026-04-18T04:51:41.702000,219.0,3.65,0,1,0,13,20260418,0,0,0,1,0,0,0,0,0,0,0,0
AI126,2026-04-17T17:26:41.702000,2026-04-17T20:48:41.702000,202.0,3.3666666666666667,0,17,1,30,20260417,0,0,0,0,0,0,0,0,0,0,0,0
AI127,2026-04-18T10:37:41.702000,2026-04-18T13:45:41.702000,188.0,3.1333333333333333,0,10,1,19,20260418,0,0,0,0,0,0,0,0,0,0,0,0
AI128,2026-04-20T06:07:41.702000,2026-04-20T10:03:41.702000,236.0,3.933333333333333,0,6,0,7,20260420,0,0,0,1,0,0,0,0,0,0,0,0
AI129,2026-04-20T10:29:41.702000,2026-04-20T13:38:41.702000,189.0,3.15,0,10,1,7,20260420,0,0,0,0,0,0,0,0,0,0,0,0
AI130,2026-04-18T10:18:41.702000,2026-04-18T12:59:41.702000,161.0,2.683333333333333,0,10,1,6,20260418,0,0,0,0,0,0,0,0,0,0,0,0
AI131,2026-04-18T19:55:41.702000,2026-04-18T22:35:41.702000,160.0,2.6666666666666665,0,19,1,27,20260418,0,0,0,0,0,0,0,0,0,0,0,0
AI132,2026-04-20T19:32:41.702000,2026-04-20T21:41:41.702000,129.0,2.15,0,19,1,1,20260420,0,0,0,0,0,0,0,0,0,0,0,0
AI133,2026-04-18T19:12:41.702000,2026-04-18T21:32:41.702000,140.0,2.3333333333333335,0,19,1,18,20260418,0,0,0,0,0,0,0,0,0,0,0,0
AI134,2026-04-19T00:28:41.702000,2026-04-19T04:23:41.702000,235.0,3.9166666666666665,0,0,1,22,20260419,0,0,0,0,0,0,0,0,0,0,0,0
AI135,2026-04-20T06:40:41.702000,2026-04-20T09:21:41.702000,161.0,2.683333333333333,0,6,1,1,20260420,0,0,0,0,0,0,0,0,0,0,0,0
AI136,2026-04-18T20:29:41.702000,2026-04-18T23:48:41.702000,199.0,3.316666666666667,0,20,1,3,20260418,0,0,0,0,0,0,0,0,0,0,0,0
AI137,2026-04-20T22:49:41.702000,2026-04-21T01:17:41.702000,148.0,2.466666666666667,1,22,1,8,20260420,0,0,0,0,0,0,0,0,0,0,0,0
AI138,2026-04-19T05:50:41.702000,2026-04-19T06:40:41.702000,50.0,0.8333333333333334,0,5,1,18,20260419,0,0,0,0,0,0,0,0,0,0,0,0
AI139,2026-04-19T18:23:41.702000,2026-04-19T19:24:41.702000,61.0,1.0166666666666666,0,18,1,25,20260419,0,0,0,0,0,0,0,0,0,0,0,0
AI140,2026-04-20T22:25:41.702000,2026-04-21T02:08:41.702000,223.0,3.716666666666667,1,22,1,8,20260420,0,0,0,0,0,0,0,0,0,0,0,0
AI141,2026-04-19T10:16:41.702000,2026-04-19T14:53:41.702000,277.0,4.616666666666666,0,10,1,3,20260419,0,0,0,0,0,0,0,0,0,0,0,0
AI142,2026-04-17T20:49:41.702000,2026-04-17T23:03:41.702000,134.0,2.2333333333333334,0,20,1,8,20260417,0,0,0,0,0,0,0,0,0,0,0,0
AI143,2026-04-19T03:58:41.702000,2026-04-19T04:36:41.702000,38.0,0.6333333333333333,0,3,1,13,20260419,0,0,0,0,0,0,0,0,0,0,0,0
AI144,2026-04-18T00:43:41.702000,2026-04-18T03:36:41.702000,173.0,2.8833333333333333,0,0,1,27,20260418,0,0,0,0,0,0,0,0,0,0,0,0
AI145,2026-04-17T17:06:41.702000,2026-04-17T21:31:41.702000,265.0,4.416666666666667,0,17,0,17,20260417,0,0,0,1,0,0,0,0,0,0,0,0
AI146,2026-04-20T10:40:41.702000,2026-04-20T13:46:41.702000,186.0,3.1,0,10,1,3,20260420,0,0,0,0,0,0,0,0,0,0,0,0
AI147,2026-04-18T18:14:41.703000,2026-04-18T20:10:41.703000,116.0,1.9333333333333333,0,18,1,23,20260418,0,0,0,0,0,0,0,0,0,0,0,0
AI148,2026-04-19T05:41:41.703000,2026-04-19T08:32:41.703000,171.0,2.85,0,5,1,25,20260419,0,0,0,0,0,0,0,0,0,0,0,0
AI149,2026-04-19T18:19:41.703000,2026-04-19T21:36:41.703000,197.0,3.283333333333333,0,18,1,9,20260419,0,0,0,0,0,0,0,0,0,0,0,0
AI150,2026-04-20T03:51:41.703000,2026-04-20T04:38:41.703000,47.0,0.7833333333333333,0,3,1,8,20260420,0,0,0,0,0,0,0,0,0,0,0,0
AI151,2026-04-17T13:14:41.703000,2026-04-17T14:10:41.703000,56.0,0.9333333333333333,0,13,1,30,20260417,0,0,0,0,0,0,0,0,0,0,0,0
AI152,2026-04-17T19:21:41.703000,2026-04-17T20:26:41.703000,65.0,1.0833333333333333,0,19,1,2,20260417,0,0,0,0,0,0,0,0,0,0,0,0
AI153,2026-04-17T15:02:41.703000,2026-04-17T16:30:41.703000,88.0,1.4666666666666666,0,15,1,7,20260417,0,0,0,0,0,0,0,0,0,0,0,0
AI154,2026-04-17T15:25:41.703000,2026-04-17T19:16:41.703000,231.0,3.85,0,15,1,25,20260417,0,0,0,0,0,0,0,0,0,0,0,0
AI155,2026-04-20T23:35:41.703000,2026-04-21T01:23:41.703000,108.0,1.8,1,23,1,7,20260420,0,0,0,0,0,0,0,0,0,0,0,0
AI156,2026-04-18T07:39:41.703000,2026-04-18T09:22:41.703000,103.0,1.7166666666666666,0,7,1,12,20260418,0,0,0,0,0,0,0,0,0,0,0,0
AI157,2026-04-17T22:45:41.703000,2026-04-18T01:33:41.703000,168.0,2.8,1,22,1,2,20260417,0,0,0,0,0,0,0,0,0,0,0,0
AI158,2026-04-20T06:04:41.703000,2026-04-20T09:01:41.703000,177.0,2.95,0,6,1,13,20260420,0,0,0,0,0,0,0,0,0,0,0,0
AI159,2026-04-20T09:23:41.703000,2026-04-20T11:36:41.703000,133.0,2.216666666666667,0,9,1,21,20260420,0,0,0,0,0,0,0,0,0,0,0,0
AI160,2026-04-17T13:41:41.703000,2026-04-17T17:01:41.703000,200.0,3.3333333333333335,0,13,1,29,20260417,0,0,0,0,0,0,0,0,0,0,0,0
AI161,2026-04-19T16:40:41.703000,2026-04-19T19:40:41.703000,180.0,3.0,0,16,1,12,20260419,0,0,0,0,0,0,0,0,0,0,0,0
AI162,2026-04-17T19:20:41.703000,2026-04-17T22:40:41.703000,200.0,3.3333333333333335,0,19,1,29,20260417,0,0,0,0,0,0,0,0,0,0,0,0
AI163,2026-04-20T07:45:41.703000,2026-04-20T08:46:41.703000,61.0,1.0166666666666666,0,7,1,25,20260420,0,0,0,0,0,0,0,0,0,0,0,0
AI164,2026-04-20T03:57:41.703000,2026-04-20T05:45:41.703000,108.0,1.8,0,3,1,16,20260420,0,0,0,0,0,0,0,0,0,0,0,0
AI165,2026-04-19T08:51:41.703000,2026-04-19T10:31:41.703000,100.0,1.6666666666666667,0,8,1,18,20260419,0,0,0,0,0,0,0,0,0,0,0,0
AI166,2026-04-18T04:20:41.703000,2026-04-18T07:23:41.703000,183.0,3.05,0,4,1,7,20260418,0,0,0,0,0,0,0,0,0,0,0,0
AI167,2026-04-18T06:43:41.703000,2026-04-18T11:10:41.703000,267.0,4.45,0,6,1,3,20260418,0,0,0,0,0,0,0,0,0,0,0,0
AI168,2026-04-19T15:50:41.703000,2026-04-19T20:20:41.703000,270.0,4.5,0,15,0,18,20260419,0,0,0,1,0,0,0,0,0,0,0,0
AI169,2026-04-18T21:21:41.703000,2026-04-19T01:34:41.703000,253.0,4.216666666666667,1,21,1,13,20260418,0,0,0,0,0,0,0,0,0,0,0,0
AI170,2026-04-18T11:27:41.703000,2026-04-18T15:50:41.703000,263.0,4.383333333333334,0,11,1,24,20260418,0,0,0,0,0,0,0,0,0,0,0,0
AI171,2026-04-18T10:51:41.703000,2026-04-18T13:34:41.703000,163.0,2.716666666666667,0,10,1,26,20260418,0,0,0,0,0,0,0,0,0,0,0,0
AI172,2026-04-17T19:08:41.703000,2026-04-17T19:53:41.703000,45.0,0.75,0,19,1,7,20260417,0,0,0,0,0,0,0,0,0,0,0,0
AI173,2026-04-19T17:36:41.703000,2026-04-19T22:27:41.703000,291.0,4.85,0,17,1,24,20260419,0,0,0,0,0,0,0,0,0,0,0,0
AI174,2026-04-17T14:45:41.703000,2026-04-17T17:01:41.703000,136.0,2.2666666666666666,0,14,1,18,20260417,0,0,0,0,0,0,0,0,0,0,0,0
AI175,2026-04-20T03:08:41.703000,2026-04-20T06:55:41.703000,227.0,3.783333333333333,0,3,1,9,20260420,0,0,0,0,0,0,0,0,0,0,0,0
AI176,2026-04-19T04:20:41.703000,2026-04-19T06:25:41.703000,125.0,2.0833333333333335,0,4,1,3,20260419,0,0,0,0,0,0,0,0,0,0,0,0
AI177,2026-04-18T14:11:41.703000,2026-04-18T16:26:41.703000,135.0,2.25,0,14,1,14,20260418,0,0,0,0,0,0,0,0,0,0,0,0
AI178,2026-04-20T13:04:41.703000,2026-04-20T14:03:41.703000,59.0,0.9833333333333333,0,13,1,11,20260420,0,0,0,0,0,0,0,0,0,0,0,0
AI179,2026-04-20T20:41:41.703000,2026-04-21T01:19:41.703000,278.0,4.633333333333334,1,20,1,22,20260420,0,0,0,0,0,0,0,0,0,0,0,0
AI180,2026-04-19T10:19:41.703000,2026-04-19T11:00:41.703000,41.0,0.6833333333333333,0,10,1,7,20260419,0,0,0,0,0,0,0,0,0,0,0,0
AI181,2026-04-19T13:29:41.703000,2026-04-19T16:55:41.703000,206.0,3.433333333333333,0,13,1,30,20260419,0,0,0,0,0,0,0,0,0,0,0,0
AI182,2026-04-19T12:41:41.703000,2026-04-19T17:14:41.703000,273.0,4.55,0,12,1,24,20260419,0,0,0,0,0,0,0,0,0,0,0,0
AI183,2026-04-18T14:24:41.703000,2026-04-18T16:06:41.703000,102.0,1.7,0,14,1,18,20260418,0,0,0,0,0,0,0,0,0,0,0,0
AI184,2026-04-17T15:03:41.703000,2026-04-17T17:03:42,120.00495,2.0000825,0,15,1,7,20260417,0,0,0,0,0,0,0,0,0,0,0,0
AI185,2026-04-18T12:16:41.703000,2026-04-18T16:18:41.703000,242.0,4.033333333333333,0,12,1,12,20260418,0,0,0,0,0,0,0,0,0,0,0,0
AI186,2026-04-18T11:11:41.703000,2026-04-18T13:05:41.703000,114.0,1.9,0,11,1,17,20260418,0,0,0,0,0,0,0,0,0,0,0,0
AI187,2026-04-17T23:32:41.703000,2026-04-18T01:16:41.703000,104.0,1.7333333333333334,1,23,1,4,20260417,0,0,0,0,0,0,0,0,0,0,0,0
AI188,2026-04-20T20:16:41.703000,2026-04-20T23:02:41.703000,166.0,2.7666666666666666,0,20,1,14,20260420,0,0,0,0,0,0,0,0,0,0,0,0
AI189,2026-04-20T03:44:41.703000,2026-04-20T05:32:41.703000,108.0,1.8,0,3,1,13,20260420,0,0,0,0,0,0,0,0,0,0,0,0
AI190,2026-04-19T12:38:41.703000,2026-04-19T15:56:41.703000,198.0,3.3,0,12,1,7,20260419,0,0,0,0,0,0,0,0,0,0,0,0
AI191,2026-04-18T07:57:41.703000,2026-04-18T11:58:41.703000,241.0,4.016666666666667,0,7,1,5,20260418,0,0,0,0,0,0,0,0,0,0,0,0
AI192,2026-04-20T23:05:41.703000,2026-04-21T04:04:41.703000,299.0,4.983333333333333,1,23,1,27,20260420,0,0,0,0,0,0,0,0,0,0,0,0
AI193,2026-04-19T11:33:41.703000,2026-04-19T16:07:41.703000,274.0,4.566666666666666,0,11,1,30,20260419,0,0,0,0,0,0,0,0,0,0,0,0
AI194,2026-04-18T05:09:41.703000,2026-04-18T09:38:41.703000,269.0,4.483333333333333,0,5,1,26,20260418,0,0,0,0,0,0,0,0,0,0,0,0
AI195,2026-04-18T02:58:41.703000,2026-04-18T04:57:41.703000,119.0,1.9833333333333334,0,2,1,15,20260418,0,0,0,0,0,0,0,0,0,0,0,0
AI196,2026-04-20T02:52:41.703000,2026-04-20T04:25:41.703000,93.0,1.55,0,2,1,30,20260420,0,0,0,0,0,0,0,0,0,0,0,0
AI197,2026-04-18T16:25:41.703000,2026-04-18T20:00:41.703000,215.0,3.5833333333333335,0,16,1,7,20260418,0,0,0,0,0,0,0,0,0,0,0,0
AI198,2026-04-19T10:56:41.703000,2026-04-19T14:19:41.703000,203.0,3.3833333333333333,0,10,1,15,20260419,0,0,0,0,0,0,0,0,0,0,0,0
AI199,2026-04-17T18:47:41.703000,2026-04-17T22:26:41.703000,219.0,3.65,0,18,1,24,20260417,0,0,0,0,0,0,0,0,0,0,0,0
AI200,2026-04-19T02:05:41.703000,2026-04-19T05:29:41.703000,204.0,3.4,0,2,1,25,20260419,0,0,0,0,0,0,0,0,0,0,0,0
AI201,2026-04-18T15:19:41.703000,2026-04-18T16:40:41.703000,81.0,1.35,0,15,1,2,20260418,0,0,0,0,0,0,0,0,0,0,0,0
AI202,2026-04-19T08:44:41.703000,2026-04-19T10:53:41.703000,129.0,2.15,0,8,1,21,20260419,0,0,0,0,0,0,0,0,0,0,0,0
AI203,2026-04-18T00:09:41.703000,2026-04-18T02:56:41.703000,167.0,2.783333333333333,0,0,1,7,20260418,0,0,0,0,0,0,0,0,0,0,0,0
AI204,2026-04-18T13:40:41.703000,2026-04-18T18:38:41.703000,298.0,4.966666666666667,0,13,1,15,20260418,0,0,0,0,0,0,0,0,0,0,0,0
AI205,2026-04-20T03:26:41.703000,2026-04-20T05:14:41.703000,108.0,1.8,0,3,1,1,20260420,0,0,0,0,0,0,0,0,0,0,0,0
AI206,2026-04-19T16:30:41.703000,2026-04-19T20:01:41.703000,211.0,3.5166666666666666,0,16,1,15,20260419,0,0,0,0,0,0,0,0,0,0,0,0
AI207,2026-04-19T08:24:41.703000,2026-04-19T11:23:41.703000,179.0,2.9833333333333334,0,8,1,10,20260419,0,0,0,0,0,0,0,0,0,0,0,0
AI208,2026-04-20T08:38:41.703000,2026-04-20T11:52:41.703000,194.0,3.2333333333333334,0,8,1,1,20260420,0,0,0,0,0,0,0,0,0,0,0,0
AI209,2026-04-18T17:25:41.703000,2026-04-18T18:37:41.703000,72.0,1.2,0,17,1,2,20260418,0,0,0,0,0,0,0,0,0,0,0,0
AI210,2026-04-17T16:13:41.703000,2026-04-17T18:50:41.703000,157.0,2.6166666666666667,0,16,1,1,20260417,0,0,0,0,0,0,0,0,0,0,0,0
AI211,2026-04-18T23:34:41.703000,2026-04-19T01:21:41.703000,107.0,1.7833333333333334,1,23,1,18,20260418,0,0,0,0,0,0,0,0,0,0,0,0
AI212,2026-04-17T15:31:41.703000,2026-04-17T20:13:41.703000,282.0,4.7,0,15,1,18,20260417,0,0,0,0,0,0,0,0,0,0,0,0
AI213,2026-04-20T08:03:41.703000,2026-04-20T09:14:41.703000,71.0,1.1833333333333333,0,8,1,23,20260420,0,0,0,0,0,0,0,0,0,0,0,0
AI214,2026-04-17T22:23:41.703000,2026-04-18T02:49:41.703000,266.0,4.433333333333334,1,22,1,13,20260417,0,0,0,0,0,0,0,0,0,0,0,0
AI215,2026-04-18T12:07:41.703000,2026-04-18T13:43:41.703000,96.0,1.6,0,12,1,3,20260418,0,0,0,0,0,0,0,0,0,0,0,0
AI216,2026-04-20T01:10:41.703000,2026-04-20T02:34:41.703000,84.0,1.4,0,1,1,7,20260420,0,0,0,0,0,0,0,0,0,0,0,0
AI217,2026-04-20T04:57:41.703000,2026-04-20T07:14:41.703000,137.0,2.283333333333333,0,4,1,11,20260420,0,0,0,0,0,0,0,0,0,0,0,0
AI218,2026-04-18T08:55:41.703000,2026-04-18T11:55:41.703000,180.0,3.0,0,8,1,7,20260418,0,0,0,0,0,0,0,0,0,0,0,0
AI219,2026-04-19T09:28:41.703000,2026-04-19T11:27:41.703000,119.0,1.9833333333333334,0,9,0,3,20260419,0,0,0,1,0,0,0,0,0,0,0,0
AI220,2026-04-20T20:19:41.703000,2026-04-20T21:57:41.703000,98.0,1.6333333333333333,0,20,1,8,20260420,0,0,0,0,0,0,0,0,0,0,0,0
AI221,2026-04-20T16:18:41.703000,2026-04-20T18:54:41.703000,156.0,2.6,0,16,1,30,20260420,0,0,0,0,0,0,0,0,0,0,0,0
AI222,2026-04-20T12:10:41.703000,2026-04-20T13:14:41.703000,64.0,1.0666666666666667,0,12,0,8,20260420,0,0,0,0,0,1,0,0,0,0,0,0
AI223,2026-04-17T12:53:41.703000,2026-04-17T14:42:41.703000,109.0,1.8166666666666667,0,12,1,7,20260417,0,0,0,0,0,0,0,0,0,0,0,0
AI224,2026-04-19T16:51:41.703000,2026-04-19T21:36:41.703000,285.0,4.75,0,16,1,19,20260419,0,0,0,0,0,0,0,0,0,0,0,0
AI225,2026-04-19T15:05:41.703000,2026-04-19T16:01:41.703000,56.0,0.9333333333333333,0,15,1,6,20260419,0,0,0,0,0,0,0,0,0,0,0,0
AI226,2026-04-20T01:19:41.703000,2026-04-20T04:08:41.703000,169.0,2.816666666666667,0,1,0,4,20260420,0,0,0,1,0,0,0,0,0,0,0,0
AI227,2026-04-20T04:31:41.703000,2026-04-20T08:17:41.703000,226.0,3.7666666666666666,0,4,1,5,20260420,0,0,0,0,0,0,0,0,0,0,0,0
AI228,2026-04-18T13:16:41.703000,2026-04-18T17:44:41.703000,268.0,4.466666666666667,0,13,1,1,20260418,0,0,0,0,0,0,0,0,0,0,0,0
AI229,2026-04-17T16:48:41.703000,2026-04-17T18:40:41.703000,112.0,1.8666666666666667,0,16,1,25,20260417,0,0,0,0,0,0,0,0,0,0,0,0
AI230,2026-04-17T20:37:41.704000,2026-04-18T00:22:41.704000,225.0,3.75,1,20,0,11,20260417,0,0,0,1,0,0,0,0,0,0,0,0
AI231,2026-04-17T21:52:41.704000,2026-04-17T23:51:41.704000,119.0,1.9833333333333334,0,21,1,19,20260417,0,0,0,0,0,0,0,0,0,0,0,0
AI232,2026-04-18T06:43:41.704000,2026-04-18T10:13:41.704000,210.0,3.5,0,6,1,16,20260418,0,0,0,0,0,0,0,0,0,0,0,0
AI233,2026-04-20T08:04:41.704000,2026-04-20T09:52:41.704000,108.0,1.8,0,8,1,1,20260420,0,0,0,0,0,0,0,0,0,0,0,0
AI234,2026-04-19T23:50:41.704000,2026-04-20T01:34:41.704000,104.0,1.7333333333333334,1,23,1,10,20260419,0,0,0,0,0,0,0,0,0,0,0,0
AI235,2026-04-19T22:45:41.704000,2026-04-20T02:12:41.704000,207.0,3.45,1,22,1,4,20260419,0,0,0,0,0,0,0,0,0,0,0,0
AI236,2026-04-19T04:52:41.704000,2026-04-19T09:11:41.704000,259.0,4.316666666666666,0,4,1,17,20260419,0,0,0,0,0,0,0,0,0,0,0,0
AI237,2026-04-19T19:58:41.704000,2026-04-19T23:13:41.704000,195.0,3.25,0,19,1,7,20260419,0,0,0,0,0,0,0,0,0,0,0,0
AI238,2026-04-18T19:25:41.704000,2026-04-19T00:07:41.704000,282.0,4.7,1,19,1,15,20260418,0,0,0,0,0,0,0,0,0,0,0,0
AI239,2026-04-17T14:33:41.704000,2026-04-17T17:47:41.704000,194.0,3.2333333333333334,0,14,1,9,20260417,0,0,0,0,0,0,0,0,0,0,0,0
AI240,2026-04-20T10:19:41.704000,2026-04-20T12:46:41.704000,147.0,2.45,0,10,1,29,20260420,0,0,0,0,0,0,0,0,0,0,0,0
AI241,2026-04-19T20:11:41.704000,2026-04-19T22:18:41.704000,127.0,2.1166666666666667,0,20,1,21,20260419,0,0,0,0,0,0,0,0,0,0,0,0
AI242,2026-04-20T16:41:41.704000,2026-04-20T17:43:41.704000,62.0,1.0333333333333334,0,16,0,2,20260420,0,0,0,0,0,1,0,0,0,0,0,0
AI243,2026-04-19T02:50:41.704000,2026-04-19T05:09:41.704000,139.0,2.316666666666667,0,2,0,1,20260419,0,0,0,1,0,0,0,0,0,0,0,0
AI244,2026-04-18T02:50:41.704000,2026-04-18T03:25:41.704000,35.0,0.5833333333333334,0,2,1,1,20260418,0,0,0,0,0,0,0,0,0,0,0,0
AI245,2026-04-20T23:07:41.704000,2026-04-21T01:43:41.704000,156.0,2.6,1,23,1,7,20260420,0,0,0,0,0,0,0,0,0,0,0,0
AI246,2026-04-20T03:22:41.704000,2026-04-20T06:41:41.704000,199.0,3.316666666666667,0,3,1,6,20260420,0,0,0,0,0,0,0,0,0,0,0,0
AI247,2026-04-18T15:58:41.704000,2026-04-18T19:02:41.704000,184.0,3.066666666666667,0,15,1,7,20260418,0,0,0,0,0,0,0,0,0,0,0,0
AI248,2026-04-19T15:17:41.704000,2026-04-19T16:35:41.704000,78.0,1.3,0,15,1,13,20260419,0,0,0,0,0,0,0,0,0,0,0,0
AI249,2026-04-19T03:38:41.704000,2026-04-19T06:27:41.704000,169.0,2.816666666666667,0,3,1,4,20260419,0,0,0,0,0,0,0,0,0,0,0,0
AI250,2026-04-18T20:48:41.704000,2026-04-19T00:12:41.704000,204.0,3.4,1,20,0,7,20260418,0,0,0,0,0,1,0,0,0,0,0,0
AI251,2026-04-18T22:40:41.704000,2026-04-18T23:24:41.704000,44.0,0.7333333333333333,0,22,1,29,20260418,0,0,0,0,0,0,0,0,0,0,0,0
AI252,2026-04-19T17:30:41.704000,2026-04-19T21:54:41.704000,264.0,4.4,0,17,0,24,20260419,0,0,0,1,0,0,0,0,0,0,0,0
AI253,2026-04-18T16:13:41.704000,2026-04-18T19:51:41.704000,218.0,3.6333333333333333,0,16,1,1,20260418,0,0,0,0,0,0,0,0,0,0,0,0
AI254,2026-04-19T04:46:41.704000,2026-04-19T08:06:41.704000,200.0,3.3333333333333335,0,4,1,14,20260419,0,0,0,0,0,0,0,0,0,0,0,0
AI255,2026-04-19T08:45:41.704000,2026-04-19T13:12:41.704000,267.0,4.45,0,8,1,28,20260419,0,0,0,0,0,0,0,0,0,0,0,0
SJ001,2026-04-20T20:28:41.700000,2026-04-21T01:15:41.700000,287.0,4.783333333333333,1,20,3,10,20260420,0,0,0,0,0,0,0,0,0,0,0,0
SJ002,2026-04-20T07:54:41.701000,2026-04-20T12:40:41.701000,286.0,4.766666666666667,0,7,3,17,20260420,0,0,0,0,0,0,0,0,0,0,0,0
SJ003,2026-04-20T19:50:41.701000,2026-04-20T20:32:41.701000,42.0,0.7,0,19,3,28,20260420,0,0,0,0,0,0,0,0,0,0,0,0
SJ004,2026-04-19T17:52:41.701000,2026-04-19T21:01:41.701000,189.0,3.15,0,17,3,29,20260419,0,0,0,0,0,0,0,0,0,0,0,0
SJ005,2026-04-17T16:03:41.701000,2026-04-17T17:24:41.701000,81.0,1.35,0,16,3,20,20260417,0,0,0,0,0,0,0,0,0,0,0,0
SJ006,2026-04-19T08:25:41.701000,2026-04-19T08:57:41.701000,32.0,0.5333333333333333,0,8,3,21,20260419,0,0,0,0,0,0,0,0,0,0,0,0
SJ007,2026-04-20T10:03:41.701000,2026-04-20T14:53:41.701000,290.0,4.833333333333333,0,10,3,7,20260420,0,0,0,0,0,0,0,0,0,0,0,0
SJ008,2026-04-18T10:53:41.701000,2026-04-18T15:48:41.701000,295.0,4.916666666666667,0,10,3,21,20260418,0,0,0,0,0,0,0,0,0,0,0,0
SJ009,2026-04-18T02:48:41.701000,2026-04-18T04:23:41.701000,95.0,1.5833333333333333,0,2,3,11,20260418,0,0,0,0,0,0,0,0,0,0,0,0
SJ010,2026-04-20T23:38:41.701000,2026-04-21T02:32:41.701000,174.0,2.9,1,23,3,15,20260420,0,0,0,0,0,0,0,0,0,0,0,0
SJ011,2026-04-19T05:14:41.701000,2026-04-19T09:59:41.701000,285.0,4.75,0,5,3,10,20260419,0,0,0,0,0,0,0,0,0,0,0,0
SJ012,2026-04-19T15:01:41.701000,2026-04-19T16:12:41.701000,71.0,1.1833333333333333,0,15,3,21,20260419,0,0,0,0,0,0,0,0,0,0,0,0
SJ013,2026-04-19T15:25:41.701000,2026-04-19T19:54:41.701000,269.0,4.483333333333333,0,15,3,20,20260419,0,0,0,0,0,0,0,0,0,0,0,0
SJ014,2026-04-19T05:40:41.701000,2026-04-19T06:39:41.701000,59.0,0.9833333333333333,0,5,3,9,20260419,0,0,0,0,0,0,0,0,0,0,0,0
SJ015,2026-04-19T21:40:41.701000,2026-04-19T22:52:41.701000,72.0,1.2,0,21,3,7,20260419,0,0,0,0,0,0,0,0,0,0,0,0
SJ016,2026-04-19T13:01:41.701000,2026-04-19T16:26:41.701000,205.0,3.4166666666666665,0,13,3,23,20260419,0,0,0,0,0,0,0,0,0,0,0,0
SJ017,2026-04-20T02:57:41.701000,2026-04-20T05:00:41.701000,123.0,2.05,0,2,3,20,20260420,0,0,0,0,0,0,0,0,0,0,0,0
SJ018,2026-04-20T10:58:41.701000,2026-04-20T13:31:41.701000,153.0,2.55,0,10,3,7,20260420,0,0,0,0,0,0,0,0,0,0,0,0
SJ019,2026-04-17T13:07:41.701000,2026-04-17T15:56:41.701000,169.0,2.816666666666667,0,13,3,3,20260417,0,0,0,0,0,0,0,0,0,0,0,0
SJ020,2026-04-19T22:18:41.701000,2026-04-20T02:27:41.701000,249.0,4.15,1,22,3,1,20260419,0,0,0,0,0,0,0,0,0,0,0,0
SJ021,2026-04-19T05:48:41.701000,2026-04-19T09:46:41.701000,238.0,3.966666666666667,0,5,3,21,20260419,0,0,0,0,0,0,0,0,0,0,0,0
SJ022,2026-04-20T07:56:41.701000,2026-04-20T11:07:41.701000,191.0,3.183333333333333,0,7,3,16,20260420,0,0,0,0,0,0,0,0,0,0,0,0
SJ023,2026-04-20T17:27:41.701000,2026-04-20T19:09:41.701000,102.0,1.7,0,17,3,25,20260420,0,0,0,0,0,0,0,0,0,0,0,0
SJ024,2026-04-18T16:29:41.701000,2026-04-18T20:21:41.701000,232.0,3.8666666666666667,0,16,3,20,20260418,0,0,0,0,0,0,0,0,0,0,0,0
SJ025,2026-04-20T12:02:41.701000,2026-04-20T15:29:41.701000,207.0,3.45,0,12,3,7,20260420,0,0,0,0,0,0,0,0,0,0,0,0
SJ026,2026-04-19T05:22:41.701000,2026-04-19T09:40:41.701000,258.0,4.3,0,5,3,15,20260419,0,0,0,0,0,0,0,0,0,0,0,0
SJ027,2026-04-19T12:50:41.701000,2026-04-19T17:13:41.701000,263.0,4.383333333333334,0,12,0,10,20260419,0,0,0,0,0,1,0,0,0,0,0,0
SJ028,2026-04-19T15:04:41.701000,2026-04-19T19:32:41.701000,268.0,4.466666666666667,0,15,3,12,20260419,0,0,0,0,0,0,0,0,0,0,0,0
SJ029,2026-04-19T22:55:41.701000,2026-04-20T00:22:41.701000,87.0,1.45,1,22,0,24,20260419,0,0,0,0,0,1,0,0,0,0,0,0
SJ030,2026-04-20T02:36:41.701000,2026-04-20T03:19:41.701000,43.0,0.7166666666666667,0,2,3,19,20260420,0,0,0,0,0,0,0,0,0,0,0,0
SJ031,2026-04-17T21:20:41.701000,2026-04-17T22:29:41.701000,69.0,1.15,0,21,3,17,20260417,0,0,0,0,0,0,0,0,0,0,0,0
SJ032,2026-04-19T02:11:41.701000,2026-04-19T04:33:41.701000,142.0,2.3666666666666667,0,2,3,27,20260419,0,0,0,0,0,0,0,0,0,0,0,0
SJ033,2026-04-17T17:26:41.701000,2026-04-17T18:51:41.701000,85.0,1.4166666666666667,0,17,3,24,20260417,0,0,0,0,0,0,0,0,0,0,0,0
SJ034,2026-04-20T15:20:41.701000,2026-04-20T20:11:41.701000,291.0,4.85,0,15,3,27,20260420,0,0,0,0,0,0,0,0,0,0,0,0
SJ035,2026-04-17T20:15:41.701000,2026-04-17T21:15:42,60.004983333333335,1.0000830555555555,0,20,3,13,20260417,0,0,0,0,0,0,0,0,0,0,0,0
SJ036,2026-04-19T20:24:41.701000,2026-04-19T23:54:41.701000,210.0,3.5,0,20,3,19,20260419,0,0,0,0,0,0,0,0,0,0,0,0
SJ037,2026-04-17T19:14:41.701000,2026-04-17T22:31:41.701000,197.0,3.283333333333333,0,19,3,1,20260417,0,0,0,0,0,0,0,0,0,0,0,0
SJ038,2026-04-19T14:57:41.701000,2026-04-19T17:46:41.701000,169.0,2.816666666666667,0,14,3,3,20260419,0,0,0,0,0,0,0,0,0,0,0,0
SJ039,2026-04-19T08:41:41.701000,2026-04-19T12:08:41.701000,207.0,3.45,0,8,3,27,20260419,0,0,0,0,0,0,0,0,0,0,0,0
SJ040,2026-04-19T13:12:41.701000,2026-04-19T16:44:41.701000,212.0,3.533333333333333,0,13,3,7,20260419,0,0,0,0,0,0,0,0,0,0,0,0
SJ041,2026-04-17T18:24:41.701000,2026-04-17T22:59:41.701000,275.0,4.583333333333333,0,18,3,14,20260417,0,0,0,0,0,0,0,0,0,0,0,0
SJ042,2026-04-18T22:38:41.701000,2026-04-19T02:20:41.701000,222.0,3.7,1,22,3,23,20260418,0,0,0,0,0,0,0,0,0,0,0,0
SJ043,2026-04-20T18:59:41.701000,2026-04-20T21:08:41.701000,129.0,2.15,0,18,0,29,20260420,0,0,0,0,0,1,0,0,0,0,0,0
SJ044,2026-04-20T15:06:41.701000,2026-04-20T17:43:41.701000,157.0,2.6166666666666667,0,15,3,18,20260420,0,0,0,0,0,0,0,0,0,0,0,0
SJ045,2026-04-19T04:16:41.701000,2026-04-19T09:03:41.701000,287.0,4.783333333333333,0,4,3,20,20260419,0,0,0,0,0,0,0,0,0,0,0,0
SJ046,2026-04-18T22:01:41.701000,2026-04-19T01:25:41.701000,204.0,3.4,1,22,3,10,20260418,0,0,0,0,0,0,0,0,0,0,0,0
SJ047,2026-04-20T20:44:41.701000,2026-04-20T21:21:41.701000,37.0,0.6166666666666667,0,20,3,22,20260420,0,0,0,0,0,0,0,0,0,0,0,0
SJ048,2026-04-19T22:43:41.701000,2026-04-20T00:19:41.701000,96.0,1.6,1,22,3,26,20260419,0,0,0,0,0,0,0,0,0,0,0,0
SJ049,2026-04-20T20:26:41.701000,2026-04-21T00:26:41.701000,240.0,4.0,1,20,3,13,20260420,0,0,0,0,0,0,0,0,0,0,0,0
SJ050,2026-04-19T11:24:41.701000,2026-04-19T12:03:41.701000,39.0,0.65,0,11,3,23,20260419,0,0,0,0,0,0,0,0,0,0,0,0
SJ051,2026-04-19T08:40:41.701000,2026-04-19T12:18:41.701000,218.0,3.6333333333333333,0,8,0,6,20260419,0,0,0,1,0,0,0,0,0,0,0,0
SJ052,2026-04-20T08:20:41.701000,2026-04-20T09:57:41.701000,97.0,1.6166666666666667,0,8,3,26,20260420,0,0,0,0,0,0,0,0,0,0,0,0
SJ053,2026-04-19T05:00:41.701000,2026-04-19T06:38:41.701000,98.0,1.6333333333333333,0,5,3,13,20260419,0,0,0,0,0,0,0,0,0,0,0,0
SJ054,2026-04-18T18:13:41.701000,2026-04-18T22:46:41.701000,273.0,4.55,0,18,3,26,20260418,0,0,0,0,0,0,0,0,0,0,0,0
SJ055,2026-04-17T14:17:41.701000,2026-04-17T17:56:41.701000,219.0,3.65,0,14,3,25,20260417,0,0,0,0,0,0,0,0,0,0,0,0
SJ056,2026-04-18T06:11:41.701000,2026-04-18T07:10:41.701000,59.0,0.9833333333333333,0,6,3,24,20260418,0,0,0,0,0,0,0,0,0,0,0,0
SJ057,2026-04-20T02:17:41.701000,2026-04-20T05:29:41.701000,192.0,3.2,0,2,3,7,20260420,0,0,0,0,0,0,0,0,0,0,0,0
SJ058,2026-04-18T08:58:41.701000,2026-04-18T13:14:41.701000,256.0,4.266666666666667,0,8,3,19,20260418,0,0,0,0,0,0,0,0,0,0,0,0
SJ059,2026-04-18T02:50:41.701000,2026-04-18T04:06:41.701000,76.0,1.2666666666666666,0,2,3,13,20260418,0,0,0,0,0,0,0,0,0,0,0,0
SJ060,2026-04-18T08:51:41.701000,2026-04-18T13:46:41.701000,295.0,4.916666666666667,0,8,3,23,20260418,0,0,0,0,0,0,0,0,0,0,0,0
SJ061,2026-04-20T06:38:41.701000,2026-04-20T09:35:41.701000,177.0,2.95,0,6,3,26,20260420,0,0,0,0,0,0,0,0,0,0,0,0
SJ062,2026-04-19T13:37:41.701000,2026-04-19T17:06:41.701000,209.0,3.4833333333333334,0,13,3,4,20260419,0,0,0,0,0,0,0,0,0,0,0,0
SJ063,2026-04-19T13:38:41.701000,2026-04-19T15:23:41.701000,105.0,1.75,0,13,3,27,20260419,0,0,0,0,0,0,0,0,0,0,0,0
SJ064,2026-04-19T06:29:41.701000,2026-04-19T08:43:41.701000,134.0,2.2333333333333334,0,6,3,13,20260419,0,0,0,0,0,0,0,0,0,0,0,0
SJ065,2026-04-18T04:10:41.701000,2026-04-18T06:54:41.701000,164.0,2.7333333333333334,0,4,3,26,20260418,0,0,0,0,0,0,0,0,0,0,0,0
SJ066,2026-04-18T17:47:41.701000,2026-04-18T19:03:41.701000,76.0,1.2666666666666666,0,17,3,23,20260418,0,0,0,0,0,0,0,0,0,0,0,0
SJ067,2026-04-19T07:17:41.701000,2026-04-19T08:16:41.701000,59.0,0.9833333333333333,0,7,3,26,20260419,0,0,0,0,0,0,0,0,0,0,0,0
SJ068,2026-04-20T16:44:41.701000,2026-04-20T18:48:41.701000,124.0,2.066666666666667,0,16,3,1,20260420,0,0,0,0,0,0,0,0,0,0,0,0
SJ069,2026-04-17T12:53:41.701000,2026-04-17T14:17:41.701000,84.0,1.4,0,12,3,21,20260417,0,0,0,0,0,0,0,0,0,0,0,0
SJ070,2026-04-19T18:55:41.701000,2026-04-19T20:48:41.701000,113.0,1.8833333333333333,0,18,3,28,20260419,0,0,0,0,0,0,0,0,0,0,0,0
SJ071,2026-04-18T17:43:41.701000,2026-04-18T19:32:41.701000,109.0,1.8166666666666667,0,17,3,15,20260418,0,0,0,0,0,0,0,0,0,0,0,0
SJ072,2026-04-19T01:18:41.701000,2026-04-19T04:08:41.701000,170.0,2.8333333333333335,0,1,3,19,20260419,0,0,0,0,0,0,0,0,0,0,0,0
SJ073,2026-04-19T09:26:41.701000,2026-04-19T11:14:41.701000,108.0,1.8,0,9,3,11,20260419,0,0,0,0,0,0,0,0,0,0,0,0
SJ074,2026-04-20T11:21:41.701000,2026-04-20T12:02:41.701000,41.0,0.6833333333333333,0,11,3,18,20260420,0,0,0,0,0,0,0,0,0,0,0,0
SJ075,2026-04-20T09:26:41.701000,2026-04-20T11:03:41.701000,97.0,1.6166666666666667,0,9,3,26,20260420,0,0,0,0,0,0,0,0,0,0,0,0
SJ076,2026-04-19T23:01:41.701000,2026-04-20T02:02:41.701000,181.0,3.0166666666666666,1,23,3,20,20260419,0,0,0,0,0,0,0,0,0,0,0,0
SJ077,2026-04-17T17:32:41.701000,2026-04-17T19:40:41.701000,128.0,2.1333333333333333,0,17,3,5,20260417,0,0,0,0,0,0,0,0,0,0,0,0
SJ078,2026-04-20T09:41:41.701000,2026-04-20T12:49:41.701000,188.0,3.1333333333333333,0,9,3,19,20260420,0,0,0,0,0,0,0,0,0,0,0,0
SJ079,2026-04-19T01:58:41.702000,2026-04-19T05:02:41.702000,184.0,3.066666666666667,0,1,3,24,20260419,0,0,0,0,0,0,0,0,0,0,0,0
SJ080,2026-04-17T16:04:41.702000,2026-04-17T17:59:41.702000,115.0,1.9166666666666667,0,16,3,15,20260417,0,0,0,0,0,0,0,0,0,0,0,0
SJ081,2026-04-20T17:04:41.702000,2026-04-20T18:53:41.702000,109.0,1.8166666666666667,0,17,3,6,20260420,0,0,0,0,0,0,0,0,0,0,0,0
SJ082,2026-04-19T01:54:41.702000,2026-04-19T02:33:41.702000,39.0,0.65,0,1,3,8,20260419,0,0,0,0,0,0,0,0,0,0,0,0
SJ083,2026-04-20T05:13:41.702000,2026-04-20T08:17:41.702000,184.0,3.066666666666667,0,5,3,26,20260420,0,0,0,0,0,0,0,0,0,0,0,0
SJ084,2026-04-19T18:31:41.702000,2026-04-19T19:30:41.702000,59.0,0.9833333333333333,0,18,3,25,20260419,0,0,0,0,0,0,0,0,0,0,0,0
SJ085,2026-04-20T14:41:41.702000,2026-04-20T19:11:41.702000,270.0,4.5,0,14,3,5,20260420,0,0,0,0,0,0,0,0,0,0,0,0
SJ086,2026-04-19T00:32:41.702000,2026-04-19T04:17:41.702000,225.0,3.75,0,0,3,13,20260419,0,0,0,0,0,0,0,0,0,0,0,0
SJ087,2026-04-18T14:20:41.702000,2026-04-18T19:09:41.702000,289.0,4.816666666666666,0,14,3,8,20260418,0,0,0,0,0,0,0,0,0,0,0,0
SJ088,2026-04-20T13:54:41.702000,2026-04-20T14:26:41.702000,32.0,0.5333333333333333,0,13,3,15,20260420,0,0,0,0,0,0,0,0,0,0,0,0
SJ089,2026-04-20T12:42:41.702000,2026-04-20T17:15:41.702000,273.0,4.55,0,12,3,23,20260420,0,0,0,0,0,0,0,0,0,0,0,0
SJ090,2026-04-18T10:24:41.702000,2026-04-18T13:11:41.702000,167.0,2.783333333333333,0,10,3,25,20260418,0,0,0,0,0,0,0,0,0,0,0,0
SJ091,2026-04-18T23:10:41.702000,2026-04-19T00:47:41.702000,97.0,1.6166666666666667,1,23,3,2,20260418,0,0,0,0,0,0,0,0,0,0,0,0
SJ092,2026-04-17T13:19:41.702000,2026-04-17T17:56:41.702000,277.0,4.616666666666666,0,13,3,5,20260417,0,0,0,0,0,0,0,0,0,0,0,0
SJ093,2026-04-20T21:55:41.702000,2026-04-20T23:01:41.702000,66.0,1.1,0,21,3,1,20260420,0,0,0,0,0,0,0,0,0,0,0,0
SJ094,2026-04-18T03:23:41.702000,2026-04-18T08:07:41.702000,284.0,4.733333333333333,0,3,3,30,20260418,0,0,0,0,0,0,0,0,0,0,0,0
SJ095,2026-04-17T20:09:41.702000,2026-04-17T23:13:41.702000,184.0,3.066666666666667,0,20,3,20,20260417,0,0,0,0,0,0,0,0,0,0,0,0
SJ096,2026-04-18T10:29:41.702000,2026-04-18T13:45:41.702000,196.0,3.2666666666666666,0,10,0,19,20260418,0,0,0,0,0,1,0,0,0,0,0,0
SJ097,2026-04-20T02:37:41.702000,2026-04-20T05:27:41.702000,170.0,2.8333333333333335,0,2,3,7,20260420,0,0,0,0,0,0,0,0,0,0,0,0
SJ098,2026-04-20T03:02:41.702000,2026-04-20T03:37:41.702000,35.0,0.5833333333333334,0,3,3,25,20260420,0,0,0,0,0,0,0,0,0,0,0,0
SJ099,2026-04-19T22:14:41.702000,2026-04-20T00:34:41.702000,140.0,2.3333333333333335,1,22,0,26,20260419,0,0,0,1,0,0,0,0,0,0,0,0
SJ100,2026-04-18T03:28:41.702000,2026-04-18T06:50:41.702000,202.0,3.3666666666666667,0,3,3,26,20260418,0,0,0,0,0,0,0,0,0,0,0,0
SJ101,2026-04-18T05:17:41.702000,2026-04-18T06:57:41.702000,100.0,1.6666666666666667,0,5,3,13,20260418,0,0,0,0,0,0,0,0,0,0,0,0
SJ102,2026-04-18T17:26:41.702000,2026-04-18T18:58:41.702000,92.0,1.5333333333333334,0,17,3,28,20260418,0,0,0,0,0,0,0,0,0,0,0,0
SJ103,2026-04-19T05:16:41.702000,2026-04-19T08:56:41.702000,220.0,3.6666666666666665,0,5,3,26,20260419,0,0,0,0,0,0,0,0,0,0,0,0
SJ104,2026-04-18T10:00:41.702000,2026-04-18T11:00:42,60.00496666666666,1.0000827777777777,0,10,3,24,20260418,0,0,0,0,0,0,0,0,0,0,0,0
SJ105,2026-04-18T19:22:41.702000,2026-04-18T22:48:41.702000,206.0,3.433333333333333,0,19,3,9,20260418,0,0,0,0,0,0,0,0,0,0,0,0
SJ106,2026-04-19T07:16:41.702000,2026-04-19T09:40:41.702000,144.0,2.4,0,7,3,13,20260419,0,0,0,0,0,0,0,0,0,0,0,0
SJ107,2026-04-19T14:10:41.702000,2026-04-19T18:38:41.702000,268.0,4.466666666666667,0,14,3,10,20260419,0,0,0,0,0,0,0,0,0,0,0,0
SJ108,2026-04-20T00:40:41.702000,2026-04-20T03:16:41.702000,156.0,2.6,0,0,3,4,20260420,0,0,0,0,0,0,0,0,0,0,0,0
SJ109,2026-04-19T17:24:41.702000,2026-04-19T20:28:41.702000,184.0,3.066666666666667,0,17,3,8,20260419,0,0,0,0,0,0,0,0,0,0,0,0
SJ110,2026-04-19T01:47:41.702000,2026-04-19T02:20:41.702000,33.0,0.55,0,1,3,13,20260419,0,0,0,0,0,0,0,0,0,0,0,0
SJ111,2026-04-18T11:47:41.702000,2026-04-18T12:59:41.702000,72.0,1.2,0,11,3,20,20260418,0,0,0,0,0,0,0,0,0,0,0,0
SJ112,2026-04-20T22:20:41.702000,2026-04-21T00:40:41.702000,140.0,2.3333333333333335,1,22,3,24,20260420,0,0,0,0,0,0,0,0,0,0,0,0
SJ113,2026-04-18T08:10:41.702000,2026-04-18T10:10:42,120.00496666666666,2.0000827777777777,0,8,3,1,20260418,0,0,0,0,0,0,0,0,0,0,0,0
SJ114,2026-04-19T22:42:41.702000,2026-04-20T02:02:41.702000,200.0,3.3333333333333335,1,22,3,24,20260419,0,0,0,0,0,0,0,0,0,0,0,0
SJ115,2026-04-17T21:05:41.702000,2026-04-17T23:10:41.702000,125.0,2.0833333333333335,0,21,3,9,20260417,0,0,0,0,0,0,0,0,0,0,0,0
SJ116,2026-04-20T17:33:41.702000,2026-04-20T19:02:41.702000,89.0,1.4833333333333334,0,17,3,23,20260420,0,0,0,0,0,0,0,0,0,0,0,0
SJ117,2026-04-20T13:10:41.702000,2026-04-20T17:06:41.702000,236.0,3.933333333333333,0,13,3,26,20260420,0,0,0,0,0,0,0,0,0,0,0,0
SJ118,2026-04-19T01:08:41.702000,2026-04-19T02:33:41.702000,85.0,1.4166666666666667,0,1,3,17,20260419,0,0,0,0,0,0,0,0,0,0,0,0
SJ119,2026-04-19T08:53:41.702000,2026-04-19T11:29:41.702000,156.0,2.6,0,8,3,7,20260419,0,0,0,0,0,0,0,0,0,0,0,0
SJ120,2026-04-17T21:19:41.702000,2026-04-18T00:56:41.702000,217.0,3.6166666666666667,1,21,3,26,20260417,0,0,0,0,0,0,0,0,0,0,0,0
SJ121,2026-04-19T05:32:41.702000,2026-04-19T06:47:41.702000,75.0,1.25,0,5,3,13,20260419,0,0,0,0,0,0,0,0,0,0,0,0
SJ122,2026-04-19T05:22:41.702000,2026-04-19T10:09:41.702000,287.0,4.783333333333333,0,5,3,12,20260419,0,0,0,0,0,0,0,0,0,0,0,0
SJ123,2026-04-18T03:57:41.702000,2026-04-18T05:25:41.702000,88.0,1.4666666666666666,0,3,3,7,20260418,0,0,0,0,0,0,0,0,0,0,0,0
SJ124,2026-04-17T21:05:41.702000,2026-04-18T01:12:41.702000,247.0,4.116666666666666,1,21,3,24,20260417,0,0,0,0,0,0,0,0,0,0,0,0
SJ125,2026-04-18T14:21:41.702000,2026-04-18T16:55:41.702000,154.0,2.566666666666667,0,14,3,16,20260418,0,0,0,0,0,0,0,0,0,0,0,0
SJ126,2026-04-18T13:47:41.702000,2026-04-18T16:31:41.702000,164.0,2.7333333333333334,0,13,3,16,20260418,0,0,0,0,0,0,0,0,0,0,0,0
SJ127,2026-04-20T01:21:41.702000,2026-04-20T03:58:41.702000,157.0,2.6166666666666667,0,1,3,8,20260420,0,0,0,0,0,0,0,0,0,0,0,0
SJ128,2026-04-18T07:39:41.702000,2026-04-18T10:42:41.702000,183.0,3.05,0,7,3,11,20260418,0,0,0,0,0,0,0,0,0,0,0,0
SJ129,2026-04-18T01:48:41.702000,2026-04-18T05:48:41.702000,240.0,4.0,0,1,3,12,20260418,0,0,0,0,0,0,0,0,0,0,0,0
SJ130,2026-04-19T16:53:41.702000,2026-04-19T20:53:41.702000,240.0,4.0,0,16,3,8,20260419,0,0,0,0,0,0,0,0,0,0,0,0
SJ131,2026-04-19T15:00:41.702000,2026-04-19T16:07:41.702000,67.0,1.1166666666666667,0,15,3,30,20260419,0,0,0,0,0,0,0,0,0,0,0,0
SJ132,2026-04-18T14:44:41.702000,2026-04-18T15:36:41.702000,52.0,0.8666666666666667,0,14,3,29,20260418,0,0,0,0,0,0,0,0,0,0,0,0
SJ133,2026-04-18T18:50:41.702000,2026-04-18T21:29:41.702000,159.0,2.65,0,18,3,7,20260418,0,0,0,0,0,0,0,0,0,0,0,0
SJ134,2026-04-19T19:58:41.702000,2026-04-20T00:15:41.702000,257.0,4.283333333333333,1,19,3,7,20260419,0,0,0,0,0,0,0,0,0,0,0,0
SJ135,2026-04-18T16:03:41.702000,2026-04-18T19:48:41.702000,225.0,3.75,0,16,3,28,20260418,0,0,0,0,0,0,0,0,0,0,0,0
SJ136,2026-04-19T05:45:41.702000,2026-04-19T08:04:41.702000,139.0,2.316666666666667,0,5,3,21,20260419,0,0,0,0,0,0,0,0,0,0,0,0
SJ137,2026-04-18T06:08:41.702000,2026-04-18T10:14:41.702000,246.0,4.1,0,6,3,13,20260418,0,0,0,0,0,0,0,0,0,0,0,0
SJ138,2026-04-20T05:55:41.702000,2026-04-20T06:43:41.702000,48.0,0.8,0,5,0,1,20260420,0,0,0,1,0,0,0,0,0,0,0,0
SJ139,2026-04-19T02:20:41.702000,2026-04-19T06:02:41.702000,222.0,3.7,0,2,3,16,20260419,0,0,0,0,0,0,0,0,0,0,0,0
SJ140,2026-04-18T10:42:41.702000,2026-04-18T14:30:41.702000,228.0,3.8,0,10,0,24,20260418,0,0,0,0,0,1,0,0,0,0,0,0
SJ141,2026-04-20T10:00:41.702000,2026-04-20T13:37:41.702000,217.0,3.6166666666666667,0,10,3,13,20260420,0,0,0,0,0,0,0,0,0,0,0,0
SJ142,2026-04-20T15:14:41.702000,2026-04-20T16:56:41.702000,102.0,1.7,0,15,3,12,20260420,0,0,0,0,0,0,0,0,0,0,0,0
SJ143,2026-04-19T02:55:41.702000,2026-04-19T03:52:41.702000,57.0,0.95,0,2,3,17,20260419,0,0,0,0,0,0,0,0,0,0,0,0
SJ144,2026-04-18T15:35:41.702000,2026-04-18T19:12:41.702000,217.0,3.6166666666666667,0,15,3,1,20260418,0,0,0,0,0,0,0,0,0,0,0,0
SJ145,2026-04-17T17:41:41.702000,2026-04-17T20:38:41.702000,177.0,2.95,0,17,3,4,20260417,0,0,0,0,0,0,0,0,0,0,0,0
SJ146,2026-04-19T22:37:41.702000,2026-04-20T00:33:41.702000,116.0,1.9333333333333333,1,22,3,21,20260419,0,0,0,0,0,0,0,0,0,0,0,0
SJ147,2026-04-19T04:30:41.702000,2026-04-19T08:52:41.702000,262.0,4.366666666666666,0,4,3,2,20260419,0,0,0,0,0,0,0,0,0,0,0,0
SJ148,2026-04-19T09:51:41.702000,2026-04-19T13:41:41.702000,230.0,3.8333333333333335,0,9,3,16,20260419,0,0,0,0,0,0,0,0,0,0,0,0
SJ149,2026-04-20T21:20:41.702000,2026-04-20T23:20:42,120.00496666666666,2.0000827777777777,0,21,3,25,20260420,0,0,0,0,0,0,0,0,0,0,0,0
SJ150,2026-04-20T15:33:41.702000,2026-04-20T19:03:41.702000,210.0,3.5,0,15,3,9,20260420,0,0,0,0,0,0,0,0,0,0,0,0
SJ151,2026-04-18T17:44:41.702000,2026-04-18T19:16:41.702000,92.0,1.5333333333333334,0,17,3,7,20260418,0,0,0,0,0,0,0,0,0,0,0,0
SJ152,2026-04-18T12:09:41.702000,2026-04-18T13:50:41.702000,101.0,1.6833333333333333,0,12,3,8,20260418,0,0,0,0,0,0,0,0,0,0,0,0
SJ153,2026-04-20T20:37:41.702000,2026-04-20T22:00:41.702000,83.0,1.3833333333333333,0,20,3,18,20260420,0,0,0,0,0,0,0,0,0,0,0,0
SJ154,2026-04-20T14:47:41.702000,2026-04-20T16:26:41.702000,99.0,1.65,0,14,3,4,20260420,0,0,0,0,0,0,0,0,0,0,0,0
SJ155,2026-04-20T00:38:41.702000,2026-04-20T05:38:41.702000,300.0,5.0,0,0,3,18,20260420,0,0,0,0,0,0,0,0,0,0,0,0
SJ156,2026-04-18T06:59:41.703000,2026-04-18T07:34:41.703000,35.0,0.5833333333333334,0,6,3,8,20260418,0,0,0,0,0,0,0,0,0,0,0,0
SJ157,2026-04-17T22:11:41.703000,2026-04-18T01:05:41.703000,174.0,2.9,1,22,3,19,20260417,0,0,0,0,0,0,0,0,0,0,0,0
SJ158,2026-04-20T23:05:41.703000,2026-04-21T01:24:41.703000,139.0,2.316666666666667,1,23,3,19,20260420,0,0,0,0,0,0,0,0,0,0,0,0
SJ159,2026-04-18T12:22:41.703000,2026-04-18T14:05:41.703000,103.0,1.7166666666666666,0,12,3,13,20260418,0,0,0,0,0,0,0,0,0,0,0,0
SJ160,2026-04-20T19:45:41.703000,2026-04-20T20:30:41.703000,45.0,0.75,0,19,3,26,20260420,0,0,0,0,0,0,0,0,0,0,0,0
SJ161,2026-04-19T16:22:41.703000,2026-04-19T17:04:41.703000,42.0,0.7,0,16,3,26,20260419,0,0,0,0,0,0,0,0,0,0,0,0
SJ162,2026-04-19T20:11:41.703000,2026-04-19T22:30:41.703000,139.0,2.316666666666667,0,20,3,19,20260419,0,0,0,0,0,0,0,0,0,0,0,0
SJ163,2026-04-19T18:32:41.703000,2026-04-19T23:08:41.703000,276.0,4.6,0,18,3,19,20260419,0,0,0,0,0,0,0,0,0,0,0,0
SJ164,2026-04-18T13:14:41.703000,2026-04-18T15:14:42,120.00495,2.0000825,0,13,3,15,20260418,0,0,0,0,0,0,0,0,0,0,0,0
SJ165,2026-04-18T20:08:41.703000,2026-04-18T23:18:41.703000,190.0,3.1666666666666665,0,20,3,12,20260418,0,0,0,0,0,0,0,0,0,0,0,0
SJ166,2026-04-19T12:51:41.703000,2026-04-19T16:18:41.703000,207.0,3.45,0,12,3,14,20260419,0,0,0,0,0,0,0,0,0,0,0,0
SJ167,2026-04-20T13:18:41.703000,2026-04-20T14:12:41.703000,54.0,0.9,0,13,3,28,20260420,0,0,0,0,0,0,0,0,0,0,0,0
SJ168,2026-04-19T08:17:41.703000,2026-04-19T12:29:41.703000,252.0,4.2,0,8,3,12,20260419,0,0,0,0,0,0,0,0,0,0,0,0
SJ169,2026-04-20T03:10:41.703000,2026-04-20T07:56:41.703000,286.0,4.766666666666667,0,3,3,10,20260420,0,0,0,0,0,0,0,0,0,0,0,0
SJ170,2026-04-19T10:11:41.703000,2026-04-19T11:56:41.703000,105.0,1.75,0,10,3,1,20260419,0,0,0,0,0,0,0,0,0,0,0,0
SJ171,2026-04-18T20:52:41.703000,2026-04-18T23:52:41.703000,180.0,3.0,0,20,3,19,20260418,0,0,0,0,0,0,0,0,0,0,0,0
SJ172,2026-04-20T21:58:41.703000,2026-04-21T01:14:41.703000,196.0,3.2666666666666666,1,21,3,13,20260420,0,0,0,0,0,0,0,0,0,0,0,0
SJ173,2026-04-19T14:27:41.703000,2026-04-19T16:09:41.703000,102.0,1.7,0,14,3,14,20260419,0,0,0,0,0,0,0,0,0,0,0,0
SJ174,2026-04-19T04:09:41.703000,2026-04-19T05:04:41.703000,55.0,0.9166666666666666,0,4,3,13,20260419,0,0,0,0,0,0,0,0,0,0,0,0
SJ175,2026-04-19T12:46:41.703000,2026-04-19T16:50:41.703000,244.0,4.066666666666666,0,12,3,26,20260419,0,0,0,0,0,0,0,0,0,0,0,0
SJ176,2026-04-18T04:15:41.703000,2026-04-18T06:17:41.703000,122.0,2.033333333333333,0,4,3,17,20260418,0,0,0,0,0,0,0,0,0,0,0,0
SJ177,2026-04-17T13:04:41.703000,2026-04-17T17:37:41.703000,273.0,4.55,0,13,3,7,20260417,0,0,0,0,0,0,0,0,0,0,0,0
SJ178,2026-04-19T09:58:41.703000,2026-04-19T12:27:41.703000,149.0,2.4833333333333334,0,9,3,9,20260419,0,0,0,0,0,0,0,0,0,0,0,0
SJ179,2026-04-20T20:09:41.703000,2026-04-20T23:39:41.703000,210.0,3.5,0,20,3,19,20260420,0,0,0,0,0,0,0,0,0,0,0,0
SJ180,2026-04-17T17:12:41.703000,2026-04-17T22:00:41.703000,288.0,4.8,0,17,3,23,20260417,0,0,0,0,0,0,0,0,0,0,0,0
SJ181,2026-04-19T00:20:41.703000,2026-04-19T01:49:41.703000,89.0,1.4833333333333334,0,0,3,6,20260419,0,0,0,0,0,0,0,0,0,0,0,0
SJ182,2026-04-19T16:48:41.703000,2026-04-19T17:36:41.703000,48.0,0.8,0,16,3,12,20260419,0,0,0,0,0,0,0,0,0,0,0,0
SJ183,2026-04-18T17:44:41.703000,2026-04-18T19:40:41.703000,116.0,1.9333333333333333,0,17,3,13,20260418,0,0,0,0,0,0,0,0,0,0,0,0
SJ184,2026-04-17T16:32:41.703000,2026-04-17T21:00:41.703000,268.0,4.466666666666667,0,16,3,13,20260417,0,0,0,0,0,0,0,0,0,0,0,0
SJ185,2026-04-20T14:21:41.703000,2026-04-20T15:21:41.703000,60.0,1.0,0,14,3,7,20260420,0,0,0,0,0,0,0,0,0,0,0,0
SJ186,2026-04-20T05:11:41.703000,2026-04-20T07:22:41.703000,131.0,2.183333333333333,0,5,3,13,20260420,0,0,0,0,0,0,0,0,0,0,0,0
SJ187,2026-04-19T14:07:41.703000,2026-04-19T17:30:41.703000,203.0,3.3833333333333333,0,14,3,26,20260419,0,0,0,0,0,0,0,0,0,0,0,0
SJ188,2026-04-18T22:15:41.703000,2026-04-18T22:55:41.703000,40.0,0.6666666666666666,0,22,3,1,20260418,0,0,0,0,0,0,0,0,0,0,0,0
SJ189,2026-04-18T17:05:41.703000,2026-04-18T22:01:41.703000,296.0,4.933333333333334,0,17,3,21,20260418,0,0,0,0,0,0,0,0,0,0,0,0
SJ190,2026-04-18T04:57:41.703000,2026-04-18T09:25:41.703000,268.0,4.466666666666667,0,4,3,7,20260418,0,0,0,0,0,0,0,0,0,0,0,0
SJ191,2026-04-20T03:01:41.703000,2026-04-20T04:23:41.703000,82.0,1.3666666666666667,0,3,3,1,20260420,0,0,0,0,0,0,0,0,0,0,0,0
SJ193,2026-04-19T09:37:41.703000,2026-04-19T12:16:41.703000,159.0,2.65,0,9,3,13,20260419,0,0,0,0,0,0,0,0,0,0,0,0
SJ194,2026-04-19T22:46:41.703000,2026-04-20T02:31:41.703000,225.0,3.75,1,22,3,13,20260419,0,0,0,0,0,0,0,0,0,0,0,0
SJ195,2026-04-18T20:41:41.703000,2026-04-18T23:54:41.703000,193.0,3.216666666666667,0,20,3,7,20260418,0,0,0,0,0,0,0,0,0,0,0,0
SJ196,2026-04-20T14:58:41.703000,2026-04-20T17:44:41.703000,166.0,2.7666666666666666,0,14,3,19,20260420,0,0,0,0,0,0,0,0,0,0,0,0
SJ197,2026-04-17T14:49:41.703000,2026-04-17T17:33:41.703000,164.0,2.7333333333333334,0,14,3,21,20260417,0,0,0,0,0,0,0,0,0,0,0,0
SJ198,2026-04-20T00:47:41.703000,2026-04-20T05:28:41.703000,281.0,4.683333333333334,0,0,3,12,20260420,0,0,0,0,0,0,0,0,0,0,0,0
SJ199,2026-04-19T11:29:41.703000,2026-04-19T13:59:41.703000,150.0,2.5,0,11,3,22,20260419,0,0,0,0,0,0,0,0,0,0,0,0
SJ200,2026-04-18T23:24:41.703000,2026-04-19T02:11:41.703000,167.0,2.783333333333333,1,23,3,8,20260418,0,0,0,0,0,0,0,0,0,0,0,0
SJ201,2026-04-19T09:10:41.703000,2026-04-19T11:12:41.703000,122.0,2.033333333333333,0,9,3,3,20260419,0,0,0,0,0,0,0,0,0,0,0,0
SJ202,2026-04-20T17:21:41.703000,2026-04-20T19:08:41.703000,107.0,1.7833333333333334,0,17,3,14,20260420,0,0,0,0,0,0,0,0,0,0,0,0
SJ203,2026-04-19T16:22:41.703000,2026-04-19T18:27:41.703000,125.0,2.0833333333333335,0,16,0,19,20260419,0,0,0,1,0,0,0,0,0,0,0,0
SJ204,2026-04-19T16:34:41.703000,2026-04-19T18:15:41.703000,101.0,1.6833333333333333,0,16,3,13,20260419,0,0,0,0,0,0,0,0,0,0,0,0
SJ205,2026-04-20T21:56:41.703000,2026-04-20T23:00:41.703000,64.0,1.0666666666666667,0,21,3,23,20260420,0,0,0,0,0,0,0,0,0,0,0,0
SJ206,2026-04-19T20:43:41.703000,2026-04-20T01:21:41.703000,278.0,4.633333333333334,1,20,3,18,20260419,0,0,0,0,0,0,0,0,0,0,0,0
SJ207,2026-04-20T00:52:41.703000,2026-04-20T04:05:41.703000,193.0,3.216666666666667,0,0,3,18,20260420,0,0,0,0,0,0,0,0,0,0,0,0
SJ208,2026-04-19T18:32:41.703000,2026-04-19T19:33:41.703000,61.0,1.0166666666666666,0,18,3,19,20260419,0,0,0,0,0,0,0,0,0,0,0,0
SJ209,2026-04-18T22:22:41.703000,2026-04-19T02:03:41.703000,221.0,3.683333333333333,1,22,3,1,20260418,0,0,0,0,0,0,0,0,0,0,0,0
SJ210,2026-04-18T23:21:41.703000,2026-04-19T02:54:41.703000,213.0,3.55,1,23,3,23,20260418,0,0,0,0,0,0,0,0,0,0,0,0
SJ211,2026-04-18T16:22:41.703000,2026-04-18T18:34:41.703000,132.0,2.2,0,16,3,27,20260418,0,0,0,0,0,0,0,0,0,0,0,0
SJ212,2026-04-17T19:49:41.703000,2026-04-17T21:44:41.703000,115.0,1.9166666666666667,0,19,0,26,20260417,0,0,0,0,0,1,0,0,0,0,0,0
SJ213,2026-04-19T01:19:41.703000,2026-04-19T04:48:41.703000,209.0,3.4833333333333334,0,1,3,7,20260419,0,0,0,0,0,0,0,0,0,0,0,0
SJ214,2026-04-20T20:54:41.703000,2026-04-20T22:10:41.703000,76.0,1.2666666666666666,0,20,3,10,20260420,0,0,0,0,0,0,0,0,0,0,0,0
SJ215,2026-04-19T14:37:41.703000,2026-04-19T16:12:41.703000,95.0,1.5833333333333333,0,14,3,13,20260419,0,0,0,0,0,0,0,0,0,0,0,0
SJ216,2026-04-18T18:35:41.703000,2026-04-18T21:31:41.703000,176.0,2.933333333333333,0,18,3,7,20260418,0,0,0,0,0,0,0,0,0,0,0,0
SJ217,2026-04-19T02:57:41.703000,2026-04-19T06:04:41.703000,187.0,3.1166666666666667,0,2,3,7,20260419,0,0,0,0,0,0,0,0,0,0,0,0
SJ218,2026-04-20T11:58:41.703000,2026-04-20T15:03:41.703000,185.0,3.0833333333333335,0,11,3,19,20260420,0,0,0,0,0,0,0,0,0,0,0,0
SJ219,2026-04-18T09:32:41.703000,2026-04-18T14:09:41.703000,277.0,4.616666666666666,0,9,3,8,20260418,0,0,0,0,0,0,0,0,0,0,0,0
SJ220,2026-04-18T13:45:41.703000,2026-04-18T15:21:41.703000,96.0,1.6,0,13,3,7,20260418,0,0,0,0,0,0,0,0,0,0,0,0
SJ221,2026-04-19T18:31:41.703000,2026-04-19T23:17:41.703000,286.0,4.766666666666667,0,18,3,30,20260419,0,0,0,0,0,0,0,0,0,0,0,0
SJ222,2026-04-20T14:15:41.703000,2026-04-20T17:09:41.703000,174.0,2.9,0,14,3,8,20260420,0,0,0,0,0,0,0,0,0,0,0,0
SJ223,2026-04-17T23:54:41.703000,2026-04-18T01:08:41.703000,74.0,1.2333333333333334,1,23,3,25,20260417,0,0,0,0,0,0,0,0,0,0,0,0
SJ224,2026-04-18T12:41:41.703000,2026-04-18T15:33:41.703000,172.0,2.8666666666666667,0,12,3,20,20260418,0,0,0,0,0,0,0,0,0,0,0,0
SJ225,2026-04-18T18:16:41.704000,2026-04-18T20:53:41.704000,157.0,2.6166666666666667,0,18,0,19,20260418,0,0,0,1,0,0,0,0,0,0,0,0
SJ226,2026-04-20T08:47:41.704000,2026-04-20T12:54:41.704000,247.0,4.116666666666666,0,8,3,22,20260420,0,0,0,0,0,0,0,0,0,0,0,0
SJ227,2026-04-20T08:32:41.704000,2026-04-20T12:53:41.704000,261.0,4.35,0,8,3,7,20260420,0,0,0,0,0,0,0,0,0,0,0,0
SJ228,2026-04-20T08:29:41.704000,2026-04-20T12:16:41.704000,227.0,3.783333333333333,0,8,3,7,20260420,0,0,0,0,0,0,0,0,0,0,0,0
SJ229,2026-04-17T22:25:41.704000,2026-04-18T00:27:41.704000,122.0,2.033333333333333,1,22,3,13,20260417,0,0,0,0,0,0,0,0,0,0,0,0
SJ230,2026-04-18T06:22:41.704000,2026-04-18T10:57:41.704000,275.0,4.583333333333333,0,6,3,7,20260418,0,0,0,0,0,0,0,0,0,0,0,0
SJ231,2026-04-18T04:23:41.704000,2026-04-18T05:48:41.704000,85.0,1.4166666666666667,0,4,3,16,20260418,0,0,0,0,0,0,0,0,0,0,0,0
SJ232,2026-04-17T15:02:41.704000,2026-04-17T19:22:41.704000,260.0,4.333333333333333,0,15,3,26,20260417,0,0,0,0,0,0,0,0,0,0,0,0
SJ233,2026-04-18T01:18:41.704000,2026-04-18T02:56:41.704000,98.0,1.6333333333333333,0,1,3,19,20260418,0,0,0,0,0,0,0,0,0,0,0,0
SJ234,2026-04-19T04:20:41.704000,2026-04-19T06:23:41.704000,123.0,2.05,0,4,3,2,20260419,0,0,0,0,0,0,0,0,0,0,0,0
SJ235,2026-04-20T09:57:41.704000,2026-04-20T13:45:41.704000,228.0,3.8,0,9,3,8,20260420,0,0,0,0,0,0,0,0,0,0,0,0
SJ236,2026-04-20T18:03:41.704000,2026-04-20T22:02:41.704000,239.0,3.9833333333333334,0,18,3,27,20260420,0,0,0,0,0,0,0,0,0,0,0,0
SJ237,2026-04-20T16:32:41.704000,2026-04-20T19:00:41.704000,148.0,2.466666666666667,0,16,3,7,20260420,0,0,0,0,0,0,0,0,0,0,0,0
SJ238,2026-04-19T11:41:41.704000,2026-04-19T15:39:41.704000,238.0,3.966666666666667,0,11,3,26,20260419,0,0,0,0,0,0,0,0,0,0,0,0
SJ239,2026-04-20T22:24:41.704000,2026-04-21T00:10:41.704000,106.0,1.7666666666666666,1,22,3,7,20260420,0,0,0,0,0,0,0,0,0,0,0,0
SJ240,2026-04-17T16:42:41.704000,2026-04-17T20:21:41.704000,219.0,3.65,0,16,3,9,20260417,0,0,0,0,0,0,0,0,0,0,0,0
SJ241,2026-04-19T03:57:41.704000,2026-04-19T06:36:41.704000,159.0,2.65,0,3,3,19,20260419,0,0,0,0,0,0,0,0,0,0,0,0
SJ242,2026-04-18T14:55:41.704000,2026-04-18T17:42:41.704000,167.0,2.783333333333333,0,14,3,4,20260418,0,0,0,0,0,0,0,0,0,0,0,0
SJ243,2026-04-19T18:17:41.704000,2026-04-19T23:03:41.704000,286.0,4.766666666666667,0,18,3,3,20260419,0,0,0,0,0,0,0,0,0,0,0,0
SJ244,2026-04-17T13:51:41.704000,2026-04-17T15:39:41.704000,108.0,1.8,0,13,3,3,20260417,0,0,0,0,0,0,0,0,0,0,0,0
SJ245,2026-04-19T06:07:41.704000,2026-04-19T09:39:41.704000,212.0,3.533333333333333,0,6,3,8,20260419,0,0,0,0,0,0,0,0,0,0,0,0
SJ246,2026-04-19T02:47:41.704000,2026-04-19T03:47:42,60.004933333333334,1.0000822222222223,0,2,3,8,20260419,0,0,0,0,0,0,0,0,0,0,0,0
SJ247,2026-04-18T23:38:41.704000,2026-04-19T03:43:41.704000,245.0,4.083333333333333,1,23,3,17,20260418,0,0,0,0,0,0,0,0,0,0,0,0
UK001,2026-04-20T05:06:41.700000,2026-04-20T06:31:41.700000,85.0,1.4166666666666667,0,5,4,13,20260420,0,0,0,0,0,0,0,0,0,0,0,0
UK002,2026-04-17T14:28:41.700000,2026-04-17T19:20:41.700000,292.0,4.866666666666666,0,14,4,15,20260417,0,0,0,0,0,0,0,0,0,0,0,0
UK003,2026-04-20T21:41:41.700000,2026-04-21T02:19:41.700000,278.0,4.633333333333334,1,21,0,24,20260420,0,0,0,0,0,1,0,0,0,0,0,0
UK004,2026-04-20T17:56:41.700000,2026-04-20T18:30:41.700000,34.0,0.5666666666666667,0,17,4,7,20260420,0,0,0,0,0,0,0,0,0,0,0,0
UK005,2026-04-17T14:02:41.701000,2026-04-17T18:14:41.701000,252.0,4.2,0,14,4,10,20260417,0,0,0,0,0,0,0,0,0,0,0,0
UK006,2026-04-18T20:16:41.701000,2026-04-18T21:55:41.701000,99.0,1.65,0,20,4,28,20260418,0,0,0,0,0,0,0,0,0,0,0,0
UK007,2026-04-19T18:50:41.701000,2026-04-19T21:04:41.701000,134.0,2.2333333333333334,0,18,4,19,20260419,0,0,0,0,0,0,0,0,0,0,0,0
UK008,2026-04-20T03:57:41.701000,2026-04-20T04:34:41.701000,37.0,0.6166666666666667,0,3,4,11,20260420,0,0,0,0,0,0,0,0,0,0,0,0
UK009,2026-04-18T11:34:41.701000,2026-04-18T13:41:41.701000,127.0,2.1166666666666667,0,11,4,8,20260418,0,0,0,0,0,0,0,0,0,0,0,0
UK010,2026-04-20T17:53:41.701000,2026-04-20T20:40:41.701000,167.0,2.783333333333333,0,17,4,30,20260420,0,0,0,0,0,0,0,0,0,0,0,0
UK011,2026-04-18T04:41:41.701000,2026-04-18T06:25:41.701000,104.0,1.7333333333333334,0,4,4,13,20260418,0,0,0,0,0,0,0,0,0,0,0,0
UK012,2026-04-18T22:16:41.701000,2026-04-19T00:25:41.701000,129.0,2.15,1,22,4,27,20260418,0,0,0,0,0,0,0,0,0,0,0,0
UK013,2026-04-18T23:52:41.701000,2026-04-19T02:52:41.701000,180.0,3.0,1,23,4,10,20260418,0,0,0,0,0,0,0,0,0,0,0,0
UK014,2026-04-17T20:41:41.701000,2026-04-17T22:06:41.701000,85.0,1.4166666666666667,0,20,4,25,20260417,0,0,0,0,0,0,0,0,0,0,0,0
UK015,2026-04-20T04:46:41.701000,2026-04-20T06:33:41.701000,107.0,1.7833333333333334,0,4,4,1,20260420,0,0,0,0,0,0,0,0,0,0,0,0
UK016,2026-04-18T10:42:41.701000,2026-04-18T11:22:41.701000,40.0,0.6666666666666666,0,10,4,18,20260418,0,0,0,0,0,0,0,0,0,0,0,0
UK017,2026-04-20T13:14:41.701000,2026-04-20T14:49:41.701000,95.0,1.5833333333333333,0,13,4,4,20260420,0,0,0,0,0,0,0,0,0,0,0,0
UK018,2026-04-18T02:15:41.701000,2026-04-18T04:08:41.701000,113.0,1.8833333333333333,0,2,4,7,20260418,0,0,0,0,0,0,0,0,0,0,0,0
UK019,2026-04-18T03:41:41.701000,2026-04-18T04:35:41.701000,54.0,0.9,0,3,4,9,20260418,0,0,0,0,0,0,0,0,0,0,0,0
UK020,2026-04-19T21:23:41.701000,2026-04-19T22:38:41.701000,75.0,1.25,0,21,4,26,20260419,0,0,0,0,0,0,0,0,0,0,0,0
UK021,2026-04-20T22:00:41.701000,2026-04-20T23:50:41.701000,110.0,1.8333333333333333,0,22,4,25,20260420,0,0,0,0,0,0,0,0,0,0,0,0
UK022,2026-04-19T06:22:41.701000,2026-04-19T10:59:41.701000,277.0,4.616666666666666,0,6,4,19,20260419,0,0,0,0,0,0,0,0,0,0,0,0
UK023,2026-04-19T14:15:41.701000,2026-04-19T19:03:41.701000,288.0,4.8,0,14,4,20,20260419,0,0,0,0,0,0,0,0,0,0,0,0
UK024,2026-04-19T08:29:41.701000,2026-04-19T13:29:41.701000,300.0,5.0,0,8,4,26,20260419,0,0,0,0,0,0,0,0,0,0,0,0
UK025,2026-04-17T22:55:41.701000,2026-04-18T02:47:41.701000,232.0,3.8666666666666667,1,22,4,17,20260417,0,0,0,0,0,0,0,0,0,0,0,0
UK026,2026-04-20T21:38:41.701000,2026-04-20T23:44:41.701000,126.0,2.1,0,21,4,25,20260420,0,0,0,0,0,0,0,0,0,0,0,0
UK027,2026-04-20T22:44:41.701000,2026-04-21T01:05:41.701000,141.0,2.35,1,22,4,7,20260420,0,0,0,0,0,0,0,0,0,0,0,0
UK028,2026-04-19T09:02:41.701000,2026-04-19T10:37:41.701000,95.0,1.5833333333333333,0,9,4,25,20260419,0,0,0,0,0,0,0,0,0,0,0,0
UK029,2026-04-18T23:26:41.701000,2026-04-19T02:15:41.701000,169.0,2.816666666666667,1,23,4,17,20260418,0,0,0,0,0,0,0,0,0,0,0,0
UK030,2026-04-17T15:11:41.701000,2026-04-17T19:38:41.701000,267.0,4.45,0,15,4,13,20260417,0,0,0,0,0,0,0,0,0,0,0,0
UK031,2026-04-19T03:45:41.701000,2026-04-19T07:20:41.701000,215.0,3.5833333333333335,0,3,4,13,20260419,0,0,0,0,0,0,0,0,0,0,0,0
UK032,2026-04-18T03:31:41.701000,2026-04-18T07:28:41.701000,237.0,3.95,0,3,4,1,20260418,0,0,0,0,0,0,0,0,0,0,0,0
UK033,2026-04-18T04:34:41.701000,2026-04-18T09:18:41.701000,284.0,4.733333333333333,0,4,4,24,20260418,0,0,0,0,0,0,0,0,0,0,0,0
UK034,2026-04-20T06:47:41.701000,2026-04-20T10:11:41.701000,204.0,3.4,0,6,4,16,20260420,0,0,0,0,0,0,0,0,0,0,0,0
UK035,2026-04-18T21:08:41.701000,2026-04-18T22:24:41.701000,76.0,1.2666666666666666,0,21,4,22,20260418,0,0,0,0,0,0,0,0,0,0,0,0
UK036,2026-04-20T19:48:41.701000,2026-04-21T00:12:41.701000,264.0,4.4,1,19,4,11,20260420,0,0,0,0,0,0,0,0,0,0,0,0
UK037,2026-04-19T01:10:41.701000,2026-04-19T05:12:41.701000,242.0,4.033333333333333,0,1,4,1,20260419,0,0,0,0,0,0,0,0,0,0,0,0
UK038,2026-04-18T12:22:41.701000,2026-04-18T15:31:41.701000,189.0,3.15,0,12,4,28,20260418,0,0,0,0,0,0,0,0,0,0,0,0
UK039,2026-04-18T01:40:41.701000,2026-04-18T02:53:41.701000,73.0,1.2166666666666666,0,1,4,22,20260418,0,0,0,0,0,0,0,0,0,0,0,0
UK040,2026-04-20T09:15:41.701000,2026-04-20T10:32:41.701000,77.0,1.2833333333333334,0,9,4,23,20260420,0,0,0,0,0,0,0,0,0,0,0,0
UK041,2026-04-19T22:37:41.701000,2026-04-19T23:44:41.701000,67.0,1.1166666666666667,0,22,4,25,20260419,0,0,0,0,0,0,0,0,0,0,0,0
UK042,2026-04-18T20:59:41.701000,2026-04-19T01:38:41.701000,279.0,4.65,1,20,4,27,20260418,0,0,0,0,0,0,0,0,0,0,0,0
UK043,2026-04-18T00:48:41.701000,2026-04-18T04:52:41.701000,244.0,4.066666666666666,0,0,0,19,20260418,0,0,0,1,0,0,0,0,0,0,0,0
UK044,2026-04-19T20:31:41.701000,2026-04-19T23:29:41.701000,178.0,2.966666666666667,0,20,4,1,20260419,0,0,0,0,0,0,0,0,0,0,0,0
UK045,2026-04-18T07:43:41.701000,2026-04-18T09:28:41.701000,105.0,1.75,0,7,4,30,20260418,0,0,0,0,0,0,0,0,0,0,0,0
UK046,2026-04-19T03:37:41.701000,2026-04-19T06:05:41.701000,148.0,2.466666666666667,0,3,4,13,20260419,0,0,0,0,0,0,0,0,0,0,0,0
UK047,2026-04-19T18:40:41.701000,2026-04-19T22:45:41.701000,245.0,4.083333333333333,0,18,4,4,20260419,0,0,0,0,0,0,0,0,0,0,0,0
UK048,2026-04-19T13:36:41.701000,2026-04-19T18:21:41.701000,285.0,4.75,0,13,4,29,20260419,0,0,0,0,0,0,0,0,0,0,0,0
UK049,2026-04-17T19:47:41.701000,2026-04-17T20:32:41.701000,45.0,0.75,0,19,4,22,20260417,0,0,0,0,0,0,0,0,0,0,0,0
UK050,2026-04-18T12:39:41.701000,2026-04-18T13:18:41.701000,39.0,0.65,0,12,4,8,20260418,0,0,0,0,0,0,0,0,0,0,0,0
UK051,2026-04-20T03:55:41.701000,2026-04-20T06:55:41.701000,180.0,3.0,0,3,4,24,20260420,0,0,0,0,0,0,0,0,0,0,0,0
UK052,2026-04-17T20:48:41.701000,2026-04-17T21:40:41.701000,52.0,0.8666666666666667,0,20,4,2,20260417,0,0,0,0,0,0,0,0,0,0,0,0
UK053,2026-04-17T23:56:41.701000,2026-04-18T02:46:41.701000,170.0,2.8333333333333335,1,23,4,1,20260417,0,0,0,0,0,0,0,0,0,0,0,0
UK054,2026-04-18T00:37:41.701000,2026-04-18T05:30:41.701000,293.0,4.883333333333334,0,0,4,1,20260418,0,0,0,0,0,0,0,0,0,0,0,0
UK055,2026-04-20T16:48:41.701000,2026-04-20T19:31:41.701000,163.0,2.716666666666667,0,16,4,24,20260420,0,0,0,0,0,0,0,0,0,0,0,0
UK056,2026-04-19T09:29:41.701000,2026-04-19T10:15:41.701000,46.0,0.7666666666666667,0,9,4,25,20260419,0,0,0,0,0,0,0,0,0,0,0,0
UK057,2026-04-18T15:25:41.701000,2026-04-18T20:04:41.701000,279.0,4.65,0,15,4,13,20260418,0,0,0,0,0,0,0,0,0,0,0,0
UK058,2026-04-19T13:46:41.701000,2026-04-19T17:04:41.701000,198.0,3.3,0,13,4,27,20260419,0,0,0,0,0,0,0,0,0,0,0,0
UK059,2026-04-20T20:33:41.701000,2026-04-20T22:10:41.701000,97.0,1.6166666666666667,0,20,4,25,20260420,0,0,0,0,0,0,0,0,0,0,0,0
UK060,2026-04-18T16:09:41.701000,2026-04-18T19:42:41.701000,213.0,3.55,0,16,4,2,20260418,0,0,0,0,0,0,0,0,0,0,0,0
UK061,2026-04-19T17:58:41.701000,2026-04-19T19:48:41.701000,110.0,1.8333333333333333,0,17,4,1,20260419,0,0,0,0,0,0,0,0,0,0,0,0
UK062,2026-04-17T12:33:41.701000,2026-04-17T15:35:41.701000,182.0,3.033333333333333,0,12,4,24,20260417,0,0,0,0,0,0,0,0,0,0,0,0
UK063,2026-04-20T16:29:41.701000,2026-04-20T17:41:41.701000,72.0,1.2,0,16,4,17,20260420,0,0,0,0,0,0,0,0,0,0,0,0
UK064,2026-04-17T12:25:41.701000,2026-04-17T14:55:41.701000,150.0,2.5,0,12,4,8,20260417,0,0,0,0,0,0,0,0,0,0,0,0
UK065,2026-04-19T09:38:41.701000,2026-04-19T13:46:41.701000,248.0,4.133333333333334,0,9,4,7,20260419,0,0,0,0,0,0,0,0,0,0,0,0
UK066,2026-04-19T10:29:41.701000,2026-04-19T12:07:41.701000,98.0,1.6333333333333333,0,10,4,7,20260419,0,0,0,0,0,0,0,0,0,0,0,0
UK067,2026-04-20T21:36:41.701000,2026-04-21T01:02:41.701000,206.0,3.433333333333333,1,21,4,7,20260420,0,0,0,0,0,0,0,0,0,0,0,0
UK068,2026-04-20T16:28:41.701000,2026-04-20T18:09:41.701000,101.0,1.6833333333333333,0,16,4,5,20260420,0,0,0,0,0,0,0,0,0,0,0,0
UK069,2026-04-19T01:10:41.701000,2026-04-19T03:23:41.701000,133.0,2.216666666666667,0,1,4,13,20260419,0,0,0,0,0,0,0,0,0,0,0,0
UK070,2026-04-19T04:36:41.701000,2026-04-19T06:49:41.701000,133.0,2.216666666666667,0,4,4,8,20260419,0,0,0,0,0,0,0,0,0,0,0,0
UK071,2026-04-20T10:50:41.701000,2026-04-20T14:06:41.701000,196.0,3.2666666666666666,0,10,4,19,20260420,0,0,0,0,0,0,0,0,0,0,0,0
UK072,2026-04-18T02:55:41.702000,2026-04-18T05:55:42,180.0049666666667,3.000082777777778,0,2,4,6,20260418,0,0,0,0,0,0,0,0,0,0,0,0
UK073,2026-04-20T03:59:41.702000,2026-04-20T08:09:41.702000,250.0,4.166666666666667,0,3,4,2,20260420,0,0,0,0,0,0,0,0,0,0,0,0
UK074,2026-04-20T16:44:41.702000,2026-04-20T18:41:41.702000,117.0,1.95,0,16,4,8,20260420,0,0,0,0,0,0,0,0,0,0,0,0
UK075,2026-04-18T23:15:41.702000,2026-04-19T03:54:41.702000,279.0,4.65,1,23,4,28,20260418,0,0,0,0,0,0,0,0,0,0,0,0
UK076,2026-04-20T08:03:41.702000,2026-04-20T12:26:41.702000,263.0,4.383333333333334,0,8,4,28,20260420,0,0,0,0,0,0,0,0,0,0,0,0
UK077,2026-04-20T16:22:41.702000,2026-04-20T18:00:41.702000,98.0,1.6333333333333333,0,16,0,22,20260420,0,0,0,0,0,1,0,0,0,0,0,0
UK078,2026-04-18T01:03:41.702000,2026-04-18T04:32:41.702000,209.0,3.4833333333333334,0,1,4,9,20260418,0,0,0,0,0,0,0,0,0,0,0,0
UK079,2026-04-20T06:43:41.702000,2026-04-20T10:34:41.702000,231.0,3.85,0,6,4,16,20260420,0,0,0,0,0,0,0,0,0,0,0,0
UK080,2026-04-17T21:09:41.702000,2026-04-17T22:29:41.702000,80.0,1.3333333333333333,0,21,4,5,20260417,0,0,0,0,0,0,0,0,0,0,0,0
UK081,2026-04-18T22:00:41.702000,2026-04-18T23:00:41.702000,60.0,1.0,0,22,0,3,20260418,0,0,0,1,0,0,0,0,0,0,0,0
UK082,2026-04-18T16:50:41.702000,2026-04-18T21:21:41.702000,271.0,4.516666666666667,0,16,4,17,20260418,0,0,0,0,0,0,0,0,0,0,0,0
UK083,2026-04-20T14:10:41.702000,2026-04-20T14:59:41.702000,49.0,0.8166666666666667,0,14,4,19,20260420,0,0,0,0,0,0,0,0,0,0,0,0
UK084,2026-04-19T20:44:41.702000,2026-04-20T00:20:41.702000,216.0,3.6,1,20,4,29,20260419,0,0,0,0,0,0,0,0,0,0,0,0
UK085,2026-04-19T02:15:41.702000,2026-04-19T03:17:41.702000,62.0,1.0333333333333334,0,2,4,29,20260419,0,0,0,0,0,0,0,0,0,0,0,0
UK086,2026-04-17T23:55:41.702000,2026-04-18T02:27:41.702000,152.0,2.533333333333333,1,23,4,11,20260417,0,0,0,0,0,0,0,0,0,0,0,0
UK087,2026-04-20T09:49:41.702000,2026-04-20T13:17:41.702000,208.0,3.466666666666667,0,9,4,25,20260420,0,0,0,0,0,0,0,0,0,0,0,0
UK088,2026-04-18T19:16:41.702000,2026-04-18T23:36:41.702000,260.0,4.333333333333333,0,19,0,26,20260418,0,0,0,1,0,0,0,0,0,0,0,0
UK089,2026-04-20T15:38:41.702000,2026-04-20T19:50:41.702000,252.0,4.2,0,15,4,9,20260420,0,0,0,0,0,0,0,0,0,0,0,0
UK090,2026-04-17T14:44:41.702000,2026-04-17T17:24:41.702000,160.0,2.6666666666666665,0,14,4,25,20260417,0,0,0,0,0,0,0,0,0,0,0,0
UK091,2026-04-17T13:37:41.702000,2026-04-17T17:31:41.702000,234.0,3.9,0,13,4,12,20260417,0,0,0,0,0,0,0,0,0,0,0,0
UK092,2026-04-18T11:42:41.702000,2026-04-18T13:17:41.702000,95.0,1.5833333333333333,0,11,4,26,20260418,0,0,0,0,0,0,0,0,0,0,0,0
UK093,2026-04-20T04:31:41.702000,2026-04-20T05:21:41.702000,50.0,0.8333333333333334,0,4,4,23,20260420,0,0,0,0,0,0,0,0,0,0,0,0
UK094,2026-04-20T23:26:41.702000,2026-04-21T01:11:41.702000,105.0,1.75,1,23,4,7,20260420,0,0,0,0,0,0,0,0,0,0,0,0
UK095,2026-04-19T05:22:41.702000,2026-04-19T07:36:41.702000,134.0,2.2333333333333334,0,5,4,10,20260419,0,0,0,0,0,0,0,0,0,0,0,0
UK096,2026-04-18T22:11:41.702000,2026-04-19T00:06:41.702000,115.0,1.9166666666666667,1,22,4,4,20260418,0,0,0,0,0,0,0,0,0,0,0,0
UK097,2026-04-19T00:49:41.702000,2026-04-19T05:00:41.702000,251.0,4.183333333333334,0,0,4,22,20260419,0,0,0,0,0,0,0,0,0,0,0,0
UK098,2026-04-18T13:38:41.702000,2026-04-18T17:54:41.702000,256.0,4.266666666666667,0,13,4,13,20260418,0,0,0,0,0,0,0,0,0,0,0,0
UK099,2026-04-19T06:16:41.702000,2026-04-19T10:24:41.702000,248.0,4.133333333333334,0,6,4,10,20260419,0,0,0,0,0,0,0,0,0,0,0,0
UK100,2026-04-20T04:40:41.702000,2026-04-20T07:12:41.702000,152.0,2.533333333333333,0,4,4,11,20260420,0,0,0,0,0,0,0,0,0,0,0,0
UK101,2026-04-17T15:00:41.702000,2026-04-17T17:43:41.702000,163.0,2.716666666666667,0,15,4,19,20260417,0,0,0,0,0,0,0,0,0,0,0,0
UK102,2026-04-19T11:58:41.702000,2026-04-19T14:01:41.702000,123.0,2.05,0,11,4,23,20260419,0,0,0,0,0,0,0,0,0,0,0,0
UK103,2026-04-17T21:52:41.702000,2026-04-18T01:06:41.702000,194.0,3.2333333333333334,1,21,4,29,20260417,0,0,0,0,0,0,0,0,0,0,0,0
UK104,2026-04-20T12:30:41.702000,2026-04-20T13:52:41.702000,82.0,1.3666666666666667,0,12,4,17,20260420,0,0,0,0,0,0,0,0,0,0,0,0
UK105,2026-04-19T17:04:41.702000,2026-04-19T18:11:41.702000,67.0,1.1166666666666667,0,17,4,14,20260419,0,0,0,0,0,0,0,0,0,0,0,0
UK106,2026-04-17T15:12:41.702000,2026-04-17T17:23:41.702000,131.0,2.183333333333333,0,15,4,7,20260417,0,0,0,0,0,0,0,0,0,0,0,0
UK107,2026-04-17T13:09:41.702000,2026-04-17T14:25:41.702000,76.0,1.2666666666666666,0,13,4,22,20260417,0,0,0,0,0,0,0,0,0,0,0,0
UK108,2026-04-18T00:28:41.702000,2026-04-18T03:46:41.702000,198.0,3.3,0,0,4,16,20260418,0,0,0,0,0,0,0,0,0,0,0,0
UK109,2026-04-20T16:06:41.702000,2026-04-20T17:06:42,60.00496666666666,1.0000827777777777,0,16,4,1,20260420,0,0,0,0,0,0,0,0,0,0,0,0
UK110,2026-04-19T15:26:41.702000,2026-04-19T20:13:41.702000,287.0,4.783333333333333,0,15,4,24,20260419,0,0,0,0,0,0,0,0,0,0,0,0
UK111,2026-04-19T11:06:41.702000,2026-04-19T12:20:41.702000,74.0,1.2333333333333334,0,11,4,26,20260419,0,0,0,0,0,0,0,0,0,0,0,0
UK112,2026-04-18T17:05:41.702000,2026-04-18T19:47:41.702000,162.0,2.7,0,17,0,13,20260418,0,0,0,0,0,1,0,0,0,0,0,0
UK113,2026-04-19T18:34:41.702000,2026-04-19T22:58:41.702000,264.0,4.4,0,18,4,13,20260419,0,0,0,0,0,0,0,0,0,0,0,0
UK114,2026-04-17T22:10:41.702000,2026-04-17T23:58:41.702000,108.0,1.8,0,22,4,23,20260417,0,0,0,0,0,0,0,0,0,0,0,0
UK115,2026-04-19T11:20:41.702000,2026-04-19T13:20:42,120.00496666666666,2.0000827777777777,0,11,4,1,20260419,0,0,0,0,0,0,0,0,0,0,0,0
UK116,2026-04-20T03:18:41.702000,2026-04-20T07:06:41.702000,228.0,3.8,0,3,4,12,20260420,0,0,0,0,0,0,0,0,0,0,0,0
UK117,2026-04-18T13:17:41.702000,2026-04-18T16:54:41.702000,217.0,3.6166666666666667,0,13,4,1,20260418,0,0,0,0,0,0,0,0,0,0,0,0
UK118,2026-04-19T06:22:41.702000,2026-04-19T07:22:42,60.00496666666666,1.0000827777777777,0,6,4,21,20260419,0,0,0,0,0,0,0,0,0,0,0,0
UK119,2026-04-19T00:21:41.702000,2026-04-19T04:38:41.702000,257.0,4.283333333333333,0,0,4,7,20260419,0,0,0,0,0,0,0,0,0,0,0,0
UK120,2026-04-20T09:19:41.702000,2026-04-20T13:30:41.702000,251.0,4.183333333333334,0,9,4,24,20260420,0,0,0,0,0,0,0,0,0,0,0,0
UK121,2026-04-18T08:36:41.702000,2026-04-18T12:36:41.702000,240.0,4.0,0,8,4,1,20260418,0,0,0,0,0,0,0,0,0,0,0,0
UK122,2026-04-18T20:29:42,2026-04-18T23:29:42,180.0,3.0,0,20,4,23,20260418,0,0,0,0,0,0,0,0,0,0,0,0
UK123,2026-04-19T17:24:41.702000,2026-04-19T20:18:41.702000,174.0,2.9,0,17,4,8,20260419,0,0,0,0,0,0,0,0,0,0,0,0
UK124,2026-04-17T14:35:41.702000,2026-04-17T17:09:41.702000,154.0,2.566666666666667,0,14,4,26,20260417,0,0,0,0,0,0,0,0,0,0,0,0
UK125,2026-04-18T06:58:41.702000,2026-04-18T11:44:41.702000,286.0,4.766666666666667,0,6,4,22,20260418,0,0,0,0,0,0,0,0,0,0,0,0
UK126,2026-04-18T22:37:41.702000,2026-04-19T00:03:41.702000,86.0,1.4333333333333333,1,22,4,13,20260418,0,0,0,0,0,0,0,0,0,0,0,0
UK127,2026-04-18T15:56:41.702000,2026-04-18T20:00:41.702000,244.0,4.066666666666666,0,15,4,9,20260418,0,0,0,0,0,0,0,0,0,0,0,0
UK128,2026-04-18T11:22:41.702000,2026-04-18T14:11:41.702000,169.0,2.816666666666667,0,11,4,7,20260418,0,0,0,0,0,0,0,0,0,0,0,0
UK129,2026-04-18T06:29:41.702000,2026-04-18T07:29:42,60.00496666666666,1.0000827777777777,0,6,4,25,20260418,0,0,0,0,0,0,0,0,0,0,0,0
UK130,2026-04-19T15:36:41.702000,2026-04-19T19:43:41.702000,247.0,4.116666666666666,0,15,4,26,20260419,0,0,0,0,0,0,0,0,0,0,0,0
UK131,2026-04-20T15:33:41.702000,2026-04-20T19:39:41.702000,246.0,4.1,0,15,4,8,20260420,0,0,0,0,0,0,0,0,0,0,0,0
UK132,2026-04-17T14:12:41.702000,2026-04-17T16:19:41.702000,127.0,2.1166666666666667,0,14,4,8,20260417,0,0,0,0,0,0,0,0,0,0,0,0
UK133,2026-04-20T10:04:41.702000,2026-04-20T13:16:41.702000,192.0,3.2,0,10,4,8,20260420,0,0,0,0,0,0,0,0,0,0,0,0
UK134,2026-04-20T13:44:41.702000,2026-04-20T17:26:41.702000,222.0,3.7,0,13,4,23,20260420,0,0,0,0,0,0,0,0,0,0,0,0
UK135,2026-04-19T23:50:41.702000,2026-04-20T01:43:41.702000,113.0,1.8833333333333333,1,23,4,24,20260419,0,0,0,0,0,0,0,0,0,0,0,0
UK136,2026-04-19T11:43:41.703000,2026-04-19T15:26:41.703000,223.0,3.716666666666667,0,11,4,23,20260419,0,0,0,0,0,0,0,0,0,0,0,0
UK137,2026-04-18T07:04:41.703000,2026-04-18T09:14:41.703000,130.0,2.1666666666666665,0,7,4,10,20260418,0,0,0,0,0,0,0,0,0,0,0,0
UK138,2026-04-18T16:47:41.703000,2026-04-18T19:36:41.703000,169.0,2.816666666666667,0,16,4,16,20260418,0,0,0,0,0,0,0,0,0,0,0,0
UK139,2026-04-18T10:54:41.703000,2026-04-18T14:31:41.703000,217.0,3.6166666666666667,0,10,0,5,20260418,0,0,0,1,0,0,0,0,0,0,0,0
UK140,2026-04-20T19:37:41.703000,2026-04-20T21:00:41.703000,83.0,1.3833333333333333,0,19,4,26,20260420,0,0,0,0,0,0,0,0,0,0,0,0
UK141,2026-04-20T13:38:41.703000,2026-04-20T15:59:41.703000,141.0,2.35,0,13,0,25,20260420,0,0,0,1,0,0,0,0,0,0,0,0
UK142,2026-04-19T03:03:41.703000,2026-04-19T07:13:41.703000,250.0,4.166666666666667,0,3,4,3,20260419,0,0,0,0,0,0,0,0,0,0,0,0
UK143,2026-04-19T01:34:41.703000,2026-04-19T02:48:41.703000,74.0,1.2333333333333334,0,1,4,1,20260419,0,0,0,0,0,0,0,0,0,0,0,0
UK144,2026-04-17T18:07:41.703000,2026-04-17T20:59:41.703000,172.0,2.8666666666666667,0,18,4,7,20260417,0,0,0,0,0,0,0,0,0,0,0,0
UK145,2026-04-20T18:30:41.703000,2026-04-20T20:41:41.703000,131.0,2.183333333333333,0,18,4,9,20260420,0,0,0,0,0,0,0,0,0,0,0,0
UK146,2026-04-19T21:40:41.703000,2026-04-20T00:08:41.703000,148.0,2.466666666666667,1,21,4,10,20260419,0,0,0,0,0,0,0,0,0,0,0,0
UK147,2026-04-17T23:35:41.703000,2026-04-18T02:55:41.703000,200.0,3.3333333333333335,1,23,4,13,20260417,0,0,0,0,0,0,0,0,0,0,0,0
UK148,2026-04-17T16:31:41.703000,2026-04-17T18:43:41.703000,132.0,2.2,0,16,4,22,20260417,0,0,0,0,0,0,0,0,0,0,0,0
UK149,2026-04-19T18:22:41.703000,2026-04-19T23:08:41.703000,286.0,4.766666666666667,0,18,4,29,20260419,0,0,0,0,0,0,0,0,0,0,0,0
UK150,2026-04-20T18:31:41.703000,2026-04-20T19:01:41.703000,30.0,0.5,0,18,4,18,20260420,0,0,0,0,0,0,0,0,0,0,0,0
UK151,2026-04-18T10:11:41.703000,2026-04-18T13:30:41.703000,199.0,3.316666666666667,0,10,0,7,20260418,0,0,0,1,0,0,0,0,0,0,0,0
UK152,2026-04-20T17:24:41.703000,2026-04-20T20:13:41.703000,169.0,2.816666666666667,0,17,4,7,20260420,0,0,0,0,0,0,0,0,0,0,0,0
UK153,2026-04-20T16:52:41.703000,2026-04-20T20:53:41.703000,241.0,4.016666666666667,0,16,4,14,20260420,0,0,0,0,0,0,0,0,0,0,0,0
UK154,2026-04-20T04:00:41.703000,2026-04-20T07:57:41.703000,237.0,3.95,0,4,4,30,20260420,0,0,0,0,0,0,0,0,0,0,0,0
UK155,2026-04-19T14:34:41.703000,2026-04-19T18:37:41.703000,243.0,4.05,0,14,4,30,20260419,0,0,0,0,0,0,0,0,0,0,0,0
UK156,2026-04-20T11:50:41.703000,2026-04-20T15:54:41.703000,244.0,4.066666666666666,0,11,4,26,20260420,0,0,0,0,0,0,0,0,0,0,0,0
UK157,2026-04-19T02:41:41.703000,2026-04-19T03:41:42,60.00495,1.0000825,0,2,4,12,20260419,0,0,0,0,0,0,0,0,0,0,0,0
UK158,2026-04-19T20:49:41.703000,2026-04-19T21:22:41.703000,33.0,0.55,0,20,4,10,20260419,0,0,0,0,0,0,0,0,0,0,0,0
UK159,2026-04-19T20:45:41.703000,2026-04-19T23:32:41.703000,167.0,2.783333333333333,0,20,4,11,20260419,0,0,0,0,0,0,0,0,0,0,0,0
UK160,2026-04-18T06:42:41.703000,2026-04-18T10:58:41.703000,256.0,4.266666666666667,0,6,4,1,20260418,0,0,0,0,0,0,0,0,0,0,0,0
UK161,2026-04-18T10:05:41.703000,2026-04-18T12:48:41.703000,163.0,2.716666666666667,0,10,4,1,20260418,0,0,0,0,0,0,0,0,0,0,0,0
UK162,2026-04-17T22:47:41.703000,2026-04-18T00:21:41.703000,94.0,1.5666666666666667,1,22,4,7,20260417,0,0,0,0,0,0,0,0,0,0,0,0
UK163,2026-04-19T07:22:41.703000,2026-04-19T09:04:41.703000,102.0,1.7,0,7,4,19,20260419,0,0,0,0,0,0,0,0,0,0,0,0
UK164,2026-04-19T16:46:41.703000,2026-04-19T21:10:41.703000,264.0,4.4,0,16,4,9,20260419,0,0,0,0,0,0,0,0,0,0,0,0
UK165,2026-04-20T01:51:41.703000,2026-04-20T06:04:41.703000,253.0,4.216666666666667,0,1,4,16,20260420,0,0,0,0,0,0,0,0,0,0,0,0
UK166,2026-04-20T12:39:41.703000,2026-04-20T17:32:41.703000,293.0,4.883333333333334,0,12,4,25,20260420,0,0,0,0,0,0,0,0,0,0,0,0
UK167,2026-04-20T22:45:41.703000,2026-04-21T01:46:41.703000,181.0,3.0166666666666666,1,22,4,20,20260420,0,0,0,0,0,0,0,0,0,0,0,0
UK168,2026-04-19T03:20:41.703000,2026-04-19T04:09:41.703000,49.0,0.8166666666666667,0,3,4,2,20260419,0,0,0,0,0,0,0,0,0,0,0,0
UK169,2026-04-17T18:12:41.703000,2026-04-17T23:01:41.703000,289.0,4.816666666666666,0,18,4,24,20260417,0,0,0,0,0,0,0,0,0,0,0,0
UK170,2026-04-20T09:42:41.703000,2026-04-20T11:32:41.703000,110.0,1.8333333333333333,0,9,4,6,20260420,0,0,0,0,0,0,0,0,0,0,0,0
UK171,2026-04-17T19:59:41.703000,2026-04-17T22:53:41.703000,174.0,2.9,0,19,4,23,20260417,0,0,0,0,0,0,0,0,0,0,0,0
UK172,2026-04-19T02:20:41.703000,2026-04-19T05:21:41.703000,181.0,3.0166666666666666,0,2,4,17,20260419,0,0,0,0,0,0,0,0,0,0,0,0
UK173,2026-04-20T17:06:41.703000,2026-04-20T21:22:41.703000,256.0,4.266666666666667,0,17,4,26,20260420,0,0,0,0,0,0,0,0,0,0,0,0
UK174,2026-04-19T05:27:41.703000,2026-04-19T07:47:41.703000,140.0,2.3333333333333335,0,5,4,13,20260419,0,0,0,0,0,0,0,0,0,0,0,0
UK175,2026-04-19T23:56:41.703000,2026-04-20T03:18:41.703000,202.0,3.3666666666666667,1,23,4,1,20260419,0,0,0,0,0,0,0,0,0,0,0,0
UK176,2026-04-20T18:41:41.703000,2026-04-20T22:49:41.703000,248.0,4.133333333333334,0,18,4,21,20260420,0,0,0,0,0,0,0,0,0,0,0,0
UK177,2026-04-20T06:21:41.703000,2026-04-20T10:50:41.703000,269.0,4.483333333333333,0,6,4,19,20260420,0,0,0,0,0,0,0,0,0,0,0,0
UK178,2026-04-17T23:41:41.703000,2026-04-18T04:09:41.703000,268.0,4.466666666666667,1,23,4,16,20260417,0,0,0,0,0,0,0,0,0,0,0,0
UK179,2026-04-19T14:25:41.703000,2026-04-19T19:15:41.703000,290.0,4.833333333333333,0,14,4,19,20260419,0,0,0,0,0,0,0,0,0,0,0,0
UK180,2026-04-17T21:18:41.703000,2026-04-17T23:29:41.703000,131.0,2.183333333333333,0,21,4,15,20260417,0,0,0,0,0,0,0,0,0,0,0,0
UK181,2026-04-20T16:44:41.703000,2026-04-20T19:26:41.703000,162.0,2.7,0,16,4,29,20260420,0,0,0,0,0,0,0,0,0,0,0,0
UK182,2026-04-18T14:19:41.703000,2026-04-18T18:25:41.703000,246.0,4.1,0,14,4,23,20260418,0,0,0,0,0,0,0,0,0,0,0,0
UK183,2026-04-19T17:07:41.703000,2026-04-19T18:30:41.703000,83.0,1.3833333333333333,0,17,4,2,20260419,0,0,0,0,0,0,0,0,0,0,0,0
UK184,2026-04-19T10:49:41.703000,2026-04-19T13:00:41.703000,131.0,2.183333333333333,0,10,4,30,20260419,0,0,0,0,0,0,0,0,0,0,0,0
UK185,2026-04-20T07:31:41.703000,2026-04-20T08:48:41.703000,77.0,1.2833333333333334,0,7,4,20,20260420,0,0,0,0,0,0,0,0,0,0,0,0
UK186,2026-04-17T23:05:41.703000,2026-04-18T02:22:41.703000,197.0,3.283333333333333,1,23,4,6,20260417,0,0,0,0,0,0,0,0,0,0,0,0
UK187,2026-04-20T16:52:41.703000,2026-04-20T18:42:41.703000,110.0,1.8333333333333333,0,16,4,1,20260420,0,0,0,0,0,0,0,0,0,0,0,0
UK188,2026-04-20T02:55:41.703000,2026-04-20T03:44:41.703000,49.0,0.8166666666666667,0,2,4,26,20260420,0,0,0,0,0,0,0,0,0,0,0,0
UK189,2026-04-20T15:07:41.703000,2026-04-20T18:51:41.703000,224.0,3.7333333333333334,0,15,4,5,20260420,0,0,0,0,0,0,0,0,0,0,0,0
UK190,2026-04-19T15:49:41.703000,2026-04-19T18:53:41.703000,184.0,3.066666666666667,0,15,4,16,20260419,0,0,0,0,0,0,0,0,0,0,0,0
UK191,2026-04-18T21:51:41.703000,2026-04-18T22:57:41.703000,66.0,1.1,0,21,4,26,20260418,0,0,0,0,0,0,0,0,0,0,0,0
UK192,2026-04-18T12:54:41.703000,2026-04-18T13:54:42,60.00495,1.0000825,0,12,4,24,20260418,0,0,0,0,0,0,0,0,0,0,0,0
UK193,2026-04-20T08:39:41.703000,2026-04-20T09:14:41.703000,35.0,0.5833333333333334,0,8,4,24,20260420,0,0,0,0,0,0,0,0,0,0,0,0
UK194,2026-04-20T08:26:41.703000,2026-04-20T09:26:42,60.00495,1.0000825,0,8,4,12,20260420,0,0,0,0,0,0,0,0,0,0,0,0
UK195,2026-04-17T13:35:41.703000,2026-04-17T16:35:41.703000,180.0,3.0,0,13,4,22,20260417,0,0,0,0,0,0,0,0,0,0,0,0
UK196,2026-04-19T00:32:41.703000,2026-04-19T04:49:41.703000,257.0,4.283333333333333,0,0,4,9,20260419,0,0,0,0,0,0,0,0,0,0,0,0
UK197,2026-04-18T09:22:41.703000,2026-04-18T10:54:41.703000,92.0,1.5333333333333334,0,9,4,4,20260418,0,0,0,0,0,0,0,0,0,0,0,0
UK198,2026-04-18T16:43:41.703000,2026-04-18T18:18:41.703000,95.0,1.5833333333333333,0,16,4,16,20260418,0,0,0,0,0,0,0,0,0,0,0,0
UK199,2026-04-17T15:24:41.703000,2026-04-17T18:55:41.703000,211.0,3.5166666666666666,0,15,4,7,20260417,0,0,0,0,0,0,0,0,0,0,0,0
UK200,2026-04-20T20:54:41.703000,2026-04-20T22:45:41.703000,111.0,1.85,0,20,4,13,20260420,0,0,0,0,0,0,0,0,0,0,0,0
UK201,2026-04-19T04:29:41.703000,2026-04-19T06:42:41.703000,133.0,2.216666666666667,0,4,4,22,20260419,0,0,0,0,0,0,0,0,0,0,0,0
UK202,2026-04-19T01:11:41.703000,2026-04-19T05:37:41.703000,266.0,4.433333333333334,0,1,4,19,20260419,0,0,0,0,0,0,0,0,0,0,0,0
UK203,2026-04-20T04:12:41.703000,2026-04-20T05:24:41.703000,72.0,1.2,0,4,4,4,20260420,0,0,0,0,0,0,0,0,0,0,0,0
UK204,2026-04-19T14:46:41.703000,2026-04-19T16:24:41.703000,98.0,1.6333333333333333,0,14,4,3,20260419,0,0,0,0,0,0,0,0,0,0,0,0
UK205,2026-04-17T18:57:41.703000,2026-04-17T21:46:41.703000,169.0,2.816666666666667,0,18,4,25,20260417,0,0,0,0,0,0,0,0,0,0,0,0
UK206,2026-04-20T06:01:41.703000,2026-04-20T10:34:41.703000,273.0,4.55,0,6,4,26,20260420,0,0,0,0,0,0,0,0,0,0,0,0
UK207,2026-04-20T16:21:41.703000,2026-04-20T17:36:41.703000,75.0,1.25,0,16,4,28,20260420,0,0,0,0,0,0,0,0,0,0,0,0
UK208,2026-04-20T03:54:41.704000,2026-04-20T08:51:41.704000,297.0,4.95,0,3,4,18,20260420,0,0,0,0,0,0,0,0,0,0,0,0
UK209,2026-04-20T19:02:41.704000,2026-04-20T21:47:41.704000,165.0,2.75,0,19,0,26,20260420,0,0,0,1,0,0,0,0,0,0,0,0
UK210,2026-04-20T06:35:41.704000,2026-04-20T07:30:41.704000,55.0,0.9166666666666666,0,6,4,18,20260420,0,0,0,0,0,0,0,0,0,0,0,0
UK211,2026-04-18T20:39:41.704000,2026-04-18T22:02:41.704000,83.0,1.3833333333333333,0,20,4,28,20260418,0,0,0,0,0,0,0,0,0,0,0,0
UK212,2026-04-20T10:46:41.704000,2026-04-20T11:31:41.704000,45.0,0.75,0,10,4,25,20260420,0,0,0,0,0,0,0,0,0,0,0,0
UK213,2026-04-17T23:21:41.704000,2026-04-18T01:01:41.704000,100.0,1.6666666666666667,1,23,4,7,20260417,0,0,0,0,0,0,0,0,0,0,0,0
UK214,2026-04-18T05:30:41.704000,2026-04-18T09:10:41.704000,220.0,3.6666666666666665,0,5,4,24,20260418,0,0,0,0,0,0,0,0,0,0,0,0
UK215,2026-04-20T17:38:41.704000,2026-04-20T19:50:41.704000,132.0,2.2,0,17,4,8,20260420,0,0,0,0,0,0,0,0,0,0,0,0
UK216,2026-04-20T18:33:41.704000,2026-04-20T21:47:41.704000,194.0,3.2333333333333334,0,18,4,30,20260420,0,0,0,0,0,0,0,0,0,0,0,0
UK217,2026-04-17T21:19:41.704000,2026-04-17T22:14:41.704000,55.0,0.9166666666666666,0,21,4,28,20260417,0,0,0,0,0,0,0,0,0,0,0,0
UK218,2026-04-19T03:12:41.704000,2026-04-19T07:22:41.704000,250.0,4.166666666666667,0,3,4,26,20260419,0,0,0,0,0,0,0,0,0,0,0,0
UK219,2026-04-19T22:03:41.704000,2026-04-20T02:21:41.704000,258.0,4.3,1,22,4,9,20260419,0,0,0,0,0,0,0,0,0,0,0,0
UK220,2026-04-19T09:51:41.704000,2026-04-19T13:25:41.704000,214.0,3.566666666666667,0,9,4,1,20260419,0,0,0,0,0,0,0,0,0,0,0,0
UK221,2026-04-19T14:18:41.704000,2026-04-19T18:44:41.704000,266.0,4.433333333333334,0,14,4,13,20260419,0,0,0,0,0,0,0,0,0,0,0,0
UK222,2026-04-20T01:22:41.704000,2026-04-20T02:57:41.704000,95.0,1.5833333333333333,0,1,4,7,20260420,0,0,0,0,0,0,0,0,0,0,0,0
UK223,2026-04-19T21:58:41.704000,2026-04-19T22:30:41.704000,32.0,0.5333333333333333,0,21,4,13,20260419,0,0,0,0,0,0,0,0,0,0,0,0
UK224,2026-04-20T16:25:41.704000,2026-04-20T20:24:41.704000,239.0,3.9833333333333334,0,16,0,15,20260420,0,0,0,1,0,0,0,0,0,0,0,0
UK225,2026-04-19T12:46:41.704000,2026-04-19T15:02:41.704000,136.0,2.2666666666666666,0,12,4,26,20260419,0,0,0,0,0,0,0,0,0,0,0,0
UK226,2026-04-18T03:58:41.704000,2026-04-18T05:01:41.704000,63.0,1.05,0,3,4,30,20260418,0,0,0,0,0,0,0,0,0,0,0,0
UK227,2026-04-19T21:57:41.704000,2026-04-20T01:47:41.704000,230.0,3.8333333333333335,1,21,4,9,20260419,0,0,0,0,0,0,0,0,0,0,0,0
UK228,2026-04-20T11:58:41.704000,2026-04-20T15:08:41.704000,190.0,3.1666666666666665,0,11,4,20,20260420,0,0,0,0,0,0,0,0,0,0,0,0
UK229,2026-04-20T07:40:41.704000,2026-04-20T11:57:41.704000,257.0,4.283333333333333,0,7,0,24,20260420,0,0,0,0,0,1,0,0,0,0,0,0
UK230,2026-04-17T20:02:41.704000,2026-04-17T21:35:41.704000,93.0,1.55,0,20,4,1,20260417,0,0,0,0,0,0,0,0,0,0,0,0
